모델 변수명,원 컬럼,Master ID,동인,변수명(데이터사전),주기,값의 단위,출처,공표 시차(2차 시트),전처리 방법,전처리 사유,모델 사용,제외 사유,평균,표준편차,최소,최대,결측률,ADF p값(지역 중앙값),ADF 10% 기각 지역 비율
월세_직전6개월변화율,Y_V001_월세통합가격지수(구지수연결),V001,⑤ 시장과열·단기 트리거,아파트 월세통합가격지수,월,지역별,R-ONE A_2024_00054,목표값은 밀지 않음. 모델에서 R(t-1)까지만 사용,직전 6개월 변화율(%) = 100 x (R(t-1)/R(t-7) - 1),가격 모멘텀. 목표와 같은 정의를 한 기간 앞당긴 값,사용(기준모형),,0.215,1.664,-10.09,15.31,0.0,0.214,0.29
매매가격지수_6개월변화,V002_아파트_매매가격지수,V002,③ 금융여건·상대가격,아파트 매매가격지수,월,지역별,R-ONE A_2024_00045,t월 행 = t-1월 값 (1개월 밀림),6개월 로그변화(%),추세가 있는 가격지수. 예측 기간과 같은 6개월 변화율,사용,,0.127,3.908,-20.373,24.779,0.0,0.058,0.59
전세가격지수_6개월변화,V026_아파트_전세가격지수,V026,③ 금융여건·상대가격,아파트 전세가격지수,월,지역별,R-ONE A_2024_00050,t월 행 = t-1월 값 (1개월 밀림),6개월 로그변화(%),추세가 있는 가격지수. 예측 기간과 같은 6개월 변화율,사용,,0.025,4.426,-21.388,38.99,0.0,0.069,0.88
전세가율_수준,V003_아파트_전세가율_%,V003,③ 금융여건·상대가격,아파트 전세가율,월,지역별,R-ONE A_2024_00072,t월 행 = t-1월 값 (1개월 밀림),수준 그대로,비율. 차분하면 전세·매매지수 변화율의 차와 사실상 같아져 정보가 겹치므로 수준으로 둔다,사용,,71.894,7.927,45.9,82.7,0.0,0.484,0.12
전월세전환율_6개월차,V004_아파트_전월세전환율_%,V004,③ 금융여건·상대가격,아파트 전월세전환율,월,지역별,R-ONE A_2024_00156,t월 행 = t-2월 값 (2개월 밀림),6개월 차(%p),금리 성격의 비율. 수준은 금리 국면을 따라 움직여 차분,사용,,-0.006,0.287,-1.949,1.301,0.0,0.131,0.47
월세수급동향_수준,V005_아파트_월세수급동향_지수,V005,④ 임대시장 수급·전환 구조,아파트 월세 수급동향,월,지역별,R-ONE A_2024_00078,t월 행 = t-1월 값 (1개월 밀림),수준 그대로,0~200 확산지수(100 기준). 범위가 정해져 있어 수준,사용,,94.973,11.743,48.482,145.312,0.0,0.294,0.18
매매수급동향_수준,V031_아파트_매매수급동향_지수,V031,③ 금융여건·상대가격,아파트 매매수급동향지수,월,지역별,R-ONE A_2024_00076,t월 행 = t-1월 값 (1개월 밀림),수준 그대로,0~200 확산지수(100 기준). 범위가 정해져 있어 수준,사용,,92.398,14.239,44.409,133.436,0.0,0.171,0.47
전세수급동향_수준,V032_아파트_전세수급동향_지수,V032,④ 임대시장 수급·전환 구조,아파트 전세수급동향지수,월,지역별,R-ONE A_2024_00077,t월 행 = t-1월 값 (1개월 밀림),수준 그대로,0~200 확산지수(100 기준). 범위가 정해져 있어 수준,사용,,95.134,13.962,47.204,165.625,0.0,0.099,0.53
주택시장소비심리_수준,V037_주택시장_소비심리지수,V037,⑤ 시장과열·단기 트리거,주택시장 소비심리지수,월,지역별,R-ONE T232543129897499,t월 행 = t-1월 값 (1개월 밀림),수준 그대로,0~200 심리지수. 범위가 정해져 있어 수준,사용,,106.271,14.068,63.5,153.7,0.0294,0.176,0.35
인구_12개월변화,V009_주민등록인구_명,V009,① 임차수요 압력,주민등록 인구,월,지역별,KOSIS 101/DT_1B040A3,t월 행 = t-1월 값 (1개월 밀림),12개월 로그변화(%),저량. 지역 규모 차이를 없애기 위해 증가율,사용,,0.104,2.14,-1.853,20.297,0.0,0.23,0.35
세대수_12개월변화,V010_주민등록세대수_세대,V010,① 임차수요 압력,주민등록 세대수,월,지역별,KOSIS 101/DT_1B040B3,t월 행 = t-1월 값 (1개월 밀림),12개월 로그변화(%),저량. 지역 규모 차이를 없애기 위해 증가율,사용,,1.737,2.013,-0.428,19.148,0.0,0.674,0.0
청년비중_12개월차,V011_주민등록인구_20-39세비중_%,V011,① 임차수요 압력,20–29세·30–39세 인구,월,지역별,KOSIS 101/DT_1B04006,t월 행 = t-1월 값 (1개월 밀림),12개월 차(%p),전 지역에서 하락 추세인 비율이라 차분,사용,,-0.423,0.205,-1.044,0.525,0.0,0.432,0.0
순이동_천명당12개월,V012_인구이동_순이동자수_명,V012,① 임차수요 압력,순이동자수,월,지역별,KOSIS 101/DT_1B26001_A01,t월 행 = t-1월 값 (1개월 밀림),12개월 누적 ÷ 인구 x 1000 (천명당),"월 흐름. 계절성이 커 12개월 누적, 인구로 나눠 규모 보정",제외,인구_12개월변화 와 상관 0.994,1.885,18.377,-14.539,174.192,0.0,0.582,0.06
고용률_12개월차,V013_경제활동인구조사_고용률_%,V013,① 임차수요 압력,고용률·취업자,월,지역별,KOSIS 101/DT_1DA7004S,t월 행 = t-1월 값 (1개월 밀림),12개월 차(%p),비계절조정 비율. 전년동월 대비로 계절성 제거,사용,,0.268,1.15,-4.6,4.5,0.0091,0.112,0.41
인허가_천세대당12개월,V021_주택건설_아파트인허가_호,V021,② 주택공급·재고 여건,아파트 인허가 호수,월,지역별,KOSIS 116/DT_MLTM_1948,t월 행 = t-1월 값 (1개월 밀림),12개월 누적 ÷ 세대수 x 1000 (천세대당),"월 흐름. 0·음수(정정)가 있어 로그 대신 누적, 세대수로 규모 보정",사용,,19.265,12.968,0.0,148.845,0.0,0.319,0.29
착공_천세대당12개월,V022_주택건설_아파트착공_호,V022,② 주택공급·재고 여건,아파트 착공 호수,월,지역별,KOSIS 116/DT_MLTM_5387,t월 행 = t-1월 값 (1개월 밀림),12개월 누적 ÷ 세대수 x 1000 (천세대당),"월 흐름. 0·음수(정정)가 있어 로그 대신 누적, 세대수로 규모 보정",사용,,16.495,14.683,0.0,170.866,0.0,0.372,0.29
준공_천세대당12개월,V023_주택건설_아파트준공_호,V023,② 주택공급·재고 여건,아파트 준공 호수,월,지역별,KOSIS 116/DT_MLTM_5373,t월 행 = t-1월 값 (1개월 밀림),12개월 누적 ÷ 세대수 x 1000 (천세대당),"월 흐름. 0이 있어 로그 대신 누적, 세대수로 규모 보정",사용,,17.816,17.612,1.625,179.6,0.0,0.395,0.06
매매거래량_3개월합전년비,V036_부동산원_아파트매매거래현황_동호수_호,V036,③ 금융여건·상대가격,"행정구역별 아파트 매매거래현황(동·호수, 면적)",월,지역별,R-ONE A_2024_00554,t월 행 = t-1월 값 (1개월 밀림),3개월 합의 전년동기 대비 로그변화(%),월 흐름. 3개월 합으로 잡음을 줄이고 전년동기 대비로 계절성 제거,사용,,-1.008,47.536,-192.562,178.739,0.0,0.09,0.59
전체거래량_3개월합전년비,V035_부동산원_아파트거래현황(매매·증여등전체)_동호수_호,V035,④ 임대시장 수급·전환 구조,"행정구역별 아파트 거래현황(동·호수, 면적)",월,지역별,R-ONE A_2024_00549,t월 행 = t-1월 값 (1개월 밀림),3개월 합의 전년동기 대비 로그변화(%),월 흐름. 3개월 합으로 잡음을 줄이고 전년동기 대비로 계절성 제거,사용,,-3.454,40.342,-186.155,146.85,0.0,0.101,0.47
미분양_천세대당,V038_미분양주택_호,V038,② 주택공급·재고 여건,미분양주택현황,월,지역별,R-ONE T237973129847263,t월 행 = t-1월 값 (1개월 밀림),÷ 세대수 x 1000 (천세대당),재고. 0이 있어 로그 대신 세대수 대비 비율,사용,,2.925,2.718,0.0,13.044,0.0015,0.491,0.18
지역주택대출_12개월변화,V050_지역별주택관련대출(예금은행)_십억원,V050,③ 금융여건·상대가격,지역별 주택관련대출(예금은행),월,지역별,ECOS 151Y003/11110A0,t월 행 = t-2월 값 (2개월 밀림),12개월 로그변화(%),추세가 있는 잔액. 전년동월 대비 증가율,사용,,6.739,5.533,-6.566,46.9,0.0,0.195,0.24
주택보급률_수준,V072_국토부_주택보급률(시도·다가구구분거처반영)_%,V072,② 주택공급·재고 여건,서울시 및 구별 가구 및 주택 수,연,지역별,KOSIS 116/DT_MLTM_2100,"연도 종료 후 12개월째 달부터 그 연도 값 사용, 다음 공표 전까지 유지 (계단식)",수준 그대로,연 1회 공표되는 구조적 비율. 수준,사용,,106.192,5.605,93.6,123.1,0.002,,
1인당GRDP전국대비_수준,V015_1인당GRDP_전국대비(전국=1),V015,① 임차수요 압력,1인당 GRDP,연,지역별,KOSIS 101/DT_1C96,"연도 종료 후 12개월째 달부터 그 연도 값 사용, 다음 공표 전까지 유지 (계단식)",수준 그대로,연 1회 공표. 이미 전국 대비 비율이라 수준,사용,,0.997,0.286,0.634,2.084,0.0,,
1인당처분가능소득전국대비_수준,V017_1인당가계총처분가능소득_전국대비(전국=1),V017,① 임차수요 압력,1인당 가계총처분가능소득,연,지역별,KOSIS 101/DT_1C96,"연도 종료 후 12개월째 달부터 그 연도 값 사용, 다음 공표 전까지 유지 (계단식)",수준 그대로,연 1회 공표. 이미 전국 대비 비율이라 수준,사용,,0.973,0.083,0.874,1.357,0.0,,
전세자금대출금리_6개월차,V057_예금은행대출금리_전세자금(신규)_연%,V057,③ 금융여건·상대가격,은행대출금리_전세자금(신규취급액),월,전국 공통,ECOS 121Y006/BECBLA03041,t월 행 = t-1월 값 (1개월 밀림),6개월 차(%p),금리. 시험 구간 수준이 학습 범위를 벗어나므로 변화폭 사용,사용,,0.046,0.441,-1.02,1.53,0.0,0.061,1.0
주택담보대출금리_6개월차,V056_예금은행대출금리_주택담보(신규)_연%,V056,③ 금융여건·상대가격,은행대출금리_주택담보대출(신규취급액),월,전국 공통,ECOS 121Y006/BECBLA0302,t월 행 = t-1월 값 (1개월 밀림),6개월 차(%p),금리. 시험 구간 수준이 학습 범위를 벗어나므로 변화폭 사용,사용,,0.063,0.396,-0.63,1.04,0.0,0.085,1.0
기준금리_6개월차,V043_한국은행_기준금리_연%,V043,⑥ 거시경기·금융시장 여건,한국은행 기준금리,월,전국 공통,ECOS 722Y001/0101000,t월 행 = t월 값 (공표 시차 없음),6개월 차(%p),금리. 시험 구간 수준이 학습 범위를 벗어나므로 변화폭 사용,사용,,0.056,0.476,-0.75,1.5,0.0,,
국고채3년_6개월차,V045_시장금리_국고채3년_연%,V045,⑥ 거시경기·금융시장 여건,국고채 3년 시장금리,월,전국 공통,ECOS 721Y001/5020000,t월 행 = t월 값 (공표 시차 없음),6개월 차(%p),금리. 시험 구간 수준이 학습 범위를 벗어나므로 변화폭 사용,사용,,0.083,0.505,-0.972,1.677,0.0,0.308,0.0
CD91일_6개월차,V044_시장금리_CD91일_연%,V044,⑥ 거시경기·금융시장 여건,CD(91일) 시장금리,월,전국 공통,ECOS 721Y001/2010000,t월 행 = t월 값 (공표 시차 없음),6개월 차(%p),금리. 시험 구간 수준이 학습 범위를 벗어나므로 변화폭 사용,사용,,0.061,0.532,-0.78,2.22,0.0,0.14,0.0
비은행주담대금리_6개월차,V059_비은행대출금리_주택담보_연%,V059,③ 금융여건·상대가격,비은행대출금리_주택담보대출,월,전국 공통,ECOS 121Y007/BEDBMC41,t월 행 = t-1월 값 (1개월 밀림),6개월 차(%p),금리. 시험 구간 수준이 학습 범위를 벗어나므로 변화폭 사용,사용,,-0.061,0.595,-1.26,2.62,0.0,0.231,0.0
M2_12개월변화,V046_M2통화량(평잔·원계열)_십억원,V046,⑥ 거시경기·금융시장 여건,"M2 통화량(평잔, 원계열)",월,전국 공통,ECOS 161Y006/BBHA00,t월 행 = t-2월 값 (2개월 밀림),12개월 로그변화(%),추세가 있는 원계열 금액. 전년동월 대비 증가율,사용,,6.712,2.789,1.179,11.578,0.0,0.432,0.0
가계신용_12개월변화,V047_가계신용_총액_십억원,V047,⑥ 거시경기·금융시장 여건,가계신용 총액,분기,전국 공통,ECOS 151Y001/1000000,"분기 종료 후 2개월째 달부터 그 분기 값 사용, 다음 공표 전까지 유지 (계단식)",12개월 로그변화(%),분기 잔액. 전년동기 대비 증가율,사용,,5.193,3.475,-0.564,10.965,0.0,0.578,0.0
소비자물가_12개월변화,V048_소비자물가지수_총지수_2020=100,V048,⑥ 거시경기·금융시장 여건,소비자물가지수 총지수,월,전국 공통,ECOS 901Y009/0,t월 행 = t-1월 값 (1개월 밀림),12개월 로그변화(%),추세가 있는 지수. 전년동월 대비 상승률(물가상승률),사용,,2.125,1.42,-0.427,6.135,0.0,0.678,0.0
시간당임금_12개월변화,V049_시간당명목임금지수(비농전산업)_2020=100,V049,⑥ 거시경기·금융시장 여건,시간당 명목임금지수(비농전산업),분기,전국 공통,ECOS 901Y102/A10001,"분기 종료 후 3개월째 달부터 그 분기 값 사용, 다음 공표 전까지 유지 (계단식)",12개월 로그변화(%),분기 지수. 전년동기 대비 상승률,사용,,4.57,3.169,-3.749,10.962,0.0,0.269,0.0
은행대출태도_수준,V060_대출행태서베이_대출태도_국내은행가계주택_지수,V060,③ 금융여건·상대가격,대출행태서베이(대출태도)_은행_가계(주택),분기,전국 공통,ECOS 514Y001/AA04,"해당 분기 첫 달부터 그 값 사용(전망 조사), 다음 공표 전까지 유지",수준 그대로,-100~100 서베이 지수. 범위가 정해져 있어 수준,사용,,-13.655,20.309,-53.0,31.0,0.0,0.296,0.0
주택가격전망CSI_수준,(V061·V062·V063 중 지역유형 해당 계열),V061~V063,⑤ 시장과열·단기 트리거,소비자동향조사_주택가격전망CSI_서울,월,지역별,ECOS 511Y002/FMFB·F0001,t월 행 = t월 값 (공표 시차 없음),지역유형(서울/6대광역시/기타도시)에 맞는 계열의 수준,0~200 심리지수. 세 계열을 지역유형에 맞춰 한 변수로 합침,사용,,105.405,15.461,60.0,137.0,0.0,0.13,0.41
KOSPI_6개월변화,V064_KOSPI_종가_1980.01.04=100,V064,⑥ 거시경기·금융시장 여건,KOSPI_종가,월,전국 공통,ECOS 901Y014/1070000,t월 행 = t월 값 (공표 시차 없음),6개월 로그변화(%),추세가 있는 주가지수. 계절성이 없어 6개월 변화율,사용,,4.507,15.642,-24.636,67.287,0.0,0.104,0.0
월임금총액_12개월변화,V066_사업체노동력조사_월임금총액_원,V066,⑥ 거시경기·금융시장 여건,사업체노동력조사 - 산업/규모별 임금 및 근로시간,월,전국 공통,ECOS 901Y052·901Y148/A·I72BI·1 + KOSIS 118/DT_118N_MON041,t월 행 = t-2월 값 (2개월 밀림),12개월 로그변화(%),상여금 계절성이 큰 금액. 전년동월 대비 증가율,사용,,3.27,4.333,-9.498,20.421,0.0,0.036,1.0
경기선행지수순환변동치_수준,V067_경기선행지수_순환변동치_2020=100,V067,⑥ 거시경기·금융시장 여건,선행지수 순환변동치,월,전국 공통,ECOS 901Y067/I16E,t월 행 = t-1월 값 (1개월 밀림),수준 그대로,추세를 제거한 순환변동치라 수준,사용,,99.898,1.089,98.1,102.4,0.0,0.015,1.0
가계주택대출_12개월변화,V069_예금취급기관_가계대출(주택관련)_십억원,V069,③ 금융여건·상대가격,예금취급기관 가계대출(용도별) 전체대출/주택관련대출,월,전국 공통,ECOS 151Y005/1110000·11100A0,t월 행 = t-2월 값 (2개월 밀림),12개월 로그변화(%),추세가 있는 잔액. 전년동월 대비 증가율,사용,,6.242,2.536,0.988,12.872,0.0,0.028,1.0
수출금액_12개월변화,V070_수출입동향_수출금액(통관)_천불,V070,⑥ 거시경기·금융시장 여건,수출입 동향 - 수출,월,전국 공통,ECOS 901Y118/T002,t월 행 = t-1월 값 (1개월 밀림),12개월 로그변화(%),계절성이 있는 금액. 전년동월 대비 증가율,사용,,4.094,13.288,-29.635,37.524,0.0,0.035,1.0
정책대출_12개월변화,V071_정책대출(주금공·주택도시기금)_십억원,V071,③ 금융여건·상대가격,주택금융공사 및 주택도시기금의 정책대출,월,전국 공통,ECOS 151Y005/1120093,t월 행 = t-2월 값 (2개월 밀림),12개월 로그변화(%),추세가 있는 잔액. 전년동월 대비 증가율,사용,,10.268,5.484,2.749,23.96,0.0,0.004,1.0
가계소득_12개월변화,V074_가계동향_도시2인이상_월평균소득(신계열연결)_원,V074,⑥ 거시경기·금융시장 여건,"가구당 월평균 가계수지 (도시, 2인이상) - 소득",분기,전국 공통,KOSIS 101/DT_1L9I002,"분기 종료 후 2개월째 달부터 그 분기 값 사용, 다음 공표 전까지 유지 (계단식)",12개월 로그변화(%),분기 금액. 전년동기 대비 증가율,사용,,3.721,2.91,-1.69,12.376,0.0,0.099,1.0
