광역지자체,자치구,연월,인허가(호),착공(호),준공(호)
서울,,2007-01,934,,
서울,,2007-02,250,,
서울,,2007-03,709,,
서울,,2007-04,1021,,
서울,,2007-05,890,,
서울,,2007-06,569,,
서울,,2007-07,5921,,
서울,,2007-08,11267,,
서울,,2007-09,11649,,
서울,,2007-10,6989,,
서울,,2007-11,3463,,
서울,,2007-12,6366,,
서울,,2008-01,161,,
서울,,2008-02,1168,,
서울,,2008-03,0,,
서울,,2008-04,8669,,
서울,,2008-05,3009,,
서울,,2008-06,846,,
서울,,2008-07,1027,,
서울,,2008-08,556,,
서울,,2008-09,125,,
서울,,2008-10,430,,
서울,,2008-11,901,,
서울,,2008-12,5046,,
서울,,2009-01,494,,
서울,,2009-02,1566,,
서울,,2009-03,865,,
서울,,2009-04,1398,,
서울,,2009-05,2919,,
서울,,2009-06,868,,
서울,,2009-07,0,,
서울,,2009-08,149,,
서울,,2009-09,442,,
서울,,2009-10,1196,,
서울,,2009-11,2110,,
서울,,2009-12,14619,,
서울,,2010-01,84,,
서울,,2010-02,236,,
서울,,2010-03,3022,,
서울,,2010-04,998,,
서울,,2010-05,817,,
서울,,2010-06,-14,,
서울,,2010-07,316,,
서울,,2010-08,1373,,2599
서울,,2010-09,2324,,65
서울,,2010-10,1385,,287
서울,,2010-11,431,,309
서울,,2010-12,40398,,8479
서울,,2011-01,3101,103,5815
서울,,2011-02,2698,309,3848
서울,,2011-03,1817,5451,591
서울,,2011-04,6857,3023,3514
서울,,2011-05,3266,765,952
서울,,2011-06,3660,4962,2402
서울,,2011-07,2915,2417,4384
서울,,2011-08,-491,558,1294
서울,,2011-09,4495,1954,1509
서울,,2011-10,137,6213,4340
서울,,2011-11,4555,1782,4688
서울,,2011-12,14097,12863,5145
서울,,2012-01,1936,3589,3147
서울,,2012-02,3123,995,1435
서울,,2012-03,2159,4193,831
서울,,2012-04,2312,3460,1525
서울,,2012-05,1111,4407,2230
서울,,2012-06,2614,610,1636
서울,,2012-07,6063,2743,844
서울,,2012-08,3548,3417,2418
서울,,2012-09,3667,5827,2635
서울,,2012-10,4498,1313,4241
서울,,2012-11,5796,429,2681
서울,,2012-12,6175,1493,2492
서울,,2013-01,2237,864,3343
서울,,2013-02,1382,1772,2177
서울,,2013-03,1726,2511,1241
서울,,2013-04,2526,954,807
서울,,2013-05,2330,1028,2942
서울,,2013-06,2591,1823,1924
서울,,2013-07,7360,1604,957
서울,,2013-08,5821,5230,2359
서울,,2013-09,2873,392,4317
서울,,2013-10,3318,2220,4285
서울,,2013-11,3012,7939,6561
서울,,2013-12,9928,8287,2694
서울,,2014-01,3005,1028,2740
서울,,2014-02,2749,1187,2616
서울,,2014-03,982,1055,4409
서울,,2014-04,2818,2456,4459
서울,,2014-05,4220,1328,8804
서울,,2014-06,6168,4111,1385
서울,,2014-07,298,344,2626
서울,,2014-08,1556,4643,2294
서울,,2014-09,2884,1796,6759
서울,,2014-10,3635,4545,5209
서울,,2014-11,3174,4973,1112
서울,,2014-12,1646,2947,1583
서울,,2015-01,730,1383,1579
서울,,2015-02,1766,436,1257
서울,,2015-03,3397,2384,1175
서울,,2015-04,1743,1596,4119
서울,,2015-05,2137,1751,1447
서울,,2015-06,488,2289,1603
서울,,2015-07,14902,1596,2114
서울,,2015-08,2657,2903,3833
서울,,2015-09,5693,5053,3100
서울,,2015-10,5309,12787,1049
서울,,2015-11,1300,2257,698
서울,,2015-12,8824,5809,720
서울,,2016-01,1792,3226,3807
서울,,2016-02,1963,1498,1915
서울,,2016-03,251,2407,562
서울,,2016-04,7570,1776,1741
서울,,2016-05,1388,3426,1791
서울,,2016-06,975,4297,1862
서울,,2016-07,4112,861,2707
서울,,2016-08,1973,4758,3868
서울,,2016-09,426,7007,2407
서울,,2016-10,1270,4740,236
서울,,2016-11,1312,3767,3998
서울,,2016-12,4058,11932,10494
서울,,2017-01,2395,2302,1144
서울,,2017-02,6645,1019,2771
서울,,2017-03,3895,1989,2408
서울,,2017-04,3281,10700,3183
서울,,2017-05,2732,654,1608
서울,,2017-06,3420,3372,1875
서울,,2017-07,5874,8836,2984
서울,,2017-08,3681,5288,4371
서울,,2017-09,11542,5355,3233
서울,,2017-10,13986,1923,919
서울,,2017-11,4352,3253,2468
서울,,2017-12,13335,10583,2237
서울,,2018-01,1858,2238,1486
서울,,2018-02,929,3918,1831
서울,,2018-03,673,3211,1451
서울,,2018-04,2578,4880,847
서울,,2018-05,2367,6186,3456
서울,,2018-06,726,3899,4406
서울,,2018-07,2684,5712,1662
서울,,2018-08,1830,1931,1810
서울,,2018-09,1522,2444,2828
서울,,2018-10,2915,1826,3406
서울,,2018-11,5180,4112,2323
서울,,2018-12,8916,4387,13347
서울,,2019-01,5524,1024,1264
서울,,2019-02,2984,5154,10658
서울,,2019-03,10879,2633,621
서울,,2019-04,879,2177,1390
서울,,2019-05,1306,1609,1555
서울,,2019-06,792,5498,4707
서울,,2019-07,1585,3665,2482
서울,,2019-08,3049,3152,2255
서울,,2019-09,1232,1476,9340
서울,,2019-10,1100,2169,1309
서울,,2019-11,2534,1532,3869
서울,,2019-12,5903,21232,6410
서울,,2020-01,1571,279,3620
서울,,2020-02,862,3197,6576
서울,,2020-03,2241,1739,4787
서울,,2020-04,2187,8425,5024
서울,,2020-05,1671,3007,3430
서울,,2020-06,709,8500,4318
서울,,2020-07,2069,7337,4543
서울,,2020-08,3178,656,5769
서울,,2020-09,1986,341,5877
서울,,2020-10,5244,483,1389
서울,,2020-11,2731,1081,2703
서울,,2020-12,7937,5372,6319
서울,,2021-01,1099,613,2846
서울,,2021-02,5039,3083,8884
서울,,2021-03,2027,781,3384
서울,,2021-04,6625,803,1263
서울,,2021-05,4803,1504,1465
서울,,2021-06,3655,4323,2054
서울,,2021-07,3771,1391,7260
서울,,2021-08,2837,3567,2046
서울,,2021-09,9987,3210,2105
서울,,2021-10,5815,7889,2832
서울,,2021-11,5213,1235,3507
서울,,2021-12,1948,6171,6083
서울,,2022-01,2113,4964,4030
서울,,2022-02,3923,1727,810
서울,,2022-03,1036,6039,4521
서울,,2022-04,2509,3513,3737
서울,,2022-05,940,1820,1121
서울,,2022-06,3309,6972,833
서울,,2022-07,1929,5879,496
서울,,2022-08,2611,3115,5666
서울,,2022-09,1407,3649,272
서울,,2022-10,971,2727,3308
서울,,2022-11,1306,2239,2377
서울,,2022-12,3079,2250,4665
서울,,2023-01,1432,2449,2179
서울,,2023-02,6246,925,2397
서울,,2023-03,3827,2960,1316
서울,,2023-04,2140,978,1192
서울,,2023-05,566,2052,443
서울,,2023-06,980,461,5826
서울,,2023-07,2149,1305,9572
서울,,2023-08,3116,1382,3832
서울,,2023-09,103,4603,995
서울,,2023-10,3664,4041,1384
서울,,2023-11,6483,5764,7454
서울,,2023-12,4259,506,1438
서울,,2024-01,2184,819,2687
서울,,2024-02,2339,1328,1407
서울,,2024-03,1348,6644,785
서울,,2024-04,364,343,1114
서울,,2024-05,3026,1105,206
서울,,2024-06,2718,751,1331
서울,,2024-07,2013,1229,1988
서울,,2024-08,5691,1466,2104
서울,,2024-09,1362,711,1619
서울,,2024-10,2518,712,3009
서울,,2024-11,6226,3648,13386
서울,,2024-12,17843,3065,3352
서울,,2025-01,2406,1605,4240
서울,,2025-02,4260,617,1889
서울,,2025-03,6909,1387,3155
서울,,2025-04,1408,3239,8392
서울,,2025-05,2242,2002,3026
서울,,2025-06,3127,1886,8718
서울,,2025-07,3500,278,4919
서울,,2025-08,1015,622,2700
서울,,2025-09,3341,811,416
서울,,2025-10,2104,2492,1721
서울,,2025-11,3012,2816,7933
서울,,2025-12,1800,9379,2864
서울,,2026-01,675,312,3504
서울,,2026-02,2183,2602,1246
서울,,2026-03,1005,525,1207
서울,,2026-04,6238,1125,3320
서울,,2026-05,5297,2051,1413
서울,,2026-06,979,2806,1561
서울,,2026-07,7103,5574,5352
부산,,2007-01,409,,
부산,,2007-02,1044,,
부산,,2007-03,2029,,
부산,,2007-04,284,,
부산,,2007-05,758,,
부산,,2007-06,5,,
부산,,2007-07,9301,,
부산,,2007-08,6612,,
부산,,2007-09,5034,,
부산,,2007-10,6020,,
부산,,2007-11,4574,,
부산,,2007-12,3767,,
부산,,2008-01,588,,
부산,,2008-02,599,,
부산,,2008-03,1042,,
부산,,2008-04,668,,
부산,,2008-05,2218,,
부산,,2008-06,272,,
부산,,2008-07,0,,
부산,,2008-08,0,,
부산,,2008-09,0,,
부산,,2008-10,0,,
부산,,2008-11,2008,,
부산,,2008-12,5039,,
부산,,2009-01,0,,
부산,,2009-02,0,,
부산,,2009-03,67,,
부산,,2009-04,299,,
부산,,2009-05,0,,
부산,,2009-06,474,,
부산,,2009-07,0,,
부산,,2009-08,25,,
부산,,2009-09,727,,
부산,,2009-10,0,,
부산,,2009-11,1447,,
부산,,2009-12,749,,
부산,,2010-01,248,,
부산,,2010-02,14,,
부산,,2010-03,105,,
부산,,2010-04,74,,
부산,,2010-05,0,,
부산,,2010-06,264,,
부산,,2010-07,297,,
부산,,2010-08,0,,0
부산,,2010-09,1256,,28
부산,,2010-10,204,,14
부산,,2010-11,88,,489
부산,,2010-12,9479,,1595
부산,,2011-01,61,1309,1741
부산,,2011-02,298,1062,502
부산,,2011-03,3561,945,684
부산,,2011-04,2515,4065,72
부산,,2011-05,560,1146,0
부산,,2011-06,753,3302,2431
부산,,2011-07,457,373,364
부산,,2011-08,1087,275,98
부산,,2011-09,238,1143,1980
부산,,2011-10,4666,687,43
부산,,2011-11,1256,4362,4518
부산,,2011-12,4951,6920,1188
부산,,2012-01,1086,465,0
부산,,2012-02,399,1288,605
부산,,2012-03,2905,1280,974
부산,,2012-04,4622,1496,189
부산,,2012-05,1265,1406,1548
부산,,2012-06,1762,919,7552
부산,,2012-07,806,190,1348
부산,,2012-08,3934,2595,336
부산,,2012-09,3687,1456,1115
부산,,2012-10,426,2262,514
부산,,2012-11,1042,3804,1467
부산,,2012-12,5186,2693,2484
부산,,2013-01,679,322,230
부산,,2013-02,1655,416,1799
부산,,2013-03,566,955,2967
부산,,2013-04,223,581,730
부산,,2013-05,2989,270,694
부산,,2013-06,2557,1049,6113
부산,,2013-07,872,1524,569
부산,,2013-08,863,1734,4086
부산,,2013-09,494,389,625
부산,,2013-10,733,934,887
부산,,2013-11,1006,2753,917
부산,,2013-12,7808,2534,2875
부산,,2014-01,628,2056,269
부산,,2014-02,374,3368,893
부산,,2014-03,1414,2423,794
부산,,2014-04,820,1021,837
부산,,2014-05,2326,300,3739
부산,,2014-06,2661,1796,851
부산,,2014-07,1921,582,2177
부산,,2014-08,295,959,3595
부산,,2014-09,942,1566,749
부산,,2014-10,516,3961,1233
부산,,2014-11,400,5532,4478
부산,,2014-12,998,2773,2782
부산,,2015-01,1895,976,1431
부산,,2015-02,916,507,168
부산,,2015-03,780,3365,1913
부산,,2015-04,753,1670,477
부산,,2015-05,2531,1218,306
부산,,2015-06,1357,6269,4042
부산,,2015-07,5283,3449,640
부산,,2015-08,1805,2173,344
부산,,2015-09,2611,1392,424
부산,,2015-10,1355,1484,4745
부산,,2015-11,6855,1953,935
부산,,2015-12,3676,1434,2942
부산,,2016-01,3237,1476,859
부산,,2016-02,3273,1403,428
부산,,2016-03,714,4431,269
부산,,2016-04,2346,3247,719
부산,,2016-05,2974,2647,454
부산,,2016-06,5868,2543,1452
부산,,2016-07,3136,447,600
부산,,2016-08,1457,3295,2206
부산,,2016-09,334,152,3000
부산,,2016-10,1325,1686,685
부산,,2016-11,377,3991,1535
부산,,2016-12,6368,4135,1772
부산,,2017-01,2812,2137,2502
부산,,2017-02,1180,1129,489
부산,,2017-03,3914,982,1540
부산,,2017-04,2430,1415,2973
부산,,2017-05,7596,770,3338
부산,,2017-06,4384,1571,1581
부산,,2017-07,4941,2653,2438
부산,,2017-08,5007,5403,1554
부산,,2017-09,3867,6245,2982
부산,,2017-10,1863,5013,1220
부산,,2017-11,2280,4232,826
부산,,2017-12,5056,1500,1202
부산,,2018-01,2912,595,2115
부산,,2018-02,1617,280,5393
부산,,2018-03,2484,1850,1854
부산,,2018-04,1463,2015,2447
부산,,2018-05,1871,3264,1853
부산,,2018-06,4711,3608,1764
부산,,2018-07,10612,4936,2516
부산,,2018-08,1466,2450,113
부산,,2018-09,1186,9295,683
부산,,2018-10,963,1876,4819
부산,,2018-11,837,118,1366
부산,,2018-12,1022,3506,1157
부산,,2019-01,1999,1054,1234
부산,,2019-02,1447,265,2599
부산,,2019-03,353,606,2379
부산,,2019-04,1594,852,2144
부산,,2019-05,779,4406,3035
부산,,2019-06,912,2798,1996
부산,,2019-07,129,1352,3294
부산,,2019-08,370,3549,2178
부산,,2019-09,2182,6380,2221
부산,,2019-10,1073,3546,1972
부산,,2019-11,2462,2626,2155
부산,,2019-12,1790,772,1701
부산,,2020-01,,1564,3747
부산,,2020-02,,1158,2001
부산,,2020-03,720,149,2943
부산,,2020-04,812,2096,617
부산,,2020-05,516,2962,466
부산,,2020-06,4356,871,3186
부산,,2020-07,996,3974,2927
부산,,2020-08,1167,2671,1111
부산,,2020-09,766,5672,2202
부산,,2020-10,167,821,1973
부산,,2020-11,443,3611,82
부산,,2020-12,4142,1755,1472
부산,,2021-01,1954,316,1619
부산,,2021-02,896,,461
부산,,2021-03,799,514,1921
부산,,2021-04,1146,4480,5194
부산,,2021-05,2373,2237,533
부산,,2021-06,2061,1636,1824
부산,,2021-07,2806,787,1239
부산,,2021-08,215,1510,767
부산,,2021-09,651,2468,528
부산,,2021-10,359,1596,539
부산,,2021-11,2267,1046,2077
부산,,2021-12,3269,336,7502
부산,,2022-01,2797,417,694
부산,,2022-02,2995,130,797
부산,,2022-03,3695,1195,100
부산,,2022-04,3908,1181,1843
부산,,2022-05,2742,1997,4174
부산,,2022-06,3217,1803,1726
부산,,2022-07,3555,5573,1419
부산,,2022-08,504,87,1639
부산,,2022-09,6473,2174,6538
부산,,2022-10,5407,711,1696
부산,,2022-11,4286,109,1727
부산,,2022-12,570,2565,3678
부산,,2023-01,1927,4898,3036
부산,,2023-02,3663,,64
부산,,2023-03,1185,1733,1495
부산,,2023-04,1470,1080,433
부산,,2023-05,1989,127,2167
부산,,2023-06,2371,391,1246
부산,,2023-07,2058,870,1199
부산,,2023-08,2002,,201
부산,,2023-09,2162,1067,3109
부산,,2023-10,2435,3620,34
부산,,2023-11,1025,1097,6856
부산,,2023-12,5658,4276,3429
부산,,2024-01,1787,,629
부산,,2024-02,499,1516,2443
부산,,2024-03,0,1801,841
부산,,2024-04,3906,669,193
부산,,2024-05,4216,1539,1397
부산,,2024-06,1449,1467,2391
부산,,2024-07,4827,,188
부산,,2024-08,2135,2437,1608
부산,,2024-09,0,2450,6298
부산,,2024-10,4430,977,285
부산,,2024-11,1740,548,1217
부산,,2024-12,4190,3084,914
부산,,2025-01,184,0,4054
부산,,2025-02,2850,384,2675
부산,,2025-03,5298,1509,1751
부산,,2025-04,540,3446,2376
부산,,2025-05,750,1068,1813
부산,,2025-06,3870,540,1121
부산,,2025-07,818,3124,970
부산,,2025-08,1300,0,852
부산,,2025-09,7763,544,1498
부산,,2025-10,1176,1170,0
부산,,2025-11,5406,536,0
부산,,2025-12,285,3404,4254
부산,,2026-01,1821,543,1901
부산,,2026-02,1248,2668,0
부산,,2026-03,0,0,0
부산,,2026-04,447,625,367
부산,,2026-05,326,1494,463
부산,,2026-06,1613,767,2673
부산,,2026-07,667,1344,2466
대구,,2007-01,691,,
대구,,2007-02,2626,,
대구,,2007-03,917,,
대구,,2007-04,275,,
대구,,2007-05,418,,
대구,,2007-06,693,,
대구,,2007-07,52,,
대구,,2007-08,688,,
대구,,2007-09,2257,,
대구,,2007-10,0,,
대구,,2007-11,2979,,
대구,,2007-12,4871,,
대구,,2008-01,5965,,
대구,,2008-02,0,,
대구,,2008-03,0,,
대구,,2008-04,1439,,
대구,,2008-05,0,,
대구,,2008-06,3220,,
대구,,2008-07,688,,
대구,,2008-08,1036,,
대구,,2008-09,636,,
대구,,2008-10,0,,
대구,,2008-11,0,,
대구,,2008-12,8022,,
대구,,2009-01,0,,
대구,,2009-02,0,,
대구,,2009-03,0,,
대구,,2009-04,657,,
대구,,2009-05,0,,
대구,,2009-06,0,,
대구,,2009-07,1108,,
대구,,2009-08,0,,
대구,,2009-09,0,,
대구,,2009-10,0,,
대구,,2009-11,0,,
대구,,2009-12,3856,,
대구,,2010-01,260,,
대구,,2010-02,0,,
대구,,2010-03,0,,
대구,,2010-04,0,,
대구,,2010-05,0,,
대구,,2010-06,0,,
대구,,2010-07,0,,
대구,,2010-08,458,,2418
대구,,2010-09,54,,1087
대구,,2010-10,49,,0
대구,,2010-11,399,,500
대구,,2010-12,1918,,2175
대구,,2011-01,0,0,0
대구,,2011-02,0,0,2604
대구,,2011-03,29,0,1180
대구,,2011-04,800,1152,0
대구,,2011-05,0,750,788
대구,,2011-06,672,158,0
대구,,2011-07,42,151,108
대구,,2011-08,95,0,903
대구,,2011-09,2008,95,242
대구,,2011-10,106,1906,28
대구,,2011-11,267,47,28
대구,,2011-12,5329,426,2782
대구,,2012-01,362,0,16
대구,,2012-02,608,0,1758
대구,,2012-03,0,418,705
대구,,2012-04,160,326,0
대구,,2012-05,774,1285,
대구,,2012-06,637,1538,96
대구,,2012-07,162,,478
대구,,2012-08,86,637,47
대구,,2012-09,18,18,0
대구,,2012-10,29,959,24
대구,,2012-11,1508,291,0
대구,,2012-12,5528,5818,-401
대구,,2013-01,410,86,0
대구,,2013-02,479,908,510
대구,,2013-03,0,3909,0
대구,,2013-04,12,1785,1669
대구,,2013-05,468,1234,979
대구,,2013-06,57,28,1600
대구,,2013-07,688,476,0
대구,,2013-08,1111,688,854
대구,,2013-09,540,2484,1118
대구,,2013-10,2383,2160,195
대구,,2013-11,2851,4339,350
대구,,2013-12,6332,3578,4307
대구,,2014-01,822,1039,269
대구,,2014-02,58,4847,533
대구,,2014-03,365,3147,
대구,,2014-04,84,695,975
대구,,2014-05,4738,681,231
대구,,2014-06,1582,6173,518
대구,,2014-07,808,204,1460
대구,,2014-08,2312,1544,1562
대구,,2014-09,812,3192,330
대구,,2014-10,2736,52,979
대구,,2014-11,302,3003,161
대구,,2014-12,2807,4185,2293
대구,,2015-01,813,1721,2023
대구,,2015-02,532,734,549
대구,,2015-03,890,89,2491
대구,,2015-04,1606,1066,2121
대구,,2015-05,1093,1829,579
대구,,2015-06,2454,2595,113
대구,,2015-07,833,1838,643
대구,,2015-08,2071,1893,1529
대구,,2015-09,1154,185,1669
대구,,2015-10,1882,612,36
대구,,2015-11,4106,3075,2550
대구,,2015-12,9015,1246,5291
대구,,2016-01,860,1927,2216
대구,,2016-02,51,1093,791
대구,,2016-03,541,2668,2815
대구,,2016-04,4539,251,1641
대구,,2016-05,3073,1124,483
대구,,2016-06,4516,2082,6776
대구,,2016-07,1286,2691,1746
대구,,2016-08,1437,115,1843
대구,,2016-09,1618,22,624
대구,,2016-10,1234,112,2725
대구,,2016-11,1545,1365,1946
대구,,2016-12,2337,1829,3669
대구,,2017-01,1534,409,996
대구,,2017-02,954,16,2247
대구,,2017-03,2874,764,1310
대구,,2017-04,2060,1755,95
대구,,2017-05,4493,480,114
대구,,2017-06,6574,530,1689
대구,,2017-07,2615,709,5728
대구,,2017-08,1087,1083,745
대구,,2017-09,513,682,2803
대구,,2017-10,3000,981,1813
대구,,2017-11,844,588,1046
대구,,2017-12,5481,3900,470
대구,,2018-01,795,568,347
대구,,2018-02,10301,596,1129
대구,,2018-03,814,2203,1338
대구,,2018-04,1146,1989,2366
대구,,2018-05,1191,2270,58
대구,,2018-06,3306,2113,126
대구,,2018-07,433,2613,33
대구,,2018-08,2873,64,2090
대구,,2018-09,3020,3883,911
대구,,2018-10,724,2467,842
대구,,2018-11,3842,1578,3139
대구,,2018-12,6494,3837,3122
대구,,2019-01,366,3119,76
대구,,2019-02,1600,48,698
대구,,2019-03,1003,590,24
대구,,2019-04,1768,1277,2234
대구,,2019-05,2206,7149,
대구,,2019-06,1001,3289,947
대구,,2019-07,2746,1930,428
대구,,2019-08,1386,1099,332
대구,,2019-09,1943,811,723
대구,,2019-10,3110,3521,1531
대구,,2019-11,4084,3462,814
대구,,2019-12,5375,3709,1626
대구,,2020-01,872,375,745
대구,,2020-02,1459,1446,1437
대구,,2020-03,2118,1737,713
대구,,2020-04,3152,2868,2240
대구,,2020-05,315,2524,420
대구,,2020-06,2995,3649,2094
대구,,2020-07,3153,12259,1108
대구,,2020-08,2404,1148,1963
대구,,2020-09,3678,301,64
대구,,2020-10,1880,2962,2676
대구,,2020-11,191,820,958
대구,,2020-12,4016,4694,2495
대구,,2021-01,279,1756,99
대구,,2021-02,1384,1968,225
대구,,2021-03,5133,3284,1949
대구,,2021-04,1605,903,64
대구,,2021-05,675,1458,
대구,,2021-06,618,5415,2128
대구,,2021-07,2146,3765,704
대구,,2021-08,2731,3854,698
대구,,2021-09,1836,2554,2086
대구,,2021-10,1532,1871,987
대구,,2021-11,515,817,5734
대구,,2021-12,4313,1758,612
대구,,2022-01,2638,1736,343
대구,,2022-02,1091,618,
대구,,2022-03,1233,623,3753
대구,,2022-04,2305,2262,1636
대구,,2022-05,2385,1727,1735
대구,,2022-06,5117,959,3491
대구,,2022-07,1556,2759,2196
대구,,2022-08,3868,,1581
대구,,2022-09,591,1512,2449
대구,,2022-10,1159,2073,446
대구,,2022-11,2847,540,1160
대구,,2022-12,754,655,2308
대구,,2023-01,1788,24,842
대구,,2023-02,90,218,1432
대구,,2023-03,0,,3592
대구,,2023-04,4111,26,3687
대구,,2023-05,504,17,3093
대구,,2023-06,1947,587,1828
대구,,2023-07,0,,1977
대구,,2023-08,1622,,4712
대구,,2023-09,0,,2335
대구,,2023-10,0,,3586
대구,,2023-11,562,,675
대구,,2023-12,3338,,3486
대구,,2024-01,,272,3432
대구,,2024-02,,,2222
대구,,2024-03,0,278,3498
대구,,2024-04,0,174,3274
대구,,2024-05,0,1098,1266
대구,,2024-06,0,,3668
대구,,2024-07,0,,1024
대구,,2024-08,921,90,2206
대구,,2024-09,0,176,2014
대구,,2024-10,0,448,1510
대구,,2024-11,870,154,3230
대구,,2024-12,0,2749,1882
대구,,2025-01,0,0,4289
대구,,2025-02,0,243,520
대구,,2025-03,0,0,864
대구,,2025-04,0,54,2328
대구,,2025-05,589,0,1903
대구,,2025-06,565,0,1190
대구,,2025-07,430,378,1372
대구,,2025-08,689,-74,1300
대구,,2025-09,1501,0,363
대구,,2025-10,823,2420,740
대구,,2025-11,234,0,1029
대구,,2025-12,0,1492,2239
대구,,2026-01,198,0,1349
대구,,2026-02,137,614,2215
대구,,2026-03,165,0,939
대구,,2026-04,0,0,2504
대구,,2026-05,341,0,0
대구,,2026-06,0,0,777
대구,,2026-07,2719,0,0
인천,,2007-01,0,,
인천,,2007-02,17,,
인천,,2007-03,803,,
인천,,2007-04,3145,,
인천,,2007-05,0,,
인천,,2007-06,5003,,
인천,,2007-07,999,,
인천,,2007-08,1048,,
인천,,2007-09,4147,,
인천,,2007-10,8489,,
인천,,2007-11,7195,,
인천,,2007-12,7511,,
인천,,2008-01,298,,
인천,,2008-02,1111,,
인천,,2008-03,565,,
인천,,2008-04,52,,
인천,,2008-05,1272,,
인천,,2008-06,804,,
인천,,2008-07,2028,,
인천,,2008-08,1829,,
인천,,2008-09,119,,
인천,,2008-10,90,,
인천,,2008-11,50,,
인천,,2008-12,13126,,
인천,,2009-01,188,,
인천,,2009-02,2134,,
인천,,2009-03,1897,,
인천,,2009-04,3289,,
인천,,2009-05,2139,,
인천,,2009-06,1249,,
인천,,2009-07,6342,,
인천,,2009-08,6802,,
인천,,2009-09,1828,,
인천,,2009-10,2743,,
인천,,2009-11,6382,,
인천,,2009-12,15498,,
인천,,2010-01,862,,
인천,,2010-02,1788,,
인천,,2010-03,28,,
인천,,2010-04,32,,
인천,,2010-05,91,,
인천,,2010-06,3095,,
인천,,2010-07,382,,
인천,,2010-08,1574,,35
인천,,2010-09,3360,,0
인천,,2010-10,2111,,3694
인천,,2010-11,1761,,2799
인천,,2010-12,13254,,7373
인천,,2011-01,1306,199,50
인천,,2011-02,1409,353,2906
인천,,2011-03,921,371,4890
인천,,2011-04,467,1972,909
인천,,2011-05,1859,288,1586
인천,,2011-06,3972,993,464
인천,,2011-07,595,323,1962
인천,,2011-08,3060,355,2690
인천,,2011-09,2455,727,1347
인천,,2011-10,4725,94,2178
인천,,2011-11,868,925,376
인천,,2011-12,3476,3362,817
인천,,2012-01,3405,1551,229
인천,,2012-02,1457,279,1676
인천,,2012-03,190,1197,2345
인천,,2012-04,336,140,3765
인천,,2012-05,1227,40,2560
인천,,2012-06,5788,220,1212
인천,,2012-07,1884,153,138
인천,,2012-08,386,428,6206
인천,,2012-09,2701,0,4298
인천,,2012-10,-705,2633,3778
인천,,2012-11,311,24,264
인천,,2012-12,9718,1330,-4120
인천,,2013-01,116,198,70
인천,,2013-02,194,197,1155
인천,,2013-03,48,196,459
인천,,2013-04,628,101,63
인천,,2013-05,4265,489,567
인천,,2013-06,1891,4216,783
인천,,2013-07,366,362,235
인천,,2013-08,319,331,229
인천,,2013-09,368,317,275
인천,,2013-10,427,74,55
인천,,2013-11,0,179,1370
인천,,2013-12,5751,1141,1707
인천,,2014-01,188,322,1205
인천,,2014-02,1098,946,843
인천,,2014-03,2693,981,1654
인천,,2014-04,167,2485,213
인천,,2014-05,211,261,577
인천,,2014-06,382,390,1352
인천,,2014-07,364,237,821
인천,,2014-08,258,341,1684
인천,,2014-09,162,288,2370
인천,,2014-10,411,241,1099
인천,,2014-11,1119,284,2204
인천,,2014-12,1958,359,134
인천,,2015-01,704,1514,391
인천,,2015-02,1180,419,209
인천,,2015-03,535,3307,517
인천,,2015-04,1506,429,379
인천,,2015-05,1446,1409,318
인천,,2015-06,812,2626,4697
인천,,2015-07,4841,164,2195
인천,,2015-08,4224,6224,265
인천,,2015-09,5911,2420,175
인천,,2015-10,383,6232,1257
인천,,2015-11,419,256,489
인천,,2015-12,3284,4355,1019
인천,,2016-01,222,604,313
인천,,2016-02,767,121,152
인천,,2016-03,251,668,1332
인천,,2016-04,214,395,141
인천,,2016-05,1292,254,222
인천,,2016-06,145,34,4614
인천,,2016-07,456,229,736
인천,,2016-08,5177,1207,282
인천,,2016-09,1373,2016,1540
인천,,2016-10,1520,1020,640
인천,,2016-11,1584,2289,374
인천,,2016-12,2361,890,1325
인천,,2017-01,245,348,279
인천,,2017-02,442,388,2010
인천,,2017-03,257,32,206
인천,,2017-04,208,510,55
인천,,2017-05,1983,1445,226
인천,,2017-06,4174,367,969
인천,,2017-07,0,29,1698
인천,,2017-08,377,2213,868
인천,,2017-09,673,,2285
인천,,2017-10,1182,555,720
인천,,2017-11,2854,28,3171
인천,,2017-12,4906,2810,3879
인천,,2018-01,4672,2135,5885
인천,,2018-02,1218,380,927
인천,,2018-03,3011,957,1637
인천,,2018-04,3184,795,1035
인천,,2018-05,420,1095,56
인천,,2018-06,684,200,380
인천,,2018-07,1201,1020,157
인천,,2018-08,8683,1271,189
인천,,2018-09,2890,4191,3075
인천,,2018-10,180,4965,494
인천,,2018-11,6752,7158,3216
인천,,2018-12,5931,5809,79
인천,,2019-01,1089,1708,891
인천,,2019-02,8931,3258,1212
인천,,2019-03,2586,2165,1461
인천,,2019-04,2522,,334
인천,,2019-05,2366,6722,1353
인천,,2019-06,3259,1141,36
인천,,2019-07,4136,,92
인천,,2019-08,5958,1201,833
인천,,2019-09,1072,2947,367
인천,,2019-10,3892,6515,965
인천,,2019-11,860,8625,166
인천,,2019-12,4939,7996,1520
인천,,2020-01,3763,1731,33
인천,,2020-02,1090,883,
인천,,2020-03,45,5170,397
인천,,2020-04,26,1254,52
인천,,2020-05,754,5882,181
인천,,2020-06,1602,6278,242
인천,,2020-07,82,6534,976
인천,,2020-08,1275,1746,
인천,,2020-09,2015,162,314
인천,,2020-10,5336,981,879
인천,,2020-11,8178,224,3409
인천,,2020-12,7099,11965,428
인천,,2021-01,1261,1499,1669
인천,,2021-02,483,2189,192
인천,,2021-03,128,5154,920
인천,,2021-04,166,2573,1986
인천,,2021-05,166,1614,793
인천,,2021-06,1533,2105,3120
인천,,2021-07,500,502,4381
인천,,2021-08,2647,1174,3248
인천,,2021-09,1481,1338,936
인천,,2021-10,3401,5572,1646
인천,,2021-11,3474,2115,310
인천,,2021-12,7084,8222,1985
인천,,2022-01,101,1485,4925
인천,,2022-02,0,1848,1584
인천,,2022-03,1423,3047,
인천,,2022-04,875,3237,2786
인천,,2022-05,2473,2271,8544
인천,,2022-06,1541,2181,2945
인천,,2022-07,2621,160,2620
인천,,2022-08,1016,1437,6849
인천,,2022-09,324,340,2161
인천,,2022-10,3479,670,1621
인천,,2022-11,1635,470,2668
인천,,2022-12,2034,2653,2815
인천,,2023-01,1389,356,2339
인천,,2023-02,1711,,4799
인천,,2023-03,191,1406,293
인천,,2023-04,1683,372,3871
인천,,2023-05,3053,856,303
인천,,2023-06,4097,1370,7750
인천,,2023-07,1089,,2446
인천,,2023-08,3032,,1811
인천,,2023-09,2936,1370,1013
인천,,2023-10,732,816,6503
인천,,2023-11,2432,4265,7035
인천,,2023-12,5390,3940,2574
인천,,2024-01,2087,3990,2051
인천,,2024-02,0,2728,166
인천,,2024-03,0,547,3109
인천,,2024-04,1273,3053,131
인천,,2024-05,1136,2708,
인천,,2024-06,979,709,1040
인천,,2024-07,0,1001,
인천,,2024-08,2038,3393,2371
인천,,2024-09,1383,2234,8202
인천,,2024-10,3249,3698,2584
인천,,2024-11,0,2748,2804
인천,,2024-12,7585,1633,5122
인천,,2025-01,1261,0,2954
인천,,2025-02,373,0,0
인천,,2025-03,180,660,3696
인천,,2025-04,5219,3270,1938
인천,,2025-05,1448,1010,0
인천,,2025-06,483,1048,1816
인천,,2025-07,861,0,1824
인천,,2025-08,2812,0,2218
인천,,2025-09,2803,3308,0
인천,,2025-10,1553,1199,1389
인천,,2025-11,601,1898,851
인천,,2025-12,7794,5078,801
인천,,2026-01,0,91,1321
인천,,2026-02,1110,324,856
인천,,2026-03,2138,1544,902
인천,,2026-04,2377,4463,1153
인천,,2026-05,1728,2020,400
인천,,2026-06,0,4752,2083
인천,,2026-07,1354,213,2692
광주,,2007-01,927,,
광주,,2007-02,1041,,
광주,,2007-03,1139,,
광주,,2007-04,105,,
광주,,2007-05,2086,,
광주,,2007-06,71,,
광주,,2007-07,1484,,
광주,,2007-08,382,,
광주,,2007-09,1012,,
광주,,2007-10,2819,,
광주,,2007-11,2293,,
광주,,2007-12,-1330,,
광주,,2008-01,0,,
광주,,2008-02,0,,
광주,,2008-03,2710,,
광주,,2008-04,19,,
광주,,2008-05,0,,
광주,,2008-06,-2710,,
광주,,2008-07,0,,
광주,,2008-08,0,,
광주,,2008-09,244,,
광주,,2008-10,0,,
광주,,2008-11,1279,,
광주,,2008-12,1650,,
광주,,2009-01,0,,
광주,,2009-02,510,,
광주,,2009-03,0,,
광주,,2009-04,0,,
광주,,2009-05,25,,
광주,,2009-06,0,,
광주,,2009-07,721,,
광주,,2009-08,0,,
광주,,2009-09,0,,
광주,,2009-10,192,,
광주,,2009-11,818,,
광주,,2009-12,2016,,
광주,,2010-01,0,,
광주,,2010-02,0,,
광주,,2010-03,0,,
광주,,2010-04,442,,
광주,,2010-05,1175,,
광주,,2010-06,0,,
광주,,2010-07,0,,
광주,,2010-08,0,,1542
광주,,2010-09,0,,0
광주,,2010-10,236,,1116
광주,,2010-11,160,,0
광주,,2010-12,1530,,1824
광주,,2011-01,580,0,442
광주,,2011-02,63,0,0
광주,,2011-03,130,0,1215
광주,,2011-04,488,554,0
광주,,2011-05,1900,0,0
광주,,2011-06,1135,663,1666
광주,,2011-07,2436,1039,671
광주,,2011-08,275,3843,0
광주,,2011-09,321,312,1078
광주,,2011-10,265,0,1692
광주,,2011-11,1802,124,794
광주,,2011-12,4206,847,380
광주,,2012-01,466,1804,0
광주,,2012-02,951,2260,0
광주,,2012-03,1816,757,0
광주,,2012-04,1196,359,88
광주,,2012-05,980,1181,70
광주,,2012-06,1817,1344,72
광주,,2012-07,2795,632,1979
광주,,2012-08,158,4229,586
광주,,2012-09,1934,870,0
광주,,2012-10,551,2108,0
광주,,2012-11,1180,1145,344
광주,,2012-12,2079,1053,791
광주,,2013-01,1231,598,72
광주,,2013-02,0,965,354
광주,,2013-03,192,0,428
광주,,2013-04,240,1924,1934
광주,,2013-05,132,215,831
광주,,2013-06,1096,181,1147
광주,,2013-07,44,192,141
광주,,2013-08,275,138,428
광주,,2013-09,0,88,607
광주,,2013-10,496,275,1514
광주,,2013-11,602,536,40
광주,,2013-12,1374,415,1742
광주,,2014-01,,,817
광주,,2014-02,,827,833
광주,,2014-03,597,1908,818
광주,,2014-04,526,414,839
광주,,2014-05,1408,1410,2876
광주,,2014-06,0,743,1110
광주,,2014-07,1669,1243,2148
광주,,2014-08,312,806,307
광주,,2014-09,368,1784,1237
광주,,2014-10,0,1572,252
광주,,2014-11,2353,1202,504
광주,,2014-12,2435,1091,592
광주,,2015-01,42,213,1462
광주,,2015-02,497,,806
광주,,2015-03,244,932,735
광주,,2015-04,70,789,192
광주,,2015-05,1992,568,
광주,,2015-06,462,422,43
광주,,2015-07,1364,713,1590
광주,,2015-08,718,1545,
광주,,2015-09,3480,83,716
광주,,2015-10,278,712,309
광주,,2015-11,2104,636,
광주,,2015-12,2625,1628,601
광주,,2016-01,299,2185,623
광주,,2016-02,516,582,161
광주,,2016-03,1971,,706
광주,,2016-04,1097,3168,2963
광주,,2016-05,2526,1693,1014
광주,,2016-06,4010,364,147
광주,,2016-07,301,125,551
광주,,2016-08,0,2601,764
광주,,2016-09,3406,491,1134
광주,,2016-10,5069,,
광주,,2016-11,836,3365,216
광주,,2016-12,3790,1732,1388
광주,,2017-01,3553,869,1646
광주,,2017-02,3305,2242,774
광주,,2017-03,2166,3539,1176
광주,,2017-04,1308,1052,739
광주,,2017-05,2352,2024,468
광주,,2017-06,2550,22,2184
광주,,2017-07,197,1358,683
광주,,2017-08,2466,1817,691
광주,,2017-09,533,3380,2438
광주,,2017-10,0,1461,341
광주,,2017-11,0,835,198
광주,,2017-12,1695,1303,1760
광주,,2018-01,122,,716
광주,,2018-02,1218,,1184
광주,,2018-03,0,857,268
광주,,2018-04,382,,977
광주,,2018-05,656,382,40
광주,,2018-06,1647,500,1263
광주,,2018-07,5226,629,
광주,,2018-08,167,144,767
광주,,2018-09,271,,1995
광주,,2018-10,0,2287,516
광주,,2018-11,35,427,22
광주,,2018-12,361,2318,358
광주,,2019-01,875,270,1706
광주,,2019-02,883,,1990
광주,,2019-03,3778,122,1074
광주,,2019-04,1171,778,176
광주,,2019-05,729,855,880
광주,,2019-06,0,2153,4435
광주,,2019-07,142,2090,102
광주,,2019-08,461,2220,842
광주,,2019-09,1067,,1805
광주,,2019-10,156,555,434
광주,,2019-11,1429,2915,643
광주,,2019-12,6126,2248,2116
광주,,2020-01,286,,
광주,,2020-02,279,344,1729
광주,,2020-03,1096,555,2263
광주,,2020-04,1061,219,652
광주,,2020-05,1248,1160,1196
광주,,2020-06,609,428,602
광주,,2020-07,1380,1910,723
광주,,2020-08,1169,,
광주,,2020-09,1301,2642,2836
광주,,2020-10,299,304,313
광주,,2020-11,192,264,461
광주,,2020-12,29,1553,1652
광주,,2021-01,,,644
광주,,2021-02,,213,60
광주,,2021-03,337,1108,594
광주,,2021-04,194,447,482
광주,,2021-05,551,636,740
광주,,2021-06,287,290,1168
광주,,2021-07,1429,373,
광주,,2021-08,0,906,608
광주,,2021-09,29,,936
광주,,2021-10,29,406,
광주,,2021-11,125,375,908
광주,,2021-12,895,1890,
광주,,2022-01,175,1041,1556
광주,,2022-02,0,228,1317
광주,,2022-03,49,53,361
광주,,2022-04,320,294,2069
광주,,2022-05,23,1458,76
광주,,2022-06,57,571,50
광주,,2022-07,1421,398,772
광주,,2022-08,471,22,621
광주,,2022-09,2255,54,529
광주,,2022-10,341,662,4084
광주,,2022-11,1257,3214,
광주,,2022-12,3476,23,121
광주,,2023-01,811,,70
광주,,2023-02,154,917,694
광주,,2023-03,902,338,176
광주,,2023-04,584,397,146
광주,,2023-05,1875,815,568
광주,,2023-06,554,99,86
광주,,2023-07,948,,560
광주,,2023-08,3776,734,
광주,,2023-09,197,2146,24
광주,,2023-10,470,460,397
광주,,2023-11,474,,1118
광주,,2023-12,494,6880,305
광주,,2024-01,240,2608,418
광주,,2024-02,0,,27
광주,,2024-03,535,428,1205
광주,,2024-04,412,,4703
광주,,2024-05,0,,
광주,,2024-06,104,770,40
광주,,2024-07,1742,,414
광주,,2024-08,0,,153
광주,,2024-09,56,,542
광주,,2024-10,0,,
광주,,2024-11,162,,736
광주,,2024-12,1807,,2138
광주,,2025-01,213,0,2731
광주,,2025-02,352,0,751
광주,,2025-03,0,0,1703
광주,,2025-04,1826,56,941
광주,,2025-05,98,0,0
광주,,2025-06,4315,0,175
광주,,2025-07,48,0,78
광주,,2025-08,0,240,0
광주,,2025-09,700,0,565
광주,,2025-10,0,0,0
광주,,2025-11,0,0,0
광주,,2025-12,0,2834,1354
광주,,2026-01,0,162,0
광주,,2026-02,0,0,0
광주,,2026-03,1188,0,3269
광주,,2026-04,0,0,1127
광주,,2026-05,0,0,0
광주,,2026-06,0,569,0
대전,,2007-01,0,,
대전,,2007-02,0,,
대전,,2007-03,0,,
대전,,2007-04,0,,
대전,,2007-05,384,,
대전,,2007-06,360,,
대전,,2007-07,0,,
대전,,2007-08,0,,
대전,,2007-09,0,,
대전,,2007-10,3030,,
대전,,2007-11,1050,,
대전,,2007-12,5537,,
대전,,2008-01,258,,
대전,,2008-02,2656,,
대전,,2008-03,0,,
대전,,2008-04,1529,,
대전,,2008-05,50,,
대전,,2008-06,252,,
대전,,2008-07,0,,
대전,,2008-08,0,,
대전,,2008-09,0,,
대전,,2008-10,885,,
대전,,2008-11,1653,,
대전,,2008-12,6482,,
대전,,2009-01,0,,
대전,,2009-02,645,,
대전,,2009-03,14,,
대전,,2009-04,0,,
대전,,2009-05,0,,
대전,,2009-06,0,,
대전,,2009-07,0,,
대전,,2009-08,0,,
대전,,2009-09,0,,
대전,,2009-10,0,,
대전,,2009-11,0,,
대전,,2009-12,0,,
대전,,2010-01,0,,
대전,,2010-02,0,,
대전,,2010-03,145,,
대전,,2010-04,0,,
대전,,2010-05,293,,
대전,,2010-06,0,,
대전,,2010-07,99,,
대전,,2010-08,268,,1668
대전,,2010-09,307,,897
대전,,2010-10,242,,2559
대전,,2010-11,60,,72
대전,,2010-12,728,,3099
대전,,2011-01,378,518,0
대전,,2011-02,153,100,0
대전,,2011-03,132,587,132
대전,,2011-04,1941,91,732
대전,,2011-05,96,2143,0
대전,,2011-06,169,96,780
대전,,2011-07,396,110,1121
대전,,2011-08,3411,430,1729
대전,,2011-09,7015,2446,890
대전,,2011-10,-1177,4955,4007
대전,,2011-11,3373,619,3417
대전,,2011-12,1725,2381,431
대전,,2012-01,827,344,2622
대전,,2012-02,223,402,70
대전,,2012-03,49,552,147
대전,,2012-04,141,42,662
대전,,2012-05,104,126,701
대전,,2012-06,118,53,111
대전,,2012-07,968,343,27
대전,,2012-08,504,0,112
대전,,2012-09,112,680,1012
대전,,2012-10,299,425,99
대전,,2012-11,-150,162,365
대전,,2012-12,1054,2443,118
대전,,2013-01,109,16,96
대전,,2013-02,0,102,210
대전,,2013-03,0,638,190
대전,,2013-04,0,0,0
대전,,2013-05,128,0,849
대전,,2013-06,1284,194,1246
대전,,2013-07,244,16,0
대전,,2013-08,519,52,296
대전,,2013-09,460,500,1309
대전,,2013-10,1034,1062,1445
대전,,2013-11,0,1566,200
대전,,2013-12,16,1983,72
대전,,2014-01,198,219,96
대전,,2014-02,0,,2905
대전,,2014-03,20,28,957
대전,,2014-04,1339,138,945
대전,,2014-05,794,1221,85
대전,,2014-06,0,1460,2495
대전,,2014-07,0,,322
대전,,2014-08,0,71,1703
대전,,2014-09,0,1142,20
대전,,2014-10,739,228,1771
대전,,2014-11,321,180,25
대전,,2014-12,181,1032,574
대전,,2015-01,143,460,320
대전,,2015-02,994,143,252
대전,,2015-03,1626,1037,
대전,,2015-04,28,46,
대전,,2015-05,623,1805,1189
대전,,2015-06,47,793,1911
대전,,2015-07,183,46,
대전,,2015-08,615,,163
대전,,2015-09,1160,27,106
대전,,2015-10,1296,2774,500
대전,,2015-11,208,215,1178
대전,,2015-12,0,208,83
대전,,2016-01,347,160,143
대전,,2016-02,400,41,460
대전,,2016-03,136,2479,563
대전,,2016-04,19,214,247
대전,,2016-05,66,,1009
대전,,2016-06,3520,21,430
대전,,2016-07,307,312,
대전,,2016-08,0,105,35
대전,,2016-09,973,309,1599
대전,,2016-10,1137,1337,
대전,,2016-11,2785,1072,487
대전,,2016-12,2652,832,252
대전,,2017-01,88,270,512
대전,,2017-02,299,2251,124
대전,,2017-03,0,66,182
대전,,2017-04,202,15,2889
대전,,2017-05,2098,389,179
대전,,2017-06,1641,,611
대전,,2017-07,494,680,866
대전,,2017-08,126,835,
대전,,2017-09,150,78,200
대전,,2017-10,997,411,765
대전,,2017-11,18,,1102
대전,,2017-12,3751,4180,185
대전,,2018-01,54,882,
대전,,2018-02,214,150,461
대전,,2018-03,919,108,124
대전,,2018-04,83,270,1060
대전,,2018-05,108,230,60
대전,,2018-06,0,207,778
대전,,2018-07,1951,140,2176
대전,,2018-08,131,1951,1159
대전,,2018-09,292,363,1345
대전,,2018-10,476,1757,328
대전,,2018-11,14,227,18
대전,,2018-12,409,356,95
대전,,2019-01,3470,83,28
대전,,2019-02,1115,,256
대전,,2019-03,839,2609,
대전,,2019-04,896,28,719
대전,,2019-05,494,299,
대전,,2019-06,8794,2408,1064
대전,,2019-07,176,,486
대전,,2019-08,224,845,2249
대전,,2019-09,0,,501
대전,,2019-10,2354,2940,1241
대전,,2019-11,0,,148
대전,,2019-12,1671,1238,150
대전,,2020-01,1306,20,46
대전,,2020-02,808,,189
대전,,2020-03,2099,430,187
대전,,2020-04,387,2825,1830
대전,,2020-05,0,51,83
대전,,2020-06,3122,322,
대전,,2020-07,1024,386,29
대전,,2020-08,0,,1133
대전,,2020-09,2808,1825,1503
대전,,2020-10,418,1180,296
대전,,2020-11,3343,26,2267
대전,,2020-12,319,2057,97
대전,,2021-01,749,174,
대전,,2021-02,2489,466,
대전,,2021-03,3319,743,
대전,,2021-04,0,953,176
대전,,2021-05,1170,1605,
대전,,2021-06,53,850,
대전,,2021-07,0,2241,
대전,,2021-08,255,934,299
대전,,2021-09,227,174,
대전,,2021-10,871,527,6079
대전,,2021-11,873,1558,55
대전,,2021-12,2220,6231,200
대전,,2022-01,,237,
대전,,2022-02,,65,1022
대전,,2022-03,,4437,1266
대전,,2022-04,5200,232,
대전,,2022-05,1945,,2737
대전,,2022-06,1076,808,15
대전,,2022-07,1428,2338,2055
대전,,2022-08,3111,128,634
대전,,2022-09,400,1794,189
대전,,2022-10,0,1754,760
대전,,2022-11,213,414,1550
대전,,2022-12,1743,100,
대전,,2023-01,680,,24
대전,,2023-02,1939,,419
대전,,2023-03,4151,,1747
대전,,2023-04,2083,,
대전,,2023-05,0,742,490
대전,,2023-06,2160,,110
대전,,2023-07,660,,
대전,,2023-08,0,46,
대전,,2023-09,585,,
대전,,2023-10,562,924,1152
대전,,2023-11,0,818,116
대전,,2023-12,675,2524,
대전,,2024-01,2863,,256
대전,,2024-02,3247,1213,1517
대전,,2024-03,4127,1311,845
대전,,2024-04,2051,1746,2824
대전,,2024-05,864,,
대전,,2024-06,0,3650,1610
대전,,2024-07,1161,4075,1408
대전,,2024-08,140,,998
대전,,2024-09,3436,336,599
대전,,2024-10,3471,2946,655
대전,,2024-11,1499,,2263
대전,,2024-12,5297,3373,
대전,,2025-01,0,0,0
대전,,2025-02,0,1547,5129
대전,,2025-03,3091,0,0
대전,,2025-04,665,652,2539
대전,,2025-05,2622,134,0
대전,,2025-06,140,0,2282
대전,,2025-07,0,-652,175
대전,,2025-08,0,1084,800
대전,,2025-09,1028,41,0
대전,,2025-10,4715,439,936
대전,,2025-11,1902,1324,0
대전,,2025-12,3231,492,138
대전,,2026-01,1665,142,0
대전,,2026-02,980,0,1029
대전,,2026-03,0,2293,264
대전,,2026-04,3172,951,1349
대전,,2026-05,0,274,500
대전,,2026-06,0,0,0
대전,,2026-07,0,0,1754
울산,,2007-01,42,,
울산,,2007-02,1024,,
울산,,2007-03,499,,
울산,,2007-04,2054,,
울산,,2007-05,71,,
울산,,2007-06,1636,,
울산,,2007-07,4101,,
울산,,2007-08,1388,,
울산,,2007-09,3880,,
울산,,2007-10,1035,,
울산,,2007-11,3834,,
울산,,2007-12,3008,,
울산,,2008-01,1010,,
울산,,2008-02,0,,
울산,,2008-03,30,,
울산,,2008-04,192,,
울산,,2008-05,488,,
울산,,2008-06,0,,
울산,,2008-07,70,,
울산,,2008-08,18,,
울산,,2008-09,1239,,
울산,,2008-10,192,,
울산,,2008-11,134,,
울산,,2008-12,1102,,
울산,,2009-01,0,,
울산,,2009-02,0,,
울산,,2009-03,236,,
울산,,2009-04,63,,
울산,,2009-05,18,,
울산,,2009-06,0,,
울산,,2009-07,0,,
울산,,2009-08,1615,,
울산,,2009-09,18,,
울산,,2009-10,0,,
울산,,2009-11,0,,
울산,,2009-12,3358,,
울산,,2010-01,196,,
울산,,2010-02,0,,
울산,,2010-03,0,,
울산,,2010-04,24,,
울산,,2010-05,0,,
울산,,2010-06,0,,
울산,,2010-07,43,,
울산,,2010-08,584,,0
울산,,2010-09,849,,0
울산,,2010-10,193,,806
울산,,2010-11,65,,2890
울산,,2010-12,1009,,317
울산,,2011-01,440,268,672
울산,,2011-02,19,60,0
울산,,2011-03,1103,1438,32
울산,,2011-04,1091,1542,0
울산,,2011-05,484,626,137
울산,,2011-06,108,18,1407
울산,,2011-07,1288,139,402
울산,,2011-08,1665,388,100
울산,,2011-09,69,68,11
울산,,2011-10,48,2465,19
울산,,2011-11,704,14,293
울산,,2011-12,2232,17,50
울산,,2012-01,785,19,54
울산,,2012-02,337,220,0
울산,,2012-03,685,1053,947
울산,,2012-04,49,870,56
울산,,2012-05,1040,941,82
울산,,2012-06,274,2185,105
울산,,2012-07,0,478,2316
울산,,2012-08,1945,343,124
울산,,2012-09,48,2855,16
울산,,2012-10,380,563,0
울산,,2012-11,198,111,47
울산,,2012-12,374,366,97
울산,,2013-01,26,300,24
울산,,2013-02,0,0,1678
울산,,2013-03,19,1942,482
울산,,2013-04,926,0,72
울산,,2013-05,36,890,229
울산,,2013-06,54,36,530
울산,,2013-07,59,54,0
울산,,2013-08,794,627,1385
울산,,2013-09,437,18,0
울산,,2013-10,565,491,1284
울산,,2013-11,18,1776,575
울산,,2013-12,279,233,1954
울산,,2014-01,336,,163
울산,,2014-02,3138,271,1512
울산,,2014-03,19,19,1257
울산,,2014-04,849,28,514
울산,,2014-05,26,12,2125
울산,,2014-06,18,26,694
울산,,2014-07,312,34,1112
울산,,2014-08,59,37,61
울산,,2014-09,832,347,1346
울산,,2014-10,2989,3164,717
울산,,2014-11,1428,1331,566
울산,,2014-12,774,999,55
울산,,2015-01,80,35,14
울산,,2015-02,499,1380,1708
울산,,2015-03,98,667,1152
울산,,2015-04,962,832,1325
울산,,2015-05,928,516,1767
울산,,2015-06,89,689,
울산,,2015-07,1701,917,14
울산,,2015-08,656,86,712
울산,,2015-09,1430,81,1127
울산,,2015-10,1651,1183,21
울산,,2015-11,1144,5644,569
울산,,2015-12,552,121,1978
울산,,2016-01,2708,684,0
울산,,2016-02,18,46,41
울산,,2016-03,2735,65,
울산,,2016-04,1775,3083,2003
울산,,2016-05,229,113,130
울산,,2016-06,211,243,311
울산,,2016-07,110,210,68
울산,,2016-08,2167,219,86
울산,,2016-09,2046,819,392
울산,,2016-10,831,4041,378
울산,,2016-11,510,1578,40
울산,,2016-12,630,1563,994
울산,,2017-01,,59,305
울산,,2017-02,,1462,995
울산,,2017-03,0,49,797
울산,,2017-04,903,21,225
울산,,2017-05,490,304,335
울산,,2017-06,2437,435,641
울산,,2017-07,209,,63
울산,,2017-08,17,887,1090
울산,,2017-09,975,61,2880
울산,,2017-10,1275,209,18
울산,,2017-11,1291,65,1862
울산,,2017-12,2138,1227,46
울산,,2018-01,22,77,1453
울산,,2018-02,117,69,822
울산,,2018-03,0,,1048
울산,,2018-04,886,57,321
울산,,2018-05,473,49,572
울산,,2018-06,1421,442,1649
울산,,2018-07,0,,137
울산,,2018-08,264,,
울산,,2018-09,393,946,110
울산,,2018-10,82,13,1316
울산,,2018-11,5252,,363
울산,,2018-12,2403,16,1842
울산,,2019-01,36,24,2466
울산,,2019-02,0,291,2704
울산,,2019-03,0,892,26
울산,,2019-04,166,1541,1162
울산,,2019-05,50,18,1814
울산,,2019-06,2465,32,660
울산,,2019-07,0,,433
울산,,2019-08,0,926,92
울산,,2019-09,0,26,1299
울산,,2019-10,22,166,319
울산,,2019-11,106,934,471
울산,,2019-12,2341,486,849
울산,,2020-01,2687,,11
울산,,2020-02,0,632,783
울산,,2020-03,924,22,44
울산,,2020-04,0,,
울산,,2020-05,0,2687,
울산,,2020-06,600,,57
울산,,2020-07,0,216,
울산,,2020-08,0,2625,879
울산,,2020-09,481,384,25
울산,,2020-10,1082,,35
울산,,2020-11,24,754,978
울산,,2020-12,292,3115,914
울산,,2021-01,1961,123,390
울산,,2021-02,0,,
울산,,2021-03,1262,1770,
울산,,2021-04,293,1082,
울산,,2021-05,38,64,405
울산,,2021-06,388,211,
울산,,2021-07,52,681,
울산,,2021-08,0,32,
울산,,2021-09,1092,,
울산,,2021-10,520,52,851
울산,,2021-11,1375,475,
울산,,2021-12,1179,382,
울산,,2022-01,397,848,101
울산,,2022-02,1318,,309
울산,,2022-03,0,465,246
울산,,2022-04,1262,74,1104
울산,,2022-05,282,520,126
울산,,2022-06,1040,1859,
울산,,2022-07,496,840,934
울산,,2022-08,438,302,166
울산,,2022-09,2099,481,
울산,,2022-10,1447,594,671
울산,,2022-11,782,2468,
울산,,2022-12,3064,842,376
울산,,2023-01,1351,193,
울산,,2023-02,656,,
울산,,2023-03,1593,,404
울산,,2023-04,2226,49,
울산,,2023-05,1027,,2723
울산,,2023-06,439,,763
울산,,2023-07,194,,380
울산,,2023-08,356,,
울산,,2023-09,1735,,
울산,,2023-10,142,1430,3080
울산,,2023-11,612,533,1082
울산,,2023-12,3624,2664,442
울산,,2024-01,36,,912
울산,,2024-02,0,,52
울산,,2024-03,1018,178,
울산,,2024-04,1462,,22
울산,,2024-05,558,,663
울산,,2024-06,0,,967
울산,,2024-07,532,,
울산,,2024-08,0,803,273
울산,,2024-09,0,,607
울산,,2024-10,190,731,200
울산,,2024-11,0,,
울산,,2024-12,611,2134,800
울산,,2025-01,496,368,0
울산,,2025-02,0,0,581
울산,,2025-03,448,430,0
울산,,2025-04,0,66,1252
울산,,2025-05,0,0,0
울산,,2025-06,1424,316,1053
울산,,2025-07,0,0,975
울산,,2025-08,0,199,0
울산,,2025-09,215,1323,312
울산,,2025-10,29,39,0
울산,,2025-11,0,29,360
울산,,2025-12,6672,29,402
울산,,2026-01,700,0,0
울산,,2026-02,475,652,0
울산,,2026-03,0,0,267
울산,,2026-04,0,40,0
울산,,2026-05,0,0,0
울산,,2026-06,1862,301,339
울산,,2026-07,0,2221,848
세종,,2012-07,,,0
세종,,2012-08,1638,478,29
세종,,2012-09,1656,825,0
세종,,2012-10,3575,1200,0
세종,,2012-11,1388,3481,0
세종,,2012-12,8566,2605,1828
세종,,2013-01,0,1327,0
세종,,2013-02,756,1698,983
세종,,2013-03,3108,1524,0
세종,,2013-04,1282,903,0
세종,,2013-05,562,818,0
세종,,2013-06,760,2543,0
세종,,2013-07,0,271,585
세종,,2013-08,454,816,0
세종,,2013-09,1064,0,0
세종,,2013-10,469,900,0
세종,,2013-11,4327,2626,0
세종,,2013-12,3437,2170,2720
세종,,2014-01,255,376,72
세종,,2014-02,145,164,76
세종,,2014-03,656,145,
세종,,2014-04,174,911,1687
세종,,2014-05,2021,266,909
세종,,2014-06,166,4141,
세종,,2014-07,5115,59,1549
세종,,2014-08,2435,672,4346
세종,,2014-09,0,1694,1495
세종,,2014-10,649,3240,2659
세종,,2014-11,760,4115,2784
세종,,2014-12,0,760,2322
세종,,2015-01,204,1164,2316
세종,,2015-02,1512,204,1311
세종,,2015-03,0,,538
세종,,2015-04,0,1678,2000
세종,,2015-05,0,,723
세종,,2015-06,5456,1809,2250
세종,,2015-07,3414,2510,2523
세종,,2015-08,1401,2495,1434
세종,,2015-09,1465,1748,508
세종,,2015-10,299,1015,1813
세종,,2015-11,849,299,243
세종,,2015-12,0,2429,3056
세종,,2016-01,,,773
세종,,2016-02,,,823
세종,,2016-03,713,829,266
세종,,2016-04,1628,3968,
세종,,2016-05,934,,1397
세종,,2016-06,0,1099,
세종,,2016-07,2699,595,1211
세종,,2016-08,1438,190,946
세종,,2016-09,1703,2232,1888
세종,,2016-10,0,,
세종,,2016-11,2249,2620,476
세종,,2016-12,350,4587,656
세종,,2017-01,672,,
세종,,2017-02,0,,2309
세종,,2017-03,0,,580
세종,,2017-04,0,672,7481
세종,,2017-05,295,,
세종,,2017-06,153,128,47
세종,,2017-07,0,295,3196
세종,,2017-08,290,290,
세종,,2017-09,0,25,
세종,,2017-10,1716,,1301
세종,,2017-11,2378,,700
세종,,2017-12,3100,4333,366
세종,,2018-01,,528,2494
세종,,2018-02,,,1415
세종,,2018-03,0,3951,3448
세종,,2018-04,0,170,1409
세종,,2018-05,0,,667
세종,,2018-06,0,,1523
세종,,2018-07,0,,25
세종,,2018-08,0,,1905
세종,,2018-09,0,,
세종,,2018-10,596,0,
세종,,2018-11,0,,1993
세종,,2018-12,1245,3196,362
세종,,2019-01,,29,345
세종,,2019-02,,,1433
세종,,2019-03,,3475,190
세종,,2019-04,0,465,1448
세종,,2019-05,26,,2042
세종,,2019-06,0,,1198
세종,,2019-07,0,,1080
세종,,2019-08,0,26,1406
세종,,2019-09,0,,1749
세종,,2019-10,0,,
세종,,2019-11,0,,0
세종,,2019-12,749,1629,
세종,,2020-01,326,,
세종,,2020-02,210,,558
세종,,2020-03,0,,
세종,,2020-04,1990,,
세종,,2020-05,0,536,
세종,,2020-06,0,,
세종,,2020-07,0,,
세종,,2020-08,458,,26
세종,,2020-09,0,458,4638
세종,,2020-10,0,,672
세종,,2020-11,1350,,
세종,,2020-12,0,2598,1500
세종,,2021-01,,1350,343
세종,,2021-02,,,528
세종,,2021-03,,1593,
세종,,2021-05,0,,
세종,,2021-06,329,,845
세종,,2021-07,0,1350,
세종,,2021-08,0,329,1031
세종,,2021-09,0,,1347
세종,,2021-10,660,,
세종,,2021-11,0,,
세종,,2021-12,400,660,1100
세종,,2022-01,2070,,
세종,,2022-02,0,,
세종,,2022-03,0,1035,499
세종,,2022-04,0,,596
세종,,2022-05,0,,597
세종,,2022-06,0,,
세종,,2022-07,0,200,
세종,,2022-08,416,,
세종,,2022-09,0,,
세종,,2022-10,500,,
세종,,2022-11,190,,465
세종,,2022-12,0,238,1568
세종,,2023-06,0,,
세종,,2023-07,0,,
세종,,2023-08,0,,
세종,,2023-09,0,,458
세종,,2023-10,0,,995
세종,,2023-11,0,,
세종,,2023-12,656,,
세종,,2024-03,0,,1679
세종,,2024-04,2064,,
세종,,2024-05,0,,
세종,,2024-06,0,,1350
세종,,2024-07,0,,
세종,,2024-08,0,,
세종,,2024-09,0,500,660
세종,,2024-10,0,,256
세종,,2024-11,0,,
세종,,2024-12,5535,3021,1451
세종,,2025-01,0,0,0
세종,,2025-02,0,0,0
세종,,2025-03,0,0,151
세종,,2025-04,0,0,0
세종,,2025-05,0,0,0
세종,,2025-06,0,1110,0
세종,,2025-07,0,0,0
세종,,2025-08,0,0,0
세종,,2025-09,0,424,0
세종,,2025-10,0,0,238
세종,,2025-11,0,0,0
세종,,2025-12,0,1857,0
세종,,2026-01,0,0,0
세종,,2026-02,0,0,0
세종,,2026-03,676,0,0
세종,,2026-04,3190,0,0
세종,,2026-05,0,0,0
세종,,2026-06,0,0,0
세종,,2026-07,0,676,0
경기,,2007-01,1679,,
경기,,2007-02,1932,,
경기,,2007-03,1548,,
경기,,2007-04,2235,,
경기,,2007-05,10748,,
경기,,2007-06,5346,,
경기,,2007-07,9157,,
경기,,2007-08,13313,,
경기,,2007-09,14096,,
경기,,2007-10,52691,,
경기,,2007-11,26940,,
경기,,2007-12,37384,,
경기,,2008-01,1945,,
경기,,2008-02,488,,
경기,,2008-03,665,,
경기,,2008-04,2702,,
경기,,2008-05,1822,,
경기,,2008-06,418,,
경기,,2008-07,4723,,
경기,,2008-08,7054,,
경기,,2008-09,1012,,
경기,,2008-10,5955,,
경기,,2008-11,14323,,
경기,,2008-12,46032,,
경기,,2009-01,942,,
경기,,2009-02,883,,
경기,,2009-03,3468,,
경기,,2009-04,1185,,
경기,,2009-05,1564,,
경기,,2009-06,8372,,
경기,,2009-07,3576,,
경기,,2009-08,4602,,
경기,,2009-09,12885,,
경기,,2009-10,7808,,
경기,,2009-11,11987,,
경기,,2009-12,81370,,
경기,,2010-01,1159,,
경기,,2010-02,4092,,
경기,,2010-03,8528,,
경기,,2010-04,4831,,
경기,,2010-05,6690,,
경기,,2010-06,2058,,
경기,,2010-07,2955,,
경기,,2010-08,2107,,11562
경기,,2010-09,1642,,4855
경기,,2010-10,10101,,10050
경기,,2010-11,15825,,4241
경기,,2010-12,57692,,12143
경기,,2011-01,2269,315,3096
경기,,2011-02,1525,2504,3365
경기,,2011-03,6171,3472,6470
경기,,2011-04,5043,8775,6147
경기,,2011-05,1453,3773,2439
경기,,2011-06,883,202,8494
경기,,2011-07,6216,1233,3042
경기,,2011-08,4429,2893,5655
경기,,2011-09,4524,2032,4403
경기,,2011-10,16048,12431,15189
경기,,2011-11,2925,8958,2513
경기,,2011-12,52530,12283,5447
경기,,2012-01,2670,801,4574
경기,,2012-02,2378,586,5952
경기,,2012-03,743,4250,3384
경기,,2012-04,5603,1609,1440
경기,,2012-05,3983,1650,5065
경기,,2012-06,4367,16452,6957
경기,,2012-07,6611,3115,6731
경기,,2012-08,1900,5786,4145
경기,,2012-09,12652,10903,3524
경기,,2012-10,6091,9263,8309
경기,,2012-11,6111,1374,6156
경기,,2012-12,40689,13954,5356
경기,,2013-01,3849,2140,70
경기,,2013-02,2323,8976,5596
경기,,2013-03,2312,3018,1577
경기,,2013-04,2625,5934,8269
경기,,2013-05,1472,1851,6019
경기,,2013-06,3283,4361,5578
경기,,2013-07,4663,8068,599
경기,,2013-08,504,5662,2067
경기,,2013-09,4596,8097,3479
경기,,2013-10,4812,3945,8177
경기,,2013-11,6108,5702,11375
경기,,2013-12,17786,17269,2605
경기,,2014-01,4343,1930,1672
경기,,2014-02,5253,5932,3135
경기,,2014-03,8093,774,1458
경기,,2014-04,3999,14203,6548
경기,,2014-05,4493,5797,6541
경기,,2014-06,2539,3661,8541
경기,,2014-07,12413,4528,5081
경기,,2014-08,6721,4715,1624
경기,,2014-09,10636,5640,6037
경기,,2014-10,14167,13255,3694
경기,,2014-11,12516,12052,10438
경기,,2014-12,31350,18149,4821
경기,,2015-01,6297,3487,3171
경기,,2015-02,6300,8241,6600
경기,,2015-03,17336,13714,2346
경기,,2015-04,14109,23298,3242
경기,,2015-05,17829,16889,3788
경기,,2015-06,23514,14320,9843
경기,,2015-07,22197,14122,10689
경기,,2015-08,16353,21217,8189
경기,,2015-09,28645,9319,4939
경기,,2015-10,15631,29879,12003
경기,,2015-11,15513,29020,4716
경기,,2015-12,34106,20832,10864
경기,,2016-01,9365,2656,4254
경기,,2016-02,14875,6802,5727
경기,,2016-03,18347,13027,2513
경기,,2016-04,10199,16472,12245
경기,,2016-05,9090,15907,8299
경기,,2016-06,34055,17171,12362
경기,,2016-07,13615,20687,8033
경기,,2016-08,7702,9944,10914
경기,,2016-09,5832,18957,9624
경기,,2016-10,12441,14724,10210
경기,,2016-11,18752,15896,8841
경기,,2016-12,37474,32135,8867
경기,,2017-01,18202,2879,5097
경기,,2017-02,5503,10611,6783
경기,,2017-03,8249,11781,2635
경기,,2017-04,8445,2627,6108
경기,,2017-05,9338,10417,11535
경기,,2017-06,6570,11317,12608
경기,,2017-07,13121,7609,13452
경기,,2017-08,8722,13698,15707
경기,,2017-09,8784,11442,14988
경기,,2017-10,8623,10185,21270
경기,,2017-11,19871,10110,12425
경기,,2017-12,35206,36551,12705
경기,,2018-01,4084,5152,21305
경기,,2018-02,10081,5866,14832
경기,,2018-03,11238,16409,7907
경기,,2018-04,10701,8260,10453
경기,,2018-05,4033,7805,17154
경기,,2018-06,7172,9096,19397
경기,,2018-07,9031,2806,16787
경기,,2018-08,6390,4861,13689
경기,,2018-09,9980,3749,17106
경기,,2018-10,7083,3460,11431
경기,,2018-11,6496,17892,13059
경기,,2018-12,43071,24958,16069
경기,,2019-01,6692,11668,13197
경기,,2019-02,9163,5785,10086
경기,,2019-03,14756,9902,13975
경기,,2019-04,12036,11355,10036
경기,,2019-05,5635,6628,16409
경기,,2019-06,8924,20678,24672
경기,,2019-07,2948,6023,10891
경기,,2019-08,6124,16026,10810
경기,,2019-09,13815,3166,8183
경기,,2019-10,9079,6640,4419
경기,,2019-11,8973,6268,7314
경기,,2019-12,46976,42951,8787
경기,,2020-01,3071,4288,8423
경기,,2020-02,17452,3071,11006
경기,,2020-03,9331,12636,6730
경기,,2020-04,7795,9326,8901
경기,,2020-05,9815,12426,6090
경기,,2020-06,5786,11368,15549
경기,,2020-07,17279,10510,23135
경기,,2020-08,7285,6617,9757
경기,,2020-09,6365,12898,4730
경기,,2020-10,7349,11548,9923
경기,,2020-11,8623,9688,9278
경기,,2020-12,46876,43687,9953
경기,,2021-01,4926,10079,12477
경기,,2021-02,9409,13090,11312
경기,,2021-03,11958,9907,5981
경기,,2021-04,10747,6366,3477
경기,,2021-05,7763,8332,6733
경기,,2021-06,13639,11540,10668
경기,,2021-07,13223,5467,13982
경기,,2021-08,7716,10129,10576
경기,,2021-09,5049,15390,2236
경기,,2021-10,7977,4957,8278
경기,,2021-11,4586,8943,9746
경기,,2021-12,47659,30263,16816
경기,,2022-01,3051,3908,2341
경기,,2022-02,2862,7687,6970
경기,,2022-03,8926,7176,4564
경기,,2022-04,8298,3683,9901
경기,,2022-05,7379,4808,4167
경기,,2022-06,13229,4336,7409
경기,,2022-07,10401,6494,12967
경기,,2022-08,8186,6583,9914
경기,,2022-09,1211,14079,12539
경기,,2022-10,3676,4260,9895
경기,,2022-11,11127,3285,6477
경기,,2022-12,14796,5200,17464
경기,,2023-01,3310,8969,6455
경기,,2023-02,6431,5426,10788
경기,,2023-03,4328,6419,7179
경기,,2023-04,8070,2036,12218
경기,,2023-05,10929,894,14959
경기,,2023-06,7484,4548,8072
경기,,2023-07,4534,7222,5471
경기,,2023-08,8793,2472,13716
경기,,2023-09,8792,2393,5815
경기,,2023-10,2046,5293,13666
경기,,2023-11,7427,7105,9983
경기,,2023-12,49895,13522,17164
경기,,2024-01,5566,6742,13356
경기,,2024-02,5671,7879,7528
경기,,2024-03,7701,1422,9925
경기,,2024-04,7422,13009,6880
경기,,2024-05,3729,4934,5624
경기,,2024-06,5433,5581,10303
경기,,2024-07,4832,4944,3868
경기,,2024-08,7495,15456,22107
경기,,2024-09,2705,4736,7333
경기,,2024-10,4070,7253,7089
경기,,2024-11,5541,3544,6863
경기,,2024-12,91887,23944,11099
경기,,2025-01,10384,1222,7487
경기,,2025-02,1160,2859,7706
경기,,2025-03,6318,6065,9819
경기,,2025-04,6404,10202,7387
경기,,2025-05,4114,4957,12093
경기,,2025-06,9115,16692,10427
경기,,2025-07,4206,9238,7393
경기,,2025-08,2571,7316,4282
경기,,2025-09,12146,11048,6298
경기,,2025-10,8867,5537,3032
경기,,2025-11,10859,8793,4730
경기,,2025-12,71002,24542,4319
경기,,2026-01,6085,6252,5765
경기,,2026-02,4916,2665,2595
경기,,2026-03,4719,2649,7638
경기,,2026-04,6094,9837,3108
경기,,2026-05,5459,6404,2622
경기,,2026-06,8112,7617,5968
경기,,2026-07,2855,5732,9114
강원,,2007-01,241,,
강원,,2007-02,0,,
강원,,2007-03,0,,
강원,,2007-04,584,,
강원,,2007-05,0,,
강원,,2007-06,1095,,
강원,,2007-07,125,,
강원,,2007-08,833,,
강원,,2007-09,577,,
강원,,2007-10,586,,
강원,,2007-11,758,,
강원,,2007-12,1550,,
강원,,2008-01,1061,,
강원,,2008-02,0,,
강원,,2008-03,273,,
강원,,2008-04,158,,
강원,,2008-05,933,,
강원,,2008-06,0,,
강원,,2008-07,140,,
강원,,2008-08,0,,
강원,,2008-09,869,,
강원,,2008-10,470,,
강원,,2008-11,436,,
강원,,2008-12,4179,,
강원,,2009-01,984,,
강원,,2009-02,0,,
강원,,2009-03,228,,
강원,,2009-04,0,,
강원,,2009-05,1558,,
강원,,2009-06,1622,,
강원,,2009-07,95,,
강원,,2009-08,55,,
강원,,2009-09,0,,
강원,,2009-10,0,,
강원,,2009-11,563,,
강원,,2009-12,2371,,
강원,,2010-01,0,,
강원,,2010-02,265,,
강원,,2010-03,90,,
강원,,2010-04,639,,
강원,,2010-05,0,,
강원,,2010-06,0,,
강원,,2010-07,0,,
강원,,2010-08,19,,226
강원,,2010-09,0,,435
강원,,2010-10,0,,870
강원,,2010-11,248,,0
강원,,2010-12,2522,,1263
강원,,2011-01,0,639,0
강원,,2011-02,114,451,0
강원,,2011-03,0,114,0
강원,,2011-04,0,0,0
강원,,2011-05,0,1277,470
강원,,2011-06,18,6,386
강원,,2011-07,409,463,0
강원,,2011-08,902,12,568
강원,,2011-09,1035,457,130
강원,,2011-10,1919,1083,0
강원,,2011-11,0,1667,0
강원,,2011-12,2506,3028,725
강원,,2012-01,0,0,82
강원,,2012-02,42,0,884
강원,,2012-03,0,99,0
강원,,2012-04,19,19,0
강원,,2012-05,0,641,306
강원,,2012-06,555,0,0
강원,,2012-07,653,555,639
강원,,2012-08,54,2070,0
강원,,2012-09,650,522,428
강원,,2012-10,718,740,819
강원,,2012-11,137,43,548
강원,,2012-12,1930,182,552
강원,,2013-01,84,0,0
강원,,2013-02,626,724,0
강원,,2013-03,0,320,755
강원,,2013-04,391,84,184
강원,,2013-05,121,403,606
강원,,2013-06,652,0,510
강원,,2013-07,451,109,111
강원,,2013-08,1244,60,59
강원,,2013-09,0,0,0
강원,,2013-10,630,489,30
강원,,2013-11,696,2057,538
강원,,2013-12,2063,1369,1110
강원,,2014-01,,,96
강원,,2014-02,,626,
강원,,2014-03,1045,833,397
강원,,2014-04,0,345,2482
강원,,2014-05,596,760,1034
강원,,2014-06,0,1776,621
강원,,2014-07,887,718,522
강원,,2014-08,2089,418,1180
강원,,2014-09,0,1460,1833
강원,,2014-10,0,19,737
강원,,2014-11,0,1321,
강원,,2014-12,418,,242
강원,,2015-01,412,,18
강원,,2015-02,497,418,
강원,,2015-03,32,123,
강원,,2015-04,251,19,661
강원,,2015-05,1190,729,1500
강원,,2015-06,557,2331,318
강원,,2015-07,136,3677,391
강원,,2015-08,1125,14,
강원,,2015-09,5591,,1290
강원,,2015-10,1257,3798,40
강원,,2015-11,493,982,2118
강원,,2015-12,1533,2491,1957
강원,,2016-01,1856,1142,0
강원,,2016-02,0,469,662
강원,,2016-03,100,880,
강원,,2016-04,564,27,326
강원,,2016-05,1745,2313,
강원,,2016-06,2598,2732,80
강원,,2016-07,1190,27,624
강원,,2016-08,3191,1314,1222
강원,,2016-09,3907,1159,14
강원,,2016-10,4050,4231,2308
강원,,2016-11,232,905,1082
강원,,2016-12,1480,5420,700
강원,,2017-01,,410,
강원,,2017-02,,427,145
강원,,2017-03,1909,,
강원,,2017-04,919,,418
강원,,2017-05,800,235,100
강원,,2017-06,4343,2176,
강원,,2017-07,1489,1350,220
강원,,2017-08,1668,1844,293
강원,,2017-09,3460,739,889
강원,,2017-10,637,379,1388
강원,,2017-11,674,3142,2800
강원,,2017-12,2630,4761,612
강원,,2018-01,2867,1420,1387
강원,,2018-02,303,416,
강원,,2018-03,1153,1275,1340
강원,,2018-04,2578,69,842
강원,,2018-05,1717,859,954
강원,,2018-06,2560,592,1639
강원,,2018-07,1416,969,2723
강원,,2018-08,414,1463,2272
강원,,2018-09,440,1164,178
강원,,2018-10,1925,99,1052
강원,,2018-11,198,588,1122
강원,,2018-12,1821,3227,4233
강원,,2019-01,1081,1774,1673
강원,,2019-02,402,1104,1284
강원,,2019-03,0,1473,998
강원,,2019-04,0,267,1994
강원,,2019-05,792,214,509
강원,,2019-06,866,916,427
강원,,2019-07,1462,133,1075
강원,,2019-08,209,,1618
강원,,2019-09,90,320,771
강원,,2019-10,785,698,2908
강원,,2019-11,1469,873,66
강원,,2019-12,5135,305,4475
강원,,2020-01,425,,232
강원,,2020-02,203,538,973
강원,,2020-03,568,664,464
강원,,2020-04,1152,879,2272
강원,,2020-05,1525,,1150
강원,,2020-06,810,29,2694
강원,,2020-07,0,1783,216
강원,,2020-08,279,530,
강원,,2020-09,205,321,965
강원,,2020-10,289,582,
강원,,2020-11,590,907,817
강원,,2020-12,1278,1942,1007
강원,,2021-02,,887,2762
강원,,2021-03,,1344,807
강원,,2021-04,,592,1005
강원,,2021-05,1761,265,
강원,,2021-06,1446,623,788
강원,,2021-07,1985,1334,965
강원,,2021-08,1491,,2066
강원,,2021-09,308,3245,826
강원,,2021-10,0,1326,549
강원,,2021-11,1414,1284,2021
강원,,2021-12,2117,1272,1966
강원,,2022-01,176,,29
강원,,2022-02,418,104,
강원,,2022-03,997,1404,1175
강원,,2022-04,0,1194,597
강원,,2022-05,2351,615,925
강원,,2022-06,12,1095,1003
강원,,2022-07,1658,1039,1057
강원,,2022-08,2473,2627,29
강원,,2022-09,2045,369,
강원,,2022-10,322,811,80
강원,,2022-11,822,1286,128
강원,,2022-12,1861,358,295
강원,,2023-01,1828,592,
강원,,2023-02,0,,2209
강원,,2023-03,2151,102,
강원,,2023-04,162,,402
강원,,2023-05,871,873,140
강원,,2023-06,1351,2078,2008
강원,,2023-07,612,970,
강원,,2023-08,0,,1491
강원,,2023-09,1398,1321,29
강원,,2023-10,1914,543,1253
강원,,2023-11,481,561,542
강원,,2023-12,3930,604,1011
강원,,2024-01,508,350,
강원,,2024-02,555,1502,1042
강원,,2024-03,755,,
강원,,2024-04,509,1024,897
강원,,2024-05,231,239,1851
강원,,2024-06,2178,1012,465
강원,,2024-07,0,774,120
강원,,2024-08,1543,96,160
강원,,2024-09,402,900,100
강원,,2024-10,1563,80,1530
강원,,2024-11,1447,447,2259
강원,,2024-12,924,1550,2692
강원,,2025-01,296,0,1909
강원,,2025-02,0,508,975
강원,,2025-03,251,80,0
강원,,2025-04,0,0,0
강원,,2025-05,0,0,997
강원,,2025-06,0,251,513
강원,,2025-07,0,569,0
강원,,2025-08,470,1323,0
강원,,2025-09,1668,0,2641
강원,,2025-10,0,0,2092
강원,,2025-11,387,0,838
강원,,2025-12,1589,213,922
강원,,2026-01,0,0,811
강원,,2026-02,0,263,0
강원,,2026-03,760,772,1167
강원,,2026-04,0,0,0
강원,,2026-05,419,0,29
강원,,2026-06,70,0,0
강원,,2026-07,391,564,2095
충북,,2007-01,25,,
충북,,2007-02,48,,
충북,,2007-03,236,,
충북,,2007-04,0,,
충북,,2007-05,285,,
충북,,2007-06,2214,,
충북,,2007-07,466,,
충북,,2007-08,1772,,
충북,,2007-09,969,,
충북,,2007-10,1937,,
충북,,2007-11,3515,,
충북,,2007-12,4580,,
충북,,2008-01,400,,
충북,,2008-02,80,,
충북,,2008-03,49,,
충북,,2008-04,0,,
충북,,2008-05,456,,
충북,,2008-06,462,,
충북,,2008-07,0,,
충북,,2008-08,0,,
충북,,2008-09,554,,
충북,,2008-10,866,,
충북,,2008-11,1270,,
충북,,2008-12,2003,,
충북,,2009-01,1820,,
충북,,2009-02,0,,
충북,,2009-03,0,,
충북,,2009-04,0,,
충북,,2009-05,467,,
충북,,2009-06,19,,
충북,,2009-07,0,,
충북,,2009-08,0,,
충북,,2009-09,1278,,
충북,,2009-10,0,,
충북,,2009-11,0,,
충북,,2009-12,3384,,
충북,,2010-01,12,,
충북,,2010-02,19,,
충북,,2010-03,0,,
충북,,2010-04,0,,
충북,,2010-05,0,,
충북,,2010-06,61,,
충북,,2010-07,839,,
충북,,2010-08,0,,1495
충북,,2010-09,0,,671
충북,,2010-10,0,,1713
충북,,2010-11,13,,1200
충북,,2010-12,2911,,704
충북,,2011-01,12,0,811
충북,,2011-02,433,0,0
충북,,2011-03,486,46,304
충북,,2011-04,106,100,0
충북,,2011-05,0,1821,1051
충북,,2011-06,25,0,498
충북,,2011-07,1,0,504
충북,,2011-08,1979,0,0
충북,,2011-09,149,1,0
충북,,2011-10,110,1333,18
충북,,2011-11,475,1194,214
충북,,2011-12,5323,1929,424
충북,,2012-01,0,0,0
충북,,2012-02,640,0,417
충북,,2012-03,161,2117,90
충북,,2012-04,2226,655,0
충북,,2012-05,1121,789,90
충북,,2012-06,1406,92,928
충북,,2012-07,0,1183,0
충북,,2012-08,1264,2317,19
충북,,2012-09,242,762,56
충북,,2012-10,535,79,294
충북,,2012-11,2267,1372,533
충북,,2012-12,5769,798,0
충북,,2013-01,0,42,0
충북,,2013-02,989,372,694
충북,,2013-03,1557,1353,903
충북,,2013-04,721,0,599
충북,,2013-05,637,19,120
충북,,2013-06,1073,1585,1995
충북,,2013-07,1653,0,29
충북,,2013-08,1689,56,0
충북,,2013-09,1332,1102,601
충북,,2013-10,298,2428,1099
충북,,2013-11,2095,1562,82
충북,,2013-12,29,1839,114
충북,,2014-01,127,691,19
충북,,2014-02,400,1327,
충북,,2014-03,2089,509,3372
충북,,2014-04,2128,2441,2094
충북,,2014-05,712,736,321
충북,,2014-06,235,394,506
충북,,2014-07,0,399,695
충북,,2014-08,19,1274,892
충북,,2014-09,1007,742,178
충북,,2014-10,670,2321,1049
충북,,2014-11,1321,,1629
충북,,2014-12,296,1201,1310
충북,,2015-01,1020,1941,
충북,,2015-02,0,285,29
충북,,2015-03,874,56,1029
충북,,2015-04,2651,1480,16
충북,,2015-05,556,782,1411
충북,,2015-06,1702,3675,
충북,,2015-07,3196,1176,711
충북,,2015-08,1671,890,476
충북,,2015-09,3392,1242,1644
충북,,2015-10,3775,6967,592
충북,,2015-11,1882,1983,2524
충북,,2015-12,998,4639,1580
충북,,2016-01,1145,51,1482
충북,,2016-02,3326,,1168
충북,,2016-03,3449,749,344
충북,,2016-04,2275,3676,
충북,,2016-05,450,1370,296
충북,,2016-06,3430,246,926
충북,,2016-07,9,3241,921
충북,,2016-08,1099,831,782
충북,,2016-09,2117,492,26
충북,,2016-10,2837,608,1035
충북,,2016-11,2588,2141,2109
충북,,2016-12,3451,1037,1633
충북,,2017-01,5354,409,348
충북,,2017-02,2017,4153,794
충북,,2017-03,6324,845,198
충북,,2017-04,27,3095,1945
충북,,2017-05,180,1523,36
충북,,2017-06,0,1555,1336
충북,,2017-07,66,25,926
충북,,2017-08,1548,,914
충북,,2017-09,1505,1507,786
충북,,2017-10,108,336,
충북,,2017-11,2614,673,3392
충북,,2017-12,7765,6160,2629
충북,,2018-01,3074,,1315
충북,,2018-02,2870,,2639
충북,,2018-03,1110,3110,842
충북,,2018-04,1516,1871,1632
충북,,2018-05,28,2265,98
충북,,2018-06,5511,2907,1655
충북,,2018-07,284,2566,1233
충북,,2018-08,945,,4257
충북,,2018-09,1615,,3553
충북,,2018-10,2601,0,3846
충북,,2018-11,0,435,2496
충북,,2018-12,2803,1566,1185
충북,,2019-01,,,600
충북,,2019-02,,1312,28
충북,,2019-03,96,1046,1194
충북,,2019-04,786,,905
충북,,2019-05,96,585,120
충북,,2019-06,72,1315,
충북,,2019-07,0,74,2629
충북,,2019-08,1148,200,1347
충북,,2019-09,400,1590,2785
충북,,2019-10,2531,1148,1317
충북,,2019-11,605,201,0
충북,,2019-12,2038,775,1406
충북,,2020-01,572,,466
충북,,2020-02,0,,2071
충북,,2020-03,0,1368,1030
충북,,2020-04,0,562,16
충북,,2020-05,0,1516,1520
충북,,2020-06,0,,1507
충북,,2020-07,1626,2713,2962
충북,,2020-08,0,1046,591
충북,,2020-09,884,2950,2176
충북,,2020-10,2440,,
충북,,2020-11,425,,4119
충북,,2020-12,1424,3760,610
충북,,2021-01,2671,1691,705
충북,,2021-02,1164,330,
충북,,2021-03,145,1322,1397
충북,,2021-04,54,1278,
충북,,2021-05,0,1610,1169
충북,,2021-06,1849,2149,
충북,,2021-07,27,80,1076
충북,,2021-08,0,2664,
충북,,2021-09,4150,2861,1692
충북,,2021-10,1968,27,72
충북,,2021-11,897,,770
충북,,2021-12,64,6266,489
충북,,2022-01,3246,59,
충북,,2022-02,2315,,
충북,,2022-03,2970,1954,971
충북,,2022-04,5892,1742,
충북,,2022-05,1238,1229,2162
충북,,2022-06,0,1554,1641
충북,,2022-07,0,334,
충북,,2022-08,3128,2256,562
충북,,2022-09,350,545,30
충북,,2022-10,2297,1019,735
충북,,2022-11,1867,1317,155
충북,,2022-12,4091,2117,2242
충북,,2023-01,,,30
충북,,2023-02,,1000,925
충북,,2023-03,1560,644,
충북,,2023-04,760,1474,350
충북,,2023-05,946,800,
충북,,2023-06,0,1288,5823
충북,,2023-07,70,,2160
충북,,2023-08,1766,,
충북,,2023-09,1067,,574
충북,,2023-10,543,90,864
충북,,2023-11,955,2227,
충북,,2023-12,2262,80,330
충북,,2024-01,,2094,
충북,,2024-02,,2330,1388
충북,,2024-03,1235,,1186
충북,,2024-04,962,,3288
충북,,2024-05,625,,607
충북,,2024-06,1994,1450,
충북,,2024-07,576,,687
충북,,2024-08,497,847,1598
충북,,2024-09,1201,342,
충북,,2024-10,842,478,3830
충북,,2024-11,4456,830,3509
충북,,2024-12,3596,3427,366
충북,,2025-01,796,0,1485
충북,,2025-02,256,1551,545
충북,,2025-03,660,252,0
충북,,2025-04,1351,0,902
충북,,2025-05,0,0,1113
충북,,2025-06,0,2397,2238
충북,,2025-07,659,2514,2450
충북,,2025-08,0,962,694
충북,,2025-09,0,1618,2971
충북,,2025-10,0,0,2705
충북,,2025-11,86,50,1505
충북,,2025-12,78,1368,90
충북,,2026-01,0,0,2341
충북,,2026-02,0,78,0
충북,,2026-03,1994,1351,414
충북,,2026-04,1817,0,800
충북,,2026-05,498,0,874
충북,,2026-06,0,0,0
충북,,2026-07,1671,0,1317
충남,,2007-01,628,,
충남,,2007-02,1026,,
충남,,2007-03,1314,,
충남,,2007-04,74,,
충남,,2007-05,2611,,
충남,,2007-06,1116,,
충남,,2007-07,1325,,
충남,,2007-08,920,,
충남,,2007-09,464,,
충남,,2007-10,3752,,
충남,,2007-11,5877,,
충남,,2007-12,4492,,
충남,,2008-01,857,,
충남,,2008-02,0,,
충남,,2008-03,1030,,
충남,,2008-04,2426,,
충남,,2008-05,1054,,
충남,,2008-06,1788,,
충남,,2008-07,0,,
충남,,2008-08,0,,
충남,,2008-09,93,,
충남,,2008-10,1805,,
충남,,2008-11,1131,,
충남,,2008-12,6296,,
충남,,2009-01,1360,,
충남,,2009-02,0,,
충남,,2009-03,0,,
충남,,2009-04,78,,
충남,,2009-05,18,,
충남,,2009-06,6901,,
충남,,2009-07,896,,
충남,,2009-08,2570,,
충남,,2009-09,1286,,
충남,,2009-10,0,,
충남,,2009-11,0,,
충남,,2009-12,4453,,
충남,,2010-01,0,,
충남,,2010-02,605,,
충남,,2010-03,0,,
충남,,2010-04,0,,
충남,,2010-05,0,,
충남,,2010-06,0,,
충남,,2010-07,223,,
충남,,2010-08,0,,724
충남,,2010-09,0,,1304
충남,,2010-10,896,,464
충남,,2010-11,6130,,549
충남,,2010-12,842,,1623
충남,,2011-01,57,471,1502
충남,,2011-02,159,0,230
충남,,2011-03,19,915,36
충남,,2011-04,76,947,0
충남,,2011-05,209,150,1030
충남,,2011-06,247,669,2385
충남,,2011-07,1069,192,0
충남,,2011-08,4392,271,0
충남,,2011-09,2163,1453,569
충남,,2011-10,10214,3460,3142
충남,,2011-11,3889,7287,260
충남,,2011-12,13410,-1494,916
충남,,2012-01,962,0,2224
충남,,2012-02,1514,4171,676
충남,,2012-03,4264,2153,151
충남,,2012-04,2282,1904,957
충남,,2012-05,1190,2510,4357
충남,,2012-06,2386,3327,175
충남,,2012-07,1181,267,0
충남,,2012-08,3645,1692,471
충남,,2012-09,1198,1087,29
충남,,2012-10,323,431,1747
충남,,2012-11,1125,36,1294
충남,,2012-12,11652,3585,1148
충남,,2013-01,199,1500,960
충남,,2013-02,2120,1420,128
충남,,2013-03,1333,120,49
충남,,2013-04,1790,1050,655
충남,,2013-05,772,143,1896
충남,,2013-06,2529,862,1007
충남,,2013-07,540,1838,178
충남,,2013-08,1216,3187,735
충남,,2013-09,2346,1903,934
충남,,2013-10,1845,6186,240
충남,,2013-11,497,37,1712
충남,,2013-12,8167,1759,1009
충남,,2014-01,1068,132,426
충남,,2014-02,710,,417
충남,,2014-03,1269,1683,1015
충남,,2014-04,2598,1401,282
충남,,2014-05,2065,2399,1183
충남,,2014-06,4432,4004,72
충남,,2014-07,936,1201,1102
충남,,2014-08,4810,,1842
충남,,2014-09,1120,4599,2092
충남,,2014-10,2638,2004,1742
충남,,2014-11,1501,4160,889
충남,,2014-12,4737,685,2436
충남,,2015-01,3450,1545,283
충남,,2015-02,3488,1144,473
충남,,2015-03,816,2888,1053
충남,,2015-04,2395,3721,921
충남,,2015-05,1302,2292,294
충남,,2015-06,1323,3337,
충남,,2015-07,215,520,3639
충남,,2015-08,3321,3937,889
충남,,2015-09,1397,1851,1504
충남,,2015-10,3902,3143,2053
충남,,2015-11,921,5944,1573
충남,,2015-12,5568,3036,2186
충남,,2016-01,1140,3278,2875
충남,,2016-02,1712,,633
충남,,2016-03,1280,431,1025
충남,,2016-04,2529,1742,5587
충남,,2016-05,2153,1046,1824
충남,,2016-06,3761,3086,610
충남,,2016-07,0,465,796
충남,,2016-08,369,790,2904
충남,,2016-09,1296,450,1612
충남,,2016-10,981,625,3321
충남,,2016-11,2072,630,1141
충남,,2016-12,2324,2796,2734
충남,,2017-01,,770,573
충남,,2017-02,,1652,6137
충남,,2017-03,344,480,97
충남,,2017-04,2639,153,1315
충남,,2017-05,202,725,1498
충남,,2017-06,1938,2586,1297
충남,,2017-07,909,400,3559
충남,,2017-08,1107,1509,2599
충남,,2017-09,2531,230,2138
충남,,2017-10,347,591,2143
충남,,2017-11,404,1941,1465
충남,,2017-12,3360,3034,3466
충남,,2018-01,1691,1866,2755
충남,,2018-02,1088,868,1636
충남,,2018-03,1554,866,2798
충남,,2018-04,1539,327,1690
충남,,2018-05,0,2273,3327
충남,,2018-06,1247,1879,611
충남,,2018-07,905,,1193
충남,,2018-08,801,29,1736
충남,,2018-09,28,,4384
충남,,2018-10,3200,341,1410
충남,,2018-11,1727,1007,1327
충남,,2018-12,6402,3295,266
충남,,2019-01,2241,381,1251
충남,,2019-02,2033,2267,64
충남,,2019-03,1092,682,337
충남,,2019-04,483,,1148
충남,,2019-05,1036,2015,1006
충남,,2019-06,3004,97,771
충남,,2019-07,2939,,2827
충남,,2019-08,379,1640,498
충남,,2019-09,39,1119,119
충남,,2019-10,461,829,182
충남,,2019-11,2018,1362,900
충남,,2019-12,5429,8577,902
충남,,2020-01,18,741,623
충남,,2020-02,2649,1314,48
충남,,2020-03,2166,933,454
충남,,2020-04,627,2577,2861
충남,,2020-05,1770,1875,1319
충남,,2020-06,411,1928,1540
충남,,2020-07,3847,1463,2301
충남,,2020-08,3041,4103,1075
충남,,2020-09,245,3765,
충남,,2020-10,143,1147,1025
충남,,2020-11,1403,4411,1141
충남,,2020-12,2271,4313,1454
충남,,2021-01,1020,600,3893
충남,,2021-02,1246,1797,258
충남,,2021-03,3052,5071,
충남,,2021-04,2468,4146,1373
충남,,2021-05,771,764,1920
충남,,2021-06,2196,3083,746
충남,,2021-07,0,3359,1397
충남,,2021-08,667,1142,
충남,,2021-09,1910,1764,
충남,,2021-10,2694,1619,408
충남,,2021-11,2877,3246,18
충남,,2021-12,4297,3359,548
충남,,2022-01,1773,195,2040
충남,,2022-02,4517,2166,50
충남,,2022-03,0,299,1166
충남,,2022-04,3053,824,1469
충남,,2022-05,6746,752,5650
충남,,2022-06,4652,1748,1559
충남,,2022-07,1145,2284,4091
충남,,2022-08,1143,2695,1564
충남,,2022-09,4310,3717,3321
충남,,2022-10,1350,3339,1454
충남,,2022-11,1141,1600,1019
충남,,2022-12,4851,954,4335
충남,,2023-01,3396,1266,1489
충남,,2023-02,1868,409,1620
충남,,2023-03,4484,,998
충남,,2023-04,1572,,1794
충남,,2023-05,1416,16,2675
충남,,2023-06,760,1060,969
충남,,2023-07,1636,,5380
충남,,2023-08,1699,,1829
충남,,2023-09,1097,493,2250
충남,,2023-10,1368,1653,2524
충남,,2023-11,549,3735,
충남,,2023-12,3768,182,7488
충남,,2024-01,1678,1681,2299
충남,,2024-02,1079,504,1910
충남,,2024-03,1097,,2318
충남,,2024-04,3527,823,
충남,,2024-05,2889,585,
충남,,2024-06,5197,2843,950
충남,,2024-07,1037,267,3114
충남,,2024-08,1438,,1149
충남,,2024-09,2023,1163,1973
충남,,2024-10,954,2173,239
충남,,2024-11,1100,4200,816
충남,,2024-12,4820,4589,3753
충남,,2025-01,1917,1763,3073
충남,,2025-02,310,244,2697
충남,,2025-03,0,0,831
충남,,2025-04,581,0,975
충남,,2025-05,4403,0,0
충남,,2025-06,0,0,2187
충남,,2025-07,1568,27,1016
충남,,2025-08,3525,1476,1862
충남,,2025-09,5557,3507,0
충남,,2025-10,4728,1541,2467
충남,,2025-11,3621,727,0
충남,,2025-12,3863,4060,752
충남,,2026-01,947,895,787
충남,,2026-02,0,2266,1588
충남,,2026-03,621,1460,1060
충남,,2026-04,1290,2443,438
충남,,2026-05,0,2244,70
충남,,2026-06,0,1534,0
충남,,2026-07,2035,0,2312
전북,,2007-01,762,,
전북,,2007-02,466,,
전북,,2007-03,400,,
전북,,2007-04,89,,
전북,,2007-05,0,,
전북,,2007-06,604,,
전북,,2007-07,0,,
전북,,2007-08,78,,
전북,,2007-09,0,,
전북,,2007-10,996,,
전북,,2007-11,1704,,
전북,,2007-12,3607,,
전북,,2008-01,0,,
전북,,2008-02,19,,
전북,,2008-03,15,,
전북,,2008-04,1216,,
전북,,2008-05,0,,
전북,,2008-06,314,,
전북,,2008-07,902,,
전북,,2008-08,0,,
전북,,2008-09,1999,,
전북,,2008-10,954,,
전북,,2008-11,438,,
전북,,2008-12,2750,,
전북,,2009-01,0,,
전북,,2009-02,892,,
전북,,2009-03,614,,
전북,,2009-04,0,,
전북,,2009-05,0,,
전북,,2009-06,1624,,
전북,,2009-07,2561,,
전북,,2009-08,0,,
전북,,2009-09,0,,
전북,,2009-10,784,,
전북,,2009-11,0,,
전북,,2009-12,1656,,
전북,,2010-01,0,,
전북,,2010-02,0,,
전북,,2010-03,820,,
전북,,2010-04,881,,
전북,,2010-05,293,,
전북,,2010-06,0,,
전북,,2010-07,0,,
전북,,2010-08,14,,768
전북,,2010-09,464,,19
전북,,2010-10,400,,0
전북,,2010-11,44,,676
전북,,2010-12,5152,,4250
전북,,2011-01,0,0,14
전북,,2011-02,0,32,1414
전북,,2011-03,0,0,570
전북,,2011-04,0,2018,1031
전북,,2011-05,49,319,1363
전북,,2011-06,38,0,0
전북,,2011-07,449,183,143
전북,,2011-08,90,24,0
전북,,2011-09,215,97,201
전북,,2011-10,2679,1564,614
전북,,2011-11,951,1142,0
전북,,2011-12,4629,3064,44
전북,,2012-01,1199,0,408
전북,,2012-02,814,1044,0
전북,,2012-03,880,1084,14
전북,,2012-04,1279,848,0
전북,,2012-05,503,402,
전북,,2012-06,1163,2523,2384
전북,,2012-07,722,247,49
전북,,2012-08,1391,1561,919
전북,,2012-09,1609,241,50
전북,,2012-10,1532,689,595
전북,,2012-11,132,2217,1886
전북,,2012-12,6192,1891,1896
전북,,2013-01,27,228,849
전북,,2013-02,409,2169,0
전북,,2013-03,2004,14,95
전북,,2013-04,29,1136,178
전북,,2013-05,532,569,109
전북,,2013-06,351,410,24
전북,,2013-07,993,731,0
전북,,2013-08,229,0,290
전북,,2013-09,1149,737,506
전북,,2013-10,292,247,1622
전북,,2013-11,1124,1048,0
전북,,2013-12,118,498,3196
전북,,2014-01,509,1302,948
전북,,2014-02,72,466,1081
전북,,2014-03,2456,72,113
전북,,2014-04,2640,2233,667
전북,,2014-05,820,889,56
전북,,2014-06,23,230,2044
전북,,2014-07,0,1382,417
전북,,2014-08,20,377,1820
전북,,2014-09,111,508,495
전북,,2014-10,685,47,2515
전북,,2014-11,1311,456,1410
전북,,2014-12,1498,463,230
전북,,2015-01,1225,437,2409
전북,,2015-02,741,,721
전북,,2015-03,0,1176,719
전북,,2015-04,0,1541,
전북,,2015-05,1914,641,176
전북,,2015-06,1071,,1030
전북,,2015-07,2881,548,1393
전북,,2015-08,5266,511,1492
전북,,2015-09,553,1951,1115
전북,,2015-10,511,5095,1176
전북,,2015-11,545,1023,375
전북,,2015-12,141,923,811
전북,,2016-01,805,328,1175
전북,,2016-02,864,780,1110
전북,,2016-03,4256,872,942
전북,,2016-04,544,154,343
전북,,2016-05,1809,1958,63
전북,,2016-06,2063,,1091
전북,,2016-07,193,1753,350
전북,,2016-08,1195,1724,371
전북,,2016-09,916,1206,617
전북,,2016-10,831,,509
전북,,2016-11,1448,1316,1122
전북,,2016-12,7053,2041,457
전북,,2017-01,888,1263,
전북,,2017-02,1319,14,
전북,,2017-03,364,2440,872
전북,,2017-04,933,704,455
전북,,2017-05,910,591,178
전북,,2017-06,1364,1284,1832
전북,,2017-07,120,932,
전북,,2017-08,1793,1955,91
전북,,2017-09,28,677,
전북,,2017-10,1578,1700,1257
전북,,2017-11,281,2323,371
전북,,2017-12,1689,2471,1844
전북,,2018-01,794,570,3230
전북,,2018-02,120,721,1951
전북,,2018-03,0,872,1414
전북,,2018-04,18,1615,895
전북,,2018-05,1328,223,
전북,,2018-06,0,,1351
전북,,2018-07,985,598,1079
전북,,2018-08,26,1012,856
전북,,2018-09,1823,,171
전북,,2018-10,0,633,518
전북,,2018-11,100,18,1147
전북,,2018-12,2983,2246,1787
전북,,2019-01,,,3159
전북,,2019-02,,,1718
전북,,2019-03,0,121,644
전북,,2019-04,400,3097,75
전북,,2019-05,719,446,50
전북,,2019-06,0,141,1120
전북,,2019-07,92,,68
전북,,2019-08,913,1382,112
전북,,2019-09,0,28,2646
전북,,2019-10,2674,2059,1130
전북,,2019-11,1798,2376,2435
전북,,2019-12,553,2974,255
전북,,2020-01,902,,1608
전북,,2020-02,674,830,389
전북,,2020-03,309,1163,826
전북,,2020-04,506,,1813
전북,,2020-05,0,309,1716
전북,,2020-06,552,386,1530
전북,,2020-07,1872,,1881
전북,,2020-08,0,527,1101
전북,,2020-09,516,1587,350
전북,,2020-10,2319,1001,
전북,,2020-11,1008,768,
전북,,2020-12,1464,3400,2616
전북,,2021-01,1639,152,154
전북,,2021-02,120,126,323
전북,,2021-03,1340,231,813
전북,,2021-04,1370,1804,160
전북,,2021-05,188,322,1111
전북,,2021-06,2071,794,595
전북,,2021-07,268,546,26
전북,,2021-08,3518,188,998
전북,,2021-09,504,,240
전북,,2021-10,2172,748,1851
전북,,2021-11,0,3709,
전북,,2021-12,2221,3164,522
전북,,2022-01,462,,242
전북,,2022-02,1046,,
전북,,2022-03,1018,1222,
전북,,2022-04,2250,1298,369
전북,,2022-05,3714,168,3276
전북,,2022-06,362,388,1485
전북,,2022-07,1477,911,601
전북,,2022-08,2960,873,
전북,,2022-09,568,1835,1124
전북,,2022-10,2746,1059,
전북,,2022-11,926,569,669
전북,,2022-12,2682,1185,2483
전북,,2023-01,3701,,1003
전북,,2023-02,244,314,1405
전북,,2023-03,987,1022,499
전북,,2023-04,781,758,986
전북,,2023-05,40,497,783
전북,,2023-06,3419,,1549
전북,,2023-07,99,516,891
전북,,2023-08,0,423,372
전북,,2023-09,364,,1402
전북,,2023-10,256,722,726
전북,,2023-11,1128,2170,
전북,,2023-12,1599,1416,
전북,,2024-01,528,378,1266
전북,,2024-02,582,278,413
전북,,2024-03,0,,188
전북,,2024-04,0,1159,898
전북,,2024-05,475,,874
전북,,2024-06,300,175,
전북,,2024-07,132,198,
전북,,2024-08,1251,40,1566
전북,,2024-09,0,,2472
전북,,2024-10,109,300,2053
전북,,2024-11,88,2469,523
전북,,2024-12,1880,878,688
전북,,2025-01,0,0,1382
전북,,2025-02,0,0,1708
전북,,2025-03,2383,471,214
전북,,2025-04,314,0,0
전북,,2025-05,616,1236,874
전북,,2025-06,200,0,219
전북,,2025-07,0,1334,1035
전북,,2025-08,244,0,1447
전북,,2025-09,3554,1111,0
전북,,2025-10,339,0,569
전북,,2025-11,352,244,1577
전북,,2025-12,256,716,419
전북,,2026-01,0,572,892
전북,,2026-02,282,0,0
전북,,2026-03,2035,0,298
전북,,2026-04,0,654,873
전북,,2026-05,1366,0,0
전북,,2026-06,20,0,0
전북,,2026-07,149,0,278
전남,,2007-01,20,,
전남,,2007-02,288,,
전남,,2007-03,53,,
전남,,2007-04,829,,
전남,,2007-05,0,,
전남,,2007-06,2768,,
전남,,2007-07,1402,,
전남,,2007-08,493,,
전남,,2007-09,1460,,
전남,,2007-10,1333,,
전남,,2007-11,2058,,
전남,,2007-12,552,,
전남,,2008-01,0,,
전남,,2008-02,42,,
전남,,2008-03,630,,
전남,,2008-04,467,,
전남,,2008-05,30,,
전남,,2008-06,96,,
전남,,2008-07,14,,
전남,,2008-08,678,,
전남,,2008-09,0,,
전남,,2008-10,140,,
전남,,2008-11,0,,
전남,,2008-12,4768,,
전남,,2009-01,0,,
전남,,2009-02,125,,
전남,,2009-03,0,,
전남,,2009-04,210,,
전남,,2009-05,29,,
전남,,2009-06,1120,,
전남,,2009-07,86,,
전남,,2009-08,1023,,
전남,,2009-09,37,,
전남,,2009-10,0,,
전남,,2009-11,0,,
전남,,2009-12,1554,,
전남,,2010-01,12,,
전남,,2010-02,96,,
전남,,2010-03,0,,
전남,,2010-04,1692,,
전남,,2010-05,0,,
전남,,2010-06,1226,,
전남,,2010-07,2241,,
전남,,2010-08,31,,456
전남,,2010-09,1620,,647
전남,,2010-10,767,,0
전남,,2010-11,1056,,843
전남,,2010-12,3486,,830
전남,,2011-01,66,0,0
전남,,2011-02,0,256,0
전남,,2011-03,859,0,1335
전남,,2011-04,1176,61,493
전남,,2011-05,1388,284,886
전남,,2011-06,892,803,35
전남,,2011-07,506,2692,421
전남,,2011-08,747,1166,630
전남,,2011-09,325,405,0
전남,,2011-10,207,922,249
전남,,2011-11,194,1964,29
전남,,2011-12,1154,1740,241
전남,,2012-01,1036,384,32
전남,,2012-02,0,304,664
전남,,2012-03,1461,748,685
전남,,2012-04,630,184,45
전남,,2012-05,5365,2586,100
전남,,2012-06,374,1527,0
전남,,2012-07,461,1340,19
전남,,2012-08,142,114,0
전남,,2012-09,1055,1412,24
전남,,2012-10,788,43,274
전남,,2012-11,381,1223,1471
전남,,2012-12,2407,4727,1774
전남,,2013-01,170,257,3279
전남,,2013-02,440,40,196
전남,,2013-03,1381,104,107
전남,,2013-04,201,738,1066
전남,,2013-05,53,920,457
전남,,2013-06,1298,316,515
전남,,2013-07,92,80,762
전남,,2013-08,338,1804,149
전남,,2013-09,332,338,580
전남,,2013-10,708,886,1725
전남,,2013-11,2546,158,1731
전남,,2013-12,5648,3398,2050
전남,,2014-01,1038,801,435
전남,,2014-02,3244,307,2774
전남,,2014-03,632,2902,208
전남,,2014-04,888,3565,1508
전남,,2014-05,13,386,496
전남,,2014-06,616,2353,812
전남,,2014-07,48,264,2288
전남,,2014-08,252,48,1358
전남,,2014-09,218,1105,170
전남,,2014-10,960,411,920
전남,,2014-11,663,355,203
전남,,2014-12,1400,1400,98
전남,,2015-01,214,1006,1339
전남,,2015-02,16,573,243
전남,,2015-03,1669,16,1100
전남,,2015-04,399,420,169
전남,,2015-05,234,285,1230
전남,,2015-06,914,265,614
전남,,2015-07,1307,147,1979
전남,,2015-08,1679,829,973
전남,,2015-09,456,2827,55
전남,,2015-10,0,2344,2477
전남,,2015-11,190,433,717
전남,,2015-12,1804,902,2134
전남,,2016-01,276,450,341
전남,,2016-02,1630,232,177
전남,,2016-03,590,1724,452
전남,,2016-04,1042,851,801
전남,,2016-05,2063,356,1120
전남,,2016-06,431,1972,2810
전남,,2016-07,260,241,1176
전남,,2016-08,1321,498,192
전남,,2016-09,1212,82,1036
전남,,2016-10,1463,1263,1683
전남,,2016-11,1640,2469,482
전남,,2016-12,1257,530,1501
전남,,2017-01,,740,60
전남,,2017-02,,310,18
전남,,2017-03,2383,1307,1083
전남,,2017-04,0,221,433
전남,,2017-05,612,229,90
전남,,2017-06,822,48,444
전남,,2017-07,1218,412,16
전남,,2017-08,890,160,911
전남,,2017-09,964,452,1965
전남,,2017-10,2354,252,2165
전남,,2017-11,1451,3617,299
전남,,2017-12,4510,5226,1738
전남,,2018-01,346,693,554
전남,,2018-02,1171,127,859
전남,,2018-03,134,18,261
전남,,2018-04,1721,1682,194
전남,,2018-05,1074,1628,1164
전남,,2018-06,548,656,187
전남,,2018-07,1697,969,349
전남,,2018-08,509,905,252
전남,,2018-09,0,99,1431
전남,,2018-10,984,465,652
전남,,2018-11,463,1284,1128
전남,,2018-12,1209,1913,55
전남,,2019-01,137,50,846
전남,,2019-02,2079,116,42
전남,,2019-03,772,533,2074
전남,,2019-04,1086,2482,1091
전남,,2019-05,1511,1724,538
전남,,2019-06,1158,1143,362
전남,,2019-07,312,2030,1405
전남,,2019-08,1363,1505,922
전남,,2019-09,1520,969,658
전남,,2019-10,2466,1706,491
전남,,2019-11,230,105,395
전남,,2019-12,1011,366,233
전남,,2020-01,1321,2437,
전남,,2020-02,26,45,623
전남,,2020-03,1544,1723,612
전남,,2020-04,296,505,700
전남,,2020-05,2764,704,221
전남,,2020-06,160,361,1787
전남,,2020-07,632,1553,2920
전남,,2020-08,404,848,2914
전남,,2020-09,1886,1865,1186
전남,,2020-10,460,1474,751
전남,,2020-11,839,1646,998
전남,,2020-12,1012,1982,785
전남,,2021-01,36,398,410
전남,,2021-02,1836,597,1222
전남,,2021-03,583,1613,416
전남,,2021-04,4011,282,356
전남,,2021-05,2734,,1004
전남,,2021-06,4024,36,1071
전남,,2021-07,2501,1883,1877
전남,,2021-08,70,1938,534
전남,,2021-09,2457,2494,111
전남,,2021-10,1957,985,1914
전남,,2021-11,2414,1418,2489
전남,,2021-12,753,5077,1274
전남,,2022-01,1098,725,909
전남,,2022-02,1320,569,975
전남,,2022-03,768,564,828
전남,,2022-04,563,1687,1487
전남,,2022-05,1365,493,88
전남,,2022-06,1366,2052,18
전남,,2022-07,804,68,150
전남,,2022-08,1541,1628,1239
전남,,2022-09,2687,153,1229
전남,,2022-10,899,224,2492
전남,,2022-11,1741,232,96
전남,,2022-12,3113,618,1759
전남,,2023-01,,,2121
전남,,2023-02,,226,632
전남,,2023-03,626,770,1949
전남,,2023-04,2110,,727
전남,,2023-05,2472,126,752
전남,,2023-06,3853,226,282
전남,,2023-07,815,,593
전남,,2023-08,279,3784,272
전남,,2023-09,498,,983
전남,,2023-10,1759,72,350
전남,,2023-11,453,136,1062
전남,,2023-12,2330,1344,664
전남,,2024-01,85,742,648
전남,,2024-02,557,1391,363
전남,,2024-03,818,64,
전남,,2024-04,405,202,317
전남,,2024-05,0,70,2471
전남,,2024-06,128,997,1468
전남,,2024-07,43,475,3042
전남,,2024-08,0,,88
전남,,2024-09,0,,152
전남,,2024-10,0,94,2512
전남,,2024-11,240,782,264
전남,,2024-12,281,2828,1955
전남,,2025-01,1676,0,1671
전남,,2025-02,0,0,1591
전남,,2025-03,60,0,0
전남,,2025-04,1849,240,261
전남,,2025-05,306,0,456
전남,,2025-06,0,937,1658
전남,,2025-07,683,32,570
전남,,2025-08,-1,793,0
전남,,2025-09,856,305,826
전남,,2025-10,309,278,460
전남,,2025-11,1392,665,0
전남,,2025-12,1919,1343,1333
전남,,2026-01,935,249,72
전남,,2026-02,677,0,0
전남,,2026-03,148,1679,0
전남,,2026-04,203,626,419
전남,,2026-05,0,1031,180
전남,,2026-06,1051,677,0
경북,,2007-01,169,,
경북,,2007-02,1903,,
경북,,2007-03,1638,,
경북,,2007-04,383,,
경북,,2007-05,36,,
경북,,2007-06,474,,
경북,,2007-07,2904,,
경북,,2007-08,608,,
경북,,2007-09,2276,,
경북,,2007-10,4853,,
경북,,2007-11,369,,
경북,,2007-12,1744,,
경북,,2008-01,0,,
경북,,2008-02,315,,
경북,,2008-03,967,,
경북,,2008-04,109,,
경북,,2008-05,621,,
경북,,2008-06,177,,
경북,,2008-07,1294,,
경북,,2008-08,1497,,
경북,,2008-09,1372,,
경북,,2008-10,450,,
경북,,2008-11,442,,
경북,,2008-12,2095,,
경북,,2009-01,357,,
경북,,2009-02,0,,
경북,,2009-03,331,,
경북,,2009-04,2437,,
경북,,2009-05,1130,,
경북,,2009-06,660,,
경북,,2009-07,14,,
경북,,2009-08,0,,
경북,,2009-09,248,,
경북,,2009-10,297,,
경북,,2009-11,0,,
경북,,2009-12,593,,
경북,,2010-01,224,,
경북,,2010-02,85,,
경북,,2010-03,148,,
경북,,2010-04,31,,
경북,,2010-05,86,,
경북,,2010-06,1256,,
경북,,2010-07,240,,
경북,,2010-08,246,,1560
경북,,2010-09,387,,17
경북,,2010-10,302,,1739
경북,,2010-11,1793,,1077
경북,,2010-12,1388,,2138
경북,,2011-01,499,57,179
경북,,2011-02,1284,32,113
경북,,2011-03,75,74,603
경북,,2011-04,36,1060,0
경북,,2011-05,903,118,1433
경북,,2011-06,784,4,1086
경북,,2011-07,145,363,34
경북,,2011-08,315,487,622
경북,,2011-09,923,1030,966
경북,,2011-10,1094,628,687
경북,,2011-11,66,292,1114
경북,,2011-12,663,2532,923
경북,,2012-01,788,109,456
경북,,2012-02,1194,45,290
경북,,2012-03,436,2559,168
경북,,2012-04,399,75,79
경북,,2012-05,378,18,180
경북,,2012-06,429,590,40
경북,,2012-07,1289,91,803
경북,,2012-08,862,1362,80
경북,,2012-09,3103,1531,1635
경북,,2012-10,1458,745,12
경북,,2012-11,330,2108,62
경북,,2012-12,1501,1416,-922
경북,,2013-01,1081,1264,1521
경북,,2013-02,66,872,546
경북,,2013-03,118,1250,275
경북,,2013-04,1363,1553,526
경북,,2013-05,1173,2268,203
경북,,2013-06,229,1859,719
경북,,2013-07,971,1240,309
경북,,2013-08,123,471,740
경북,,2013-09,2670,141,326
경북,,2013-10,3296,1582,1387
경북,,2013-11,128,3065,2116
경북,,2013-12,1058,-966,1398
경북,,2014-01,3730,1227,553
경북,,2014-02,386,1270,1394
경북,,2014-03,535,1974,174
경북,,2014-04,2906,1335,238
경북,,2014-05,1089,135,1433
경북,,2014-06,3119,3476,1411
경북,,2014-07,699,4998,698
경북,,2014-08,5194,90,570
경북,,2014-09,2905,3194,81
경북,,2014-10,1088,3415,636
경북,,2014-11,5688,2472,1085
경북,,2014-12,897,3595,970
경북,,2015-01,962,2198,129
경북,,2015-02,1253,91,1731
경북,,2015-03,3711,2704,1626
경북,,2015-04,2936,1372,1332
경북,,2015-05,3569,4072,2291
경북,,2015-06,2378,2487,1350
경북,,2015-07,5487,1680,1029
경북,,2015-08,2542,3351,830
경북,,2015-09,3289,2035,1426
경북,,2015-10,7024,3418,1900
경북,,2015-11,4999,4540,1965
경북,,2015-12,3625,5103,3180
경북,,2016-01,126,1098,688
경북,,2016-02,2287,1307,4762
경북,,2016-03,2642,1209,1808
경북,,2016-04,1657,1707,1192
경북,,2016-05,2840,2403,597
경북,,2016-06,768,917,864
경북,,2016-07,3229,950,1759
경북,,2016-08,3390,2282,1040
경북,,2016-09,3811,3812,1755
경북,,2016-10,1230,1381,874
경북,,2016-11,474,3408,1177
경북,,2016-12,1827,3502,2843
경북,,2017-01,424,1055,277
경북,,2017-02,3480,1240,1994
경북,,2017-03,40,650,1593
경북,,2017-04,572,27,115
경북,,2017-05,396,2873,536
경북,,2017-06,84,2544,6199
경북,,2017-07,2222,201,2969
경북,,2017-08,2522,388,4101
경북,,2017-09,2997,,1067
경북,,2017-10,1022,,636
경북,,2017-11,492,608,2921
경북,,2017-12,2890,1690,298
경북,,2018-01,157,1910,2749
경북,,2018-02,74,250,4163
경북,,2018-03,2102,50,3137
경북,,2018-04,2257,24,753
경북,,2018-05,2460,3460,4750
경북,,2018-06,3983,51,1442
경북,,2018-07,2626,868,2068
경북,,2018-08,765,1870,1932
경북,,2018-09,21,1712,1868
경북,,2018-10,783,676,1508
경북,,2018-11,0,581,742
경북,,2018-12,2787,1238,2421
경북,,2019-01,,508,4514
경북,,2019-02,,110,2596
경북,,2019-03,9,499,3650
경북,,2019-04,485,190,2341
경북,,2019-05,271,26,753
경북,,2019-06,1651,19,
경북,,2019-07,787,612,702
경북,,2019-08,123,14,980
경북,,2019-09,57,,144
경북,,2019-10,861,228,2099
경북,,2019-11,166,,736
경북,,2019-12,663,3447,1593
경북,,2020-01,14,,1706
경북,,2020-02,18,111,1943
경북,,2020-03,614,286,203
경북,,2020-04,1672,1925,1399
경북,,2020-05,0,153,1395
경북,,2020-06,0,1076,153
경북,,2020-07,645,,1298
경북,,2020-08,20,2403,14
경북,,2020-09,0,174,1025
경북,,2020-10,32,2350,854
경북,,2020-11,65,3770,2528
경북,,2020-12,3053,3948,22
경북,,2021-01,,631,
경북,,2021-02,,12,2185
경북,,2021-03,1691,,1870
경북,,2021-04,921,2827,683
경북,,2021-05,106,2094,
경북,,2021-06,230,2372,1427
경북,,2021-07,3208,1408,99
경북,,2021-08,5404,944,655
경북,,2021-09,1364,1968,860
경북,,2021-10,4717,5265,770
경북,,2021-11,1455,3372,19
경북,,2021-12,3432,5231,1193
경북,,2022-01,5781,350,765
경북,,2022-02,335,118,215
경북,,2022-03,3677,697,420
경북,,2022-04,3921,,500
경북,,2022-05,1321,3995,
경북,,2022-06,1095,2616,
경북,,2022-07,2931,4846,169
경북,,2022-08,4548,329,
경북,,2022-09,2264,2085,
경북,,2022-10,2699,203,489
경북,,2022-11,0,1883,787
경북,,2022-12,2114,246,792
경북,,2023-01,3154,56,280
경북,,2023-02,1522,483,581
경북,,2023-03,1449,,29
경북,,2023-04,1563,,1787
경북,,2023-05,2667,,
경북,,2023-06,2413,,2088
경북,,2023-07,921,123,902
경북,,2023-08,816,2697,19
경북,,2023-09,1154,1550,35
경북,,2023-10,0,,1242
경북,,2023-11,1520,1643,719
경북,,2023-12,1316,96,3444
경북,,2024-01,1200,30,
경북,,2024-02,1353,,2609
경북,,2024-03,3443,,5558
경북,,2024-04,0,491,2430
경북,,2024-05,1020,,617
경북,,2024-06,736,,1998
경북,,2024-07,0,29,635
경북,,2024-08,718,,1435
경북,,2024-09,655,2388,624
경북,,2024-10,138,,1722
경북,,2024-11,4815,,4464
경북,,2024-12,2413,1510,2927
경북,,2025-01,44,0,0
경북,,2025-02,612,0,1977
경북,,2025-03,1420,44,1142
경북,,2025-04,972,44,1066
경북,,2025-05,0,18,1831
경북,,2025-06,1091,82,6
경북,,2025-07,122,415,56
경북,,2025-08,1313,0,671
경북,,2025-09,243,0,708
경북,,2025-10,264,491,2994
경북,,2025-11,485,0,975
경북,,2025-12,454,1413,200
경북,,2026-01,204,410,0
경북,,2026-02,219,773,47
경북,,2026-03,72,1263,0
경북,,2026-04,1123,555,0
경북,,2026-05,753,3957,3011
경북,,2026-06,610,0,0
경북,,2026-07,2501,0,493
경남,,2007-01,1401,,
경남,,2007-02,2144,,
경남,,2007-03,1737,,
경남,,2007-04,441,,
경남,,2007-05,4598,,
경남,,2007-06,1229,,
경남,,2007-07,956,,
경남,,2007-08,2674,,
경남,,2007-09,1245,,
경남,,2007-10,1795,,
경남,,2007-11,1036,,
경남,,2007-12,6118,,
경남,,2008-01,923,,
경남,,2008-02,270,,
경남,,2008-03,357,,
경남,,2008-04,160,,
경남,,2008-05,3212,,
경남,,2008-06,3197,,
경남,,2008-07,1255,,
경남,,2008-08,252,,
경남,,2008-09,1327,,
경남,,2008-10,1149,,
경남,,2008-11,2481,,
경남,,2008-12,3553,,
경남,,2009-01,0,,
경남,,2009-02,19,,
경남,,2009-03,394,,
경남,,2009-04,160,,
경남,,2009-05,403,,
경남,,2009-06,2344,,
경남,,2009-07,19,,
경남,,2009-08,0,,
경남,,2009-09,3783,,
경남,,2009-10,2470,,
경남,,2009-11,678,,
경남,,2009-12,67,,
경남,,2010-01,400,,
경남,,2010-02,2018,,
경남,,2010-03,1389,,
경남,,2010-04,38,,
경남,,2010-05,822,,
경남,,2010-06,258,,
경남,,2010-07,30,,
경남,,2010-08,285,,49
경남,,2010-09,870,,1329
경남,,2010-10,90,,414
경남,,2010-11,106,,103
경남,,2010-12,3746,,3129
경남,,2011-01,648,271,355
경남,,2011-02,2143,673,194
경남,,2011-03,1874,131,466
경남,,2011-04,2277,3403,484
경남,,2011-05,1595,2738,1334
경남,,2011-06,853,420,963
경남,,2011-07,3935,2344,1008
경남,,2011-08,2315,1223,1368
경남,,2011-09,1855,3693,542
경남,,2011-10,294,3621,2422
경남,,2011-11,1921,4114,127
경남,,2011-12,7310,1101,207
경남,,2012-01,594,1716,458
경남,,2012-02,2978,3036,735
경남,,2012-03,3357,1259,1623
경남,,2012-04,858,82,124
경남,,2012-05,1920,6420,140
경남,,2012-06,5574,2674,589
경남,,2012-07,1403,2150,708
경남,,2012-08,595,1004,962
경남,,2012-09,2431,1831,415
경남,,2012-10,2104,3751,33
경남,,2012-11,-520,581,514
경남,,2012-12,11011,571,1421
경남,,2013-01,5148,260,70
경남,,2013-02,1441,50,654
경남,,2013-03,3076,3330,267
경남,,2013-04,1073,2411,989
경남,,2013-05,1295,1492,2157
경남,,2013-06,237,944,1749
경남,,2013-07,1790,1555,767
경남,,2013-08,2606,376,1560
경남,,2013-09,967,1929,2996
경남,,2013-10,749,924,2343
경남,,2013-11,3988,924,3269
경남,,2013-12,1593,4547,5271
경남,,2014-01,2794,1796,824
경남,,2014-02,1696,1025,208
경남,,2014-03,2043,2796,2667
경남,,2014-04,4473,2152,4744
경남,,2014-05,1776,5241,1051
경남,,2014-06,6345,510,3055
경남,,2014-07,3461,2767,2681
경남,,2014-08,8561,5247,2535
경남,,2014-09,6022,3268,3273
경남,,2014-10,2215,8033,1302
경남,,2014-11,910,3404,900
경남,,2014-12,6841,6185,1955
경남,,2015-01,700,1159,3147
경남,,2015-02,3927,977,575
경남,,2015-03,2175,6258,1895
경남,,2015-04,960,2524,1838
경남,,2015-05,1938,2679,315
경남,,2015-06,3476,2803,1230
경남,,2015-07,3244,3471,1614
경남,,2015-08,509,3566,1588
경남,,2015-09,3343,6944,1243
경남,,2015-10,849,2430,7210
경남,,2015-11,5276,731,2093
경남,,2015-12,9201,4163,2122
경남,,2016-01,3539,221,3391
경남,,2016-02,4111,6751,78
경남,,2016-03,3615,961,688
경남,,2016-04,5436,7391,2758
경남,,2016-05,2350,4251,1440
경남,,2016-06,4349,3212,1781
경남,,2016-07,6293,4164,1306
경남,,2016-08,5151,1610,1830
경남,,2016-09,3413,3301,875
경남,,2016-10,3335,4829,1812
경남,,2016-11,2865,6687,3214
경남,,2016-12,5204,3258,2169
경남,,2017-01,1000,,1305
경남,,2017-02,2963,2965,3393
경남,,2017-03,3671,2164,3250
경남,,2017-04,775,2199,7859
경남,,2017-05,3972,1087,3720
경남,,2017-06,5501,3270,3473
경남,,2017-07,151,1680,4682
경남,,2017-08,746,2308,1065
경남,,2017-09,6003,2121,1123
경남,,2017-10,140,1140,3817
경남,,2017-11,335,3170,2941
경남,,2017-12,5001,4149,1947
경남,,2018-01,518,48,4415
경남,,2018-02,367,150,1289
경남,,2018-03,2681,1703,3433
경남,,2018-04,978,1808,2512
경남,,2018-05,3313,76,2148
경남,,2018-06,0,801,1937
경남,,2018-07,1100,841,4013
경남,,2018-08,3170,340,1290
경남,,2018-09,0,,267
경남,,2018-10,856,89,1506
경남,,2018-11,0,36,3739
경남,,2018-12,6973,6136,7486
경남,,2019-01,7446,735,1893
경남,,2019-02,1712,358,7204
경남,,2019-03,0,115,190
경남,,2019-04,100,1882,2073
경남,,2019-05,1695,,3688
경남,,2019-06,68,,2942
경남,,2019-07,225,200,367
경남,,2019-08,0,802,2169
경남,,2019-09,1415,484,2354
경남,,2019-10,2804,1049,3009
경남,,2019-11,0,68,5897
경남,,2019-12,4374,2467,10858
경남,,2020-01,,842,75
경남,,2020-02,,2420,1073
경남,,2020-03,453,,1634
경남,,2020-04,2916,2830,90
경남,,2020-05,0,745,1132
경남,,2020-06,0,5037,2348
경남,,2020-07,138,779,4223
경남,,2020-08,843,120,2077
경남,,2020-09,3485,90,560
경남,,2020-10,29,1161,774
경남,,2020-11,1625,178,1458
경남,,2020-12,4893,4408,394
경남,,2021-01,519,,423
경남,,2021-02,1933,6994,817
경남,,2021-03,240,4540,2028
경남,,2021-04,1611,915,128
경남,,2021-05,3406,619,1482
경남,,2021-06,2610,,500
경남,,2021-07,857,3246,
경남,,2021-08,48,2432,814
경남,,2021-09,3356,1650,52
경남,,2021-10,1723,3302,2826
경남,,2021-11,1157,3469,237
경남,,2021-12,2385,2065,2696
경남,,2022-01,2535,1040,29
경남,,2022-02,0,813,814
경남,,2022-03,2282,1538,1045
경남,,2022-04,3095,3171,42
경남,,2022-05,2059,765,24
경남,,2022-06,3933,1262,1249
경남,,2022-07,1038,3150,
경남,,2022-08,1541,1620,120
경남,,2022-09,3613,2034,1069
경남,,2022-10,1307,1155,985
경남,,2022-11,299,472,689
경남,,2022-12,2294,188,477
경남,,2023-01,,,1456
경남,,2023-02,,1146,284
경남,,2023-03,2574,299,39
경남,,2023-04,465,,993
경남,,2023-05,2350,,397
경남,,2023-06,714,,2005
경남,,2023-07,973,423,1215
경남,,2023-08,434,,1550
경남,,2023-09,927,221,1295
경남,,2023-10,0,,903
경남,,2023-11,202,1862,1751
경남,,2023-12,4959,3274,1877
경남,,2024-01,4051,,4312
경남,,2024-02,702,232,1380
경남,,2024-03,180,714,1068
경남,,2024-04,0,,810
경남,,2024-05,846,1409,3000
경남,,2024-06,842,,828
경남,,2024-07,438,660,4017
경남,,2024-08,1252,570,1058
경남,,2024-09,4090,,
경남,,2024-10,1048,40,2370
경남,,2024-11,0,,39
경남,,2024-12,6191,5080,5529
경남,,2025-01,566,3351,3518
경남,,2025-02,0,0,4703
경남,,2025-03,631,0,613
경남,,2025-04,0,161,2555
경남,,2025-05,605,1973,136
경남,,2025-06,854,842,4111
경남,,2025-07,251,1393,0
경남,,2025-08,467,0,311
경남,,2025-09,2048,2861,2603
경남,,2025-10,0,0,0
경남,,2025-11,0,453,166
경남,,2025-12,838,3219,1291
경남,,2026-01,472,0,814
경남,,2026-02,0,90,2941
경남,,2026-03,361,2207,0
경남,,2026-04,0,2018,308
경남,,2026-05,0,587,1390
경남,,2026-06,1389,2200,180
경남,,2026-07,0,1032,0
제주,,2007-01,48,,
제주,,2007-02,19,,
제주,,2007-03,0,,
제주,,2007-04,0,,
제주,,2007-05,0,,
제주,,2007-06,364,,
제주,,2007-07,49,,
제주,,2007-08,354,,
제주,,2007-09,0,,
제주,,2007-10,168,,
제주,,2007-11,36,,
제주,,2007-12,16,,
제주,,2008-01,780,,
제주,,2008-02,17,,
제주,,2008-03,125,,
제주,,2008-04,64,,
제주,,2008-05,0,,
제주,,2008-06,0,,
제주,,2008-07,0,,
제주,,2008-08,617,,
제주,,2008-09,865,,
제주,,2008-10,328,,
제주,,2008-11,450,,
제주,,2008-12,528,,
제주,,2009-01,17,,
제주,,2009-02,0,,
제주,,2009-03,0,,
제주,,2009-04,0,,
제주,,2009-05,531,,
제주,,2009-06,12,,
제주,,2009-07,26,,
제주,,2009-08,95,,
제주,,2009-09,42,,
제주,,2009-10,44,,
제주,,2009-11,232,,
제주,,2009-12,42,,
제주,,2010-01,79,,
제주,,2010-02,41,,
제주,,2010-03,30,,
제주,,2010-04,65,,
제주,,2010-05,129,,
제주,,2010-06,609,,
제주,,2010-07,122,,
제주,,2010-08,272,,0
제주,,2010-09,163,,28
제주,,2010-10,243,,445
제주,,2010-11,92,,64
제주,,2010-12,1074,,1700
제주,,2011-01,293,182,850
제주,,2011-02,196,353,150
제주,,2011-03,805,159,35
제주,,2011-04,693,853,89
제주,,2011-05,390,241,63
제주,,2011-06,249,285,0
제주,,2011-07,472,623,134
제주,,2011-08,494,98,27
제주,,2011-09,741,142,35
제주,,2011-10,502,548,0
제주,,2011-11,638,828,246
제주,,2011-12,2511,688,440
제주,,2012-01,849,231,265
제주,,2012-02,-1,662,363
제주,,2012-03,456,928,164
제주,,2012-04,273,550,269
제주,,2012-05,256,303,217
제주,,2012-06,1346,344,128
제주,,2012-07,174,125,276
제주,,2012-08,1146,647,12
제주,,2012-09,81,1038,181
제주,,2012-10,42,174,73
제주,,2012-11,126,91,295
제주,,2012-12,-361,108,919
제주,,2013-01,41,67,1402
제주,,2013-02,19,97,282
제주,,2013-03,19,55,211
제주,,2013-04,443,59,179
제주,,2013-05,19,97,223
제주,,2013-06,14,165,228
제주,,2013-07,150,22,29
제주,,2013-08,19,580,1384
제주,,2013-09,48,40,316
제주,,2013-10,118,19,55
제주,,2013-11,0,112,585
제주,,2013-12,267,936,1340
제주,,2014-01,176,417,345
제주,,2014-02,53,90,24
제주,,2014-03,74,190,71
제주,,2014-04,217,143,83
제주,,2014-05,101,78,28
제주,,2014-06,116,509,95
제주,,2014-07,525,1076,446
제주,,2014-08,227,84,112
제주,,2014-09,410,876,137
제주,,2014-10,157,196,19
제주,,2014-11,661,879,160
제주,,2014-12,230,210,139
제주,,2015-01,448,1160,230
제주,,2015-02,63,26,156
제주,,2015-03,189,316,34
제주,,2015-04,338,118,73
제주,,2015-05,961,179,
제주,,2015-06,290,727,171
제주,,2015-07,413,301,585
제주,,2015-08,173,266,379
제주,,2015-09,79,27,76
제주,,2015-10,855,132,887
제주,,2015-11,688,140,559
제주,,2015-12,819,1344,742
제주,,2016-01,225,447,282
제주,,2016-02,155,46,191
제주,,2016-03,405,915,236
제주,,2016-04,257,719,938
제주,,2016-05,267,141,142
제주,,2016-06,1780,722,484
제주,,2016-07,204,178,146
제주,,2016-08,618,496,112
제주,,2016-09,135,203,78
제주,,2016-10,120,31,746
제주,,2016-11,210,537,641
제주,,2016-12,24,723,573
제주,,2017-01,304,298,422
제주,,2017-02,189,24,321
제주,,2017-03,117,279,988
제주,,2017-04,965,196,52
제주,,2017-05,310,24,111
제주,,2017-06,295,306,322
제주,,2017-07,29,261,63
제주,,2017-08,186,163,148
제주,,2017-09,216,96,98
제주,,2017-10,41,298,1106
제주,,2017-11,152,,335
제주,,2017-12,72,235,128
제주,,2018-01,215,64,567
제주,,2018-02,0,212,155
제주,,2018-03,72,869,224
제주,,2018-04,495,59,22
제주,,2018-05,66,38,718
제주,,2018-06,48,18,158
제주,,2018-07,63,101,14
제주,,2018-08,47,56,45
제주,,2018-09,0,19,358
제주,,2018-10,0,108,581
제주,,2018-11,0,,510
제주,,2018-12,731,557,309
제주,,2019-01,146,42,183
제주,,2019-02,46,,
제주,,2019-03,53,41,125
제주,,2019-04,47,46,
제주,,2019-05,71,304,441
제주,,2019-06,0,44,116
제주,,2019-07,59,46,224
제주,,2019-08,0,29,91
제주,,2019-09,160,,
제주,,2019-10,0,12,157
제주,,2019-11,132,,245
제주,,2019-12,970,200,29
제주,,2020-01,229,64,31
제주,,2020-02,77,299,
제주,,2020-03,169,,59
제주,,2020-04,18,,45
제주,,2020-05,135,127,151
제주,,2020-06,0,14,48
제주,,2020-07,112,,90
제주,,2020-08,42,,849
제주,,2020-09,187,96,358
제주,,2020-10,132,200,24
제주,,2020-11,102,,
제주,,2020-12,720,192,254
제주,,2021-01,,179,
제주,,2021-02,,,29
제주,,2021-03,,404,46
제주,,2021-04,21,41,19
제주,,2021-05,0,169,
제주,,2021-06,28,39,413
제주,,2021-07,200,,14
제주,,2021-08,84,210,105
제주,,2021-09,0,21,
제주,,2021-10,301,,18
제주,,2021-11,38,36,212
제주,,2021-12,305,186,
제주,,2022-01,36,49,24
제주,,2022-02,65,238,62
제주,,2022-03,45,237,
제주,,2022-04,632,16,173
제주,,2022-05,1053,19,57
제주,,2022-06,255,236,
제주,,2022-07,855,52,41
제주,,2022-08,183,631,57
제주,,2022-09,442,108,80
제주,,2022-10,113,,
제주,,2022-11,204,226,12
제주,,2022-12,70,556,63
제주,,2023-01,24,425,201
제주,,2023-02,76,83,66
제주,,2023-03,0,,63
제주,,2023-04,0,354,109
제주,,2023-05,0,,20
제주,,2023-06,259,264,485
제주,,2023-07,928,,44
제주,,2023-08,29,,88
제주,,2023-09,96,,53
제주,,2023-10,1401,,116
제주,,2023-11,106,88,120
제주,,2023-12,886,,88
제주,,2024-01,160,728,48
제주,,2024-02,152,182,213
제주,,2024-03,0,196,
제주,,2024-04,0,,79
제주,,2024-05,0,90,
제주,,2024-06,0,9,18
제주,,2024-07,61,,
제주,,2024-08,44,1421,360
제주,,2024-09,72,,
제주,,2024-10,0,123,
제주,,2024-11,11,9,
제주,,2024-12,350,138,425
제주,,2025-01,0,0,90
제주,,2025-02,0,87,136
제주,,2025-03,29,0,0
제주,,2025-04,0,29,37
제주,,2025-05,0,97,90
제주,,2025-06,108,96,24
제주,,2025-07,0,0,100
제주,,2025-08,29,0,9
제주,,2025-09,0,0,63
제주,,2025-10,273,0,503
제주,,2025-11,53,0,113
제주,,2025-12,115,0,20
제주,,2026-01,0,0,44
제주,,2026-02,0,105,351
제주,,2026-03,69,70,0
제주,,2026-04,0,69,83
제주,,2026-05,0,0,0
제주,,2026-06,0,0,0
제주,,2026-07,0,53,0
