열,이유
V006_국토부실거래_아파트전월세_월세(보증부포함)_건,실거래 신고 스냅숏(시도 94% 결측). 서울 구 보조에서만 검토
V006_국토부실거래_아파트전월세_전체_건,실거래 신고 스냅숏(시도 94% 결측). 서울 구 보조에서만 검토
V007_국토부실거래_아파트매매(해제제외)_건,실거래 신고 스냅숏(시도 94% 결측)
V024_서울구_주거용건축물신축허가_연면적_㎡,서울 구 전용(시도 단위 없음)
V024_서울구_주거용건축물신축허가_동수_천세대당,서울 구 전용(시도 단위 없음)
V034_아파트_수급동향(구·2015.06종료)_통합_지수,"구 수급동향, 2015.06 종료"
V076_임대주택공급_민간임대(2020~)_천세대당,2020년 이후만 (기간 짧음)
V077_임대주택건설공급(2012~2019)_총계_천세대당,2012~2019년만 (기간 짧음)
V067_경기선행지수_순환변동치_2020=100,순환변동치는 양방향 추세 제거로 과거 값이 다시 계산됨(구성상 미래정보)
D_V061~V063_CSI전신계열사용더미(1=전신계열),CSI 전신계열 더미: 공식 구간에서 상수
