P,RMPI공통|①,RMPI공통|②,RMPI공통|③,RMPI공통|④,RMPI공통|⑤,RMPI공통|⑥,h
2011-01,-0.4291954904045094,-0.02571284888650123,0.09264715449924271,-0.34096067873102676,1.0554450200341996,0.25158650076677913,1
2011-02,-0.4291954904045094,-0.02571284888650123,0.09264715449924271,-0.34096067873102676,1.5530816550580278,0.25158650076677913,1
2011-03,-0.4291954904045094,-0.02571284888650123,0.09264715449924271,-0.34096067873102676,1.1432632497442847,0.25158650076677913,1
2011-04,-0.4291954904045094,-0.02571284888650123,0.09264715449924271,-0.34096067873102676,0.5480508039314722,0.25158650076677913,1
2011-05,-0.4291954904045094,-0.02571284888650123,0.09264715449924271,-0.34096067873102676,0.372414344511297,0.25158650076677913,1
2011-06,-0.4291954904045094,-0.02571284888650123,0.09264715449924271,-0.34096067873102676,0.49926289853697886,0.25158650076677913,1
2011-07,-0.4291954904045094,-0.02571284888650123,0.09264715449924271,-0.34096067873102676,0.2845961148012094,0.25158650076677913,1
2011-08,-0.4291954904045094,-0.02571284888650123,0.09264715449924271,-0.34096067873102676,2.8705213715676927,0.25158650076677913,1
2011-09,-0.4291954904045094,-0.02571284888650123,0.09264715449924271,-0.34096067873102676,3.648634336368268,0.25158650076677913,1
2011-10,-0.4291954904045094,-0.02571284888650123,0.09264715449924271,-0.34096067873102676,2.996233505650167,0.25158650076677913,1
2011-11,-0.4291954904045094,-0.02571284888650123,0.09264715449924271,-0.34096067873102676,1.7453685387760112,0.25158650076677913,1
2011-12,-0.4291954904045094,-0.02571284888650123,0.09264715449924271,-0.34096067873102676,0.6934268209561142,0.25158650076677913,1
2012-01,-0.4291954904045094,-0.02571284888650123,0.09264715449924271,-0.34096067873102676,-0.016752130646563362,-1.4008260744663774,1
2012-02,-0.4291954904045094,-0.02571284888650123,0.09264715449924271,-0.34096067873102676,0.456749265221959,-2.995731246771211,1
2012-03,-0.4291954904045094,-0.02571284888650123,0.09264715449924271,-0.34096067873102676,1.1984625148615755,-2.111344245115441,1
2012-04,-0.4291954904045094,-0.02571284888650123,0.09264715449924271,-0.34096067873102676,0.7041047387317585,-1.885197549866884,1
2012-05,-0.4291954904045094,-0.02571284888650123,0.09264715449924271,-0.34096067873102676,0.6250539545575764,-1.9226597827020753,1
2012-06,-0.4291954904045094,-0.02571284888650123,0.09264715449924271,-0.34096067873102676,0.2041593202337577,-1.5710404314334252,1
2012-07,-0.4291954904045094,-0.02571284888650123,0.09264715449924271,-0.34096067873102676,-1.5928443049660124,-1.2950382469524575,1
2012-08,-0.4291954904045094,0.924153621382561,0.09264715449924271,-0.34096067873102676,-1.7044061493046996,-1.2606513274355344,1
2012-09,-0.4291954904045094,0.4523814799472361,0.09264715449924271,-0.34096067873102676,-0.9960544976800871,-1.5017437772221744,1
2012-10,-0.4291954904045094,-0.18112358176818733,0.09264715449924271,-0.34096067873102676,-0.4767402014244999,-1.3487725593899265,1
2012-11,-0.4291954904045094,0.2970420304667427,0.09264715449924271,-0.34096067873102676,0.03502415317079666,-1.4143368004064136,1
2012-12,-0.4291954904045094,0.0910591806030201,0.09264715449924271,-0.34096067873102676,-0.5978030016294211,-1.7243292008950872,1
2013-01,-0.4291954904045094,-1.876554395586756,2.734826267684533,1.0397376639760068,-1.3357199652911529,-1.5183774071008158,1
2013-02,-0.4291954904045094,-1.7310260383862444,2.583913780659193,0.7402274724353162,-0.40461827772199904,-1.4474911002840336,1
2013-03,-0.4291954904045094,-2.1437088715940202,2.4902803238599933,0.9830780887166313,0.9372154651499252,-1.3868462460476105,1
2013-04,-0.4291954904045094,-2.717568956218544,2.472277277094115,1.53918560556967,0.8975866298180452,-1.0092529613150256,1
2013-05,-0.4291954904045094,-2.4109787910567637,2.5814162158106635,1.8417544349425825,1.467257417904245,-0.878236618869285,1
2013-06,-0.4291954904045094,-2.226744101946075,2.503014159244616,1.4540516112087736,1.3116807162765112,-1.0156912572932364,1
2013-07,-0.4291954904045094,-0.9846273097762261,2.6700243874849248,-0.46876151102600794,0.10772452776642216,-1.2488504252151413,1
2013-08,-0.8569164575294006,-1.0692700793671113,2.549383667693377,-0.5149960239256891,-0.016236791891961144,-1.4690329348494484,1
2013-09,-1.2070249242385505,-0.6077346054937757,1.4805603029692156,-0.566164578525322,1.5744332402857597,-1.5300497591024833,1
2013-10,-1.3539200899660215,-0.27398077823617106,1.528556545171483,-0.4631153635146741,2.56905826059404,-1.7250066832177875,1
2013-11,-1.5100899138345008,0.23831549161913582,1.4945312493169152,-0.1595437937952906,2.93385578961113,-1.6462459612890399,1
2013-12,-1.6398518191463978,-0.23042669663552334,1.6044049674104843,-0.09180944600303098,2.113186213145177,-1.6212229438845034,1
2014-01,-1.4885510580710504,-0.8080243610115347,1.2171456544352077,-0.24848118529340435,1.7608918135525151,-1.4904924240608863,1
2014-02,-1.3765822997538828,-0.45959605530745906,1.0964178086551666,0.11967176521004719,3.3708496395554084,-1.2874599743732982,1
2014-03,-1.329641108880657,-0.010997432734185852,1.221376671450863,0.5576737304885385,3.9510992896909674,-1.132679671180451,1
2014-04,-1.3469495193773628,0.24390034880351807,1.3102304349558491,0.5216273828611758,2.31873906716298,-1.6214557350872028,1
2014-05,-1.29580133837288,-0.15692154374362888,1.291769156728097,0.2121832716813563,1.9330918445923042,-1.7820101974565166,1
2014-06,-1.0828960707909179,-0.3276739412059347,1.3434000922367386,-0.15163044832579115,1.5629879569212939,-1.687038648940441,1
2014-07,-0.995294199646185,-0.3651799517458464,1.2106481161633846,-0.2527185377548782,0.7029595437515583,-1.5682001440901105,1
2014-08,-0.881462951598448,-1.4988227569067942,1.201553426315137,-0.2404145056219268,1.9506493058364356,-1.3142627403483844,1
2014-09,-0.6697626267298068,-1.5336283837322933,1.42612369064374,0.13313301474395345,3.1482864299772855,-0.8945592311128568,1
2014-10,-0.30848955530850936,-1.2629986479104494,1.911663793290953,0.2722279358851285,3.4554813793900605,-0.41621645937476015,1
2014-11,0.13664983064589378,-1.425216312820146,2.1442164420062193,0.7292373000475851,3.40048015206033,-0.46649250810418147,1
2014-12,0.1962586766179756,-1.0802733675266223,2.1687695935097677,0.8533293005200332,2.395933294479059,-0.15066122941159693,1
2015-01,0.28637609325507407,-0.39209069335432156,2.1615989766621735,0.9275151896877167,1.2104482172021298,-0.1513734647832566,1
2015-02,0.3676722535599825,-0.2711792888121331,2.102479078271191,1.0120299399730515,3.0035519023192876,-0.09399162685022391,1
2015-03,0.6453188769499554,0.14037590961734248,2.1821959415282044,1.1450192025244437,3.713033287179386,-0.12998757387826518,1
2015-04,0.8652752421678107,0.6668289795165985,2.1466879069018616,1.5640711969506236,3.8463425915960827,0.4136329907647993,1
2015-05,0.9832865545600612,0.9009459864469881,2.456349838468722,1.915936952065397,4.028925883281819,0.4192655916441442,1
2015-06,1.2492274659443172,1.097925042048741,2.437098911240684,2.012477777497517,3.416914566776698,0.8966576864821129,1
2015-07,1.4186442772196397,0.3514993629660982,2.439294211881186,2.2378501257535244,2.6464911413289007,0.7974956696593489,1
2015-08,1.538535523814936,0.3714548995712327,1.9122198377323139,2.3886184282617036,2.9457039825884666,1.0096659696214578,1
2015-09,1.5317416075842154,0.7140852678958945,1.838027160042783,2.44888283887142,3.0556905537833137,1.1792671578559601,1
2015-10,1.6156764837109783,0.6330588297360417,1.6520757709135883,2.697210110396674,2.955144336365346,0.6414651560658408,1
2015-11,1.5378687161202562,0.8009652095199334,1.6186499065085231,2.574570826795411,2.805531018167898,1.1605397045646648,1
2015-12,1.8832513472658023,0.16052695917448612,1.61642589401483,2.5969942313301306,0.9230472036122517,0.7976872685911319,1
2016-01,1.6555380288491512,-0.07859395466159813,1.108754962852395,2.09494921287385,-0.8554201098865568,0.7499092228885925,1
2016-02,1.3005227779652564,-0.00268530796400529,1.0540113287116981,2.063679661043235,-0.3171352471078158,1.0115675623352849,1
2016-03,1.0045823841925994,0.2348385398498261,0.9282755120184931,1.6882377795270678,-0.20068792552196482,0.810262820886018,1
2016-04,0.9502422966771648,0.23974739016174534,0.6486921924329064,1.3595422243649549,0.2355745024212568,0.7477616503582329,1
2016-05,0.8638503610295865,-0.02736382300624185,0.40523931255085777,0.8033689026949465,0.2645074481836102,0.7791227840166266,1
2016-06,0.8043715204654845,-0.2648690969557152,0.18420692614371523,0.3197845694289211,0.4364420789737462,0.4922861306869417,1
2016-07,0.7588028795608027,-0.18353151374436602,0.11925669898113646,0.04767336239829591,0.5228898337002895,0.4851429537993375,1
2016-08,0.6525805517291893,-0.04137574255999282,0.5446047470823027,-0.2935525016081029,0.6995231153711754,0.49941916463573965,1
2016-09,0.5663950298322898,0.09332514461021232,0.62310499530228,-0.4560154002519095,1.3684866734119727,0.32796446973260385,1
2016-10,0.3429764498866123,0.157872182751563,0.43998636751412973,-0.38836885585395053,1.644797662856443,0.42428496379911995,1
2016-11,0.22915963727480373,0.4982597460372955,0.32887766136431074,-0.42327805330014234,1.2853311509948728,0.2475196483757709,1
2016-12,-0.3004225161136129,0.467589441533724,0.17220063662505114,-0.2736790584833871,-0.5371781883437501,0.17011833815103483,1
2017-01,-0.5579684646954058,-0.02406187476676061,0.06603761001734895,-0.6022021326242666,-1.7998328344351613,0.25565335315778737,1
2017-02,-0.7429239544170009,-0.12033572978234372,-0.18068316903020568,-0.6193817556405969,-1.6059279736128458,0.10188829420789218,1
2017-03,-0.8454740504093515,-0.28216038762537166,-0.3322332687411111,-0.5713986698353515,-0.6072680139078986,0.2656321387043037,1
2017-04,-0.7437876300793794,-0.3522331328116579,-0.3605655278379643,-0.7079311806473589,-0.3819479708980773,-0.3040842482092941,1
2017-05,-0.6953335240452504,-0.5241055021105878,-0.4886977509761756,-0.9260813312207209,0.04145815673092734,-0.37855580199230787,1
2017-06,-0.6100340132318366,-0.24560525232993108,-0.5633750593160488,-0.9153061562462219,0.78196309925182,-0.38791993242826034,1
2017-07,-0.6504032775817407,-0.17046340466426801,-0.3471875036468595,-0.6071191973449412,0.6128684741550601,-0.5350647624016253,1
2017-08,-0.6884045989058768,-0.05432313469303174,-0.37372115580023885,-0.43490471641005846,-0.2092798297776127,-0.8035160969019906,1
2017-09,-0.7849871494688633,0.1296673621031363,-0.5094371189085592,-0.16377844716950962,-0.2986979911331388,-1.0041717212545456,1
2017-10,-0.7208883256724289,0.1982741949160185,-1.2311290880569172,-0.17300488583685447,0.1477901279696574,-1.3139959038889808,1
2017-11,-0.8048877587843721,0.16413187413334002,-1.2792478774618017,-0.2525457450471138,-0.27411721206947615,-1.4180810288561612,1
2017-12,-0.9835066540578862,0.18800198157889775,-1.331936874838832,-0.5686876248107361,-0.9541390273264676,-1.2231439998021207,1
2018-01,-1.058104303637954,-0.618369133674652,-1.3382056039106949,-0.6420120102539104,-1.0830330529059409,-1.4060508723145329,1
2018-02,-1.1156522725649698,-0.9339029180793219,-1.2632324958732741,-0.4817980608590411,-0.3748276856815373,-1.7545860645792688,1
2018-03,-1.1737448403549262,-0.9009230415679264,-1.2608074857429301,-0.6675879153076115,-0.5651703155663073,-2.0391782677290053,1
2018-04,-1.1239961592249685,-0.9663156197096303,-1.4182437612888352,-0.4346880259428123,-1.4216364977984945,-1.5630163590368125,1
2018-05,-1.0782932584001654,-0.743218506364139,-1.5782440067100387,-1.233186018049263,-2.063928664877189,-1.8551166531718275,1
2018-06,-1.1845653579505624,-0.7572388160429164,-1.5956995452096596,-1.8396304800412433,-2.569367268395524,-1.9979157129164478,1
2018-07,-1.245696356055998,-0.8998883476061117,-1.3818478050838776,-2.2599357552156176,-2.918450519611146,-1.8074351280736496,1
2018-08,-1.3348890136052756,-0.8901471270667554,-1.454675015641717,-2.5239425326446217,-1.974483334970894,-2.094455813641063,1
2018-09,-1.3733709802865672,-0.8584255503055621,-1.496964853442555,-2.852899580843802,0.2579840073739643,-1.9432089926917406,1
2018-10,-1.3575665905521366,-1.028161567228091,-1.5374121242240608,-2.702070454483344,-0.1767010590961393,-1.5974018729665442,1
2018-11,-1.3666878537798117,-0.9392208578844993,-1.4816628432502306,-2.5159233058890953,-1.8386424771258545,-2.1679582873338994,1
2018-12,-1.463123799558715,-0.6013086384701652,-1.5585258469302345,-2.710532196535913,-3.117362483579242,-2.1006016597355734,1
2019-01,-1.655743350949707,0.7461071338755675,-1.975288209764561,-2.9755672949225125,-4.0732790052523935,-2.0766134612258837,1
2019-02,-1.810883941954363,0.8530780257590914,-2.025264831076567,-3.740029066224733,-4.739641211018594,-2.1224291680839644,1
2019-03,-1.8670654754461713,0.7585295881415475,-2.0287737690263197,-4.215670120549319,-4.462720425471677,-1.4266112623035645,1
2019-04,-1.9411851523671826,0.8002020135848463,-1.229172964831288,-4.732575126072313,-4.2498696566278005,-1.7945404659028301,1
2019-05,-2.0959330885904874,1.1657014850480618,-1.1794655576963236,-5.0238033766340155,-4.326690231211053,-1.4005282038104065,1
2019-06,-2.140684704769162,0.6680995245132709,-1.204263437338019,-5.289247186504881,-3.558528360563513,-1.6234898517577965,1
2019-07,-2.267026526445106,0.6605106891812147,-1.250269451301255,-5.774487240485343,-2.0691246827186567,-1.4138076376918365,1
2019-08,-2.3432223052270253,0.7580566221166081,-1.1110611586889279,-5.321863386530946,-1.6777953604319604,-1.4799119548527127,1
2019-09,-2.405131348330872,0.8347123150316234,-0.9258731955419703,-5.101293685877742,-1.2546458580156097,-1.3856375160299592,1
2019-10,-2.553582946925965,0.9651375869704012,-0.6467085637710496,-4.831426363120175,0.03067449652127341,-1.3131994579306956,1
2019-11,-2.597239007124259,1.1565772748242953,-0.6577802018107194,-4.720939978900219,0.9479117764393415,-1.0571588763378468,1
2019-12,-2.809287832598635,1.3553325729304027,-0.4061977411959005,-4.0688975352746555,1.573182302871551,-1.0443941088052706,1
2020-01,-2.9042013176381296,1.9418766521358406,-0.8353387382067861,-3.2681135091224904,1.0728226896745172,-0.9000501728578514,1
2020-02,-2.969042776481997,2.2696928554100175,-0.7064611122747002,-2.66164050081327,0.7369535080413312,-0.8869032642167556,1
2020-03,-3.1163165860597544,2.6857619650330813,-0.5655278988324175,-2.1422328025239956,1.1348718933253679,-0.48390492795784773,1
2020-04,-3.585154962511981,2.9023747086000187,-0.28989958395220655,-2.000861732209407,-1.3093996568895603,-0.45461727921079936,1
2020-05,-3.7942360000874498,2.9898431810802473,-0.3912640081150774,-2.2429736428515548,-1.5201665005427119,0.577975500733429,1
2020-06,-3.716168361624239,3.303800753814354,-0.3347583709971725,-2.195561854929583,0.6792159291229587,1.3182184712220062,1
2020-07,-3.6870301246089174,3.644846161283282,0.09606647111032125,-1.1994869615499986,2.4870416681693186,1.0775997027618416,1
2020-08,-3.683578676219513,3.6261887135556634,0.4254668468198994,0.6544925412788967,2.4306160504744048,0.9095462066488225,1
2020-09,-3.696847985640684,3.6678768104862227,0.3859787165612518,1.0983960103532195,1.9228414949311328,0.7486045534621838,1
2020-10,-3.7805130667351405,3.553585360834365,0.16949102844232855,1.6761319805983685,2.8365704592932914,0.34092769668913364,1
2020-11,-3.777582119843894,3.6252154552578415,0.31064064538398717,2.0759638139879946,4.578102658753387,0.877771843912194,1
2020-12,-3.6505759359388974,3.8245699069813712,0.30038586399897804,2.9046427269805726,5.372105442635688,0.8946923591377081,1
2021-01,-3.7896433402131904,2.391433657897557,0.5142560401905713,4.380938339556444,4.498905590178991,0.6741702697664116,1
2021-02,-4.106034892135708,2.4693632102945164,0.6690735071062903,4.245475616340517,3.983041095719233,0.7491406693242083,1
2021-03,-3.7888878620284188,2.6913999148756766,0.6342525187283511,3.914569988154252,3.4607112524900123,-0.325246148392786,1
2021-04,-3.383252051771615,2.607470544619008,1.022743297226458,3.429774915548903,3.0882826978802225,0.052990730633739824,1
2021-05,-3.1924329092252806,2.579301438003786,0.9069138967595706,2.9833873771526296,2.8704812513213795,0.05728295004702755,1
2021-06,-3.2553601667399974,2.5747902852843647,0.9029727654368832,2.6385873377076594,3.345499406573656,-0.41568547219237345,1
2021-07,-3.301590008193409,2.5366968849312164,0.7712071308774506,2.936763718690627,3.8971086797472827,-0.40384229238760216,1
2021-08,-3.3969742807509626,2.6912471244271297,0.8247945929253766,2.1242212341450495,4.077700415260878,-0.411467670389957,1
2021-09,-3.4823548378724536,2.7257464435807544,0.9139992680852417,2.4546624438582434,4.204760454154571,-0.14070939243118197,1
2021-10,-3.4909783990963965,2.9790214118480356,0.45856060674230803,2.477818672111862,4.008917952541748,-0.038826784312495755,1
2021-11,-3.5485306584061216,2.750509996362508,-0.04088766025218558,2.9399830862440797,2.400355260023993,-1.1731031435307664,1
2021-12,-3.5994817030252992,2.817062244983458,-0.4743870958171113,0.8379726834638256,0.653341160629723,-1.48239180221729,1
2022-01,-3.7728397695079594,-4.147936667915737,-0.9395438136720818,-0.25349159747559424,-0.9024392290630778,-1.3131061641085284,1
2022-02,-3.651992460099273,-4.416930850221447,-1.2352922439118381,-0.6477660443961164,-1.5394183507801316,-1.6475459508640407,1
2022-03,-3.7362693107296168,-4.57022067077193,-1.2751457365407404,-0.9054770083745769,-0.6823085171870162,-1.1890677919486543,1
2022-04,-3.724439890669869,-4.661606716824056,-1.0026184433994818,-1.0536325627603595,0.22108232687384677,-2.0111614350665143,1
2022-05,-3.7456270359753603,-4.679405742860308,-1.0129522964487718,-1.0686943268095361,0.1734195563364015,-2.9401883497294157,1
2022-06,-3.671958698403093,-4.915298751084583,-1.1198700497927803,-1.1909919753971143,-1.3614797945935009,-3.5527238828549264,1
2022-07,-3.779822658962573,-4.934985206603867,-0.4126813311528757,-1.445828852788678,-3.2251439254046486,-3.950515892776223,1
2022-08,-3.7938454088834472,-5.16390183420394,-0.5414796033580861,-1.76218624778442,-4.616562196139926,-4.824573295865136,1
2022-09,-3.7992844646741033,-5.27177006907012,-0.8460923739843812,-2.0747731002374508,-5.832308063867266,-4.818117840475626,1
2022-10,-3.9141909562137425,-5.927653444633684,-1.670556377830965,-2.6875715543939265,-6.349273034682476,-5.443323992888417,1
2022-11,-3.985663272232337,-6.389952396433482,-1.8909956551440723,-3.2531257202279256,-7.517889442420847,-5.173961190228152,1
2022-12,-3.947838037165973,-6.975368644827765,-2.248860224391123,-4.399870679758123,-7.6215862061264925,-4.764100853507075,1
2023-01,-4.200145039615216,-6.88944546726887,-2.209051385112614,-5.266956346880697,-7.496337583746252,-4.777969614651547,1
2023-02,-4.3964388312276474,-7.196199071530623,-2.0275326728606404,-5.54015400503202,-6.42192367055501,-4.955173502982432,1
2023-03,-4.419978446200084,-7.443888558195934,-2.05153469371877,-5.555371324219951,-4.451749938895607,-5.464941397150586,1
2023-04,-4.302513185204889,-7.289540019325767,-1.7500901346604538,-5.448283583516928,-3.5888769216540544,-5.078127089454574,1
2023-05,-4.28155167552439,-7.133741330867433,-1.6413761943055272,-5.270219180339136,-2.781509185410661,-5.610013710409401,1
2023-06,-4.285975445749558,-6.866826628578784,-1.618267517187302,-4.978975979559339,-2.030877607456487,-5.559166391838341,1
2023-07,-4.271080539939592,-6.784768274334703,-1.4209165005055613,-4.732379115189351,-1.400030723742257,-5.441427056653876,1
2023-08,-4.3867209150512165,-6.544800019034341,-1.2533460057610706,-4.530658493882823,-0.6871175088802146,-4.380692582800448,1
2023-09,-4.41747603720928,-6.4710171363573235,-1.0956416260207513,-4.2049379490727095,-0.04537662414388577,-4.702539889088289,1
2023-10,-4.326797263649071,-6.32668445580597,-1.0283066194391768,-3.856440149806325,-0.01346198666638937,-4.199900576729222,1
2023-11,-4.351680226889586,-6.288529770595622,-0.8669524081476375,-3.634279163745655,-1.1992734880022218,-4.342896337119091,1
2023-12,-4.37584579658368,-6.267579500834232,-0.7763222582136878,-3.5009884984091597,-2.692554535757368,-4.564214040933619,1
2024-01,-4.432122911873035,-1.1597686032358037,-1.0892040653729498,-3.6294255675432456,-2.98429851928905,-4.440820108155454,1
2024-02,-4.416231653147171,-1.2795130035107207,-0.8930710054646959,-3.480017645484323,-2.6424659542255817,-4.589575416367791,1
2024-03,-4.494782430701682,-1.3332121023013856,-0.7542709084136168,-3.350282692880571,-2.025593818974889,-4.831229928490794,1
2024-04,-4.462228496955647,-1.3798937001336151,-0.40833619655038994,-3.3338977556559497,-1.7836053062083685,-4.333774705822889,1
2024-05,-4.367134623024705,-1.8041498568402745,-0.3493500432993339,-3.3813043435042474,-1.8708496834037742,-3.4116817341866783,1
2024-06,-4.368428355371187,-1.8398707647383437,-0.22897783719333786,-3.22896127713872,-1.1223266891419144,-3.0314677038744944,1
2024-07,-4.345872999134614,-1.8571047396133458,-0.16764570071400708,-3.28153525703017,-0.25078528209074824,-2.7704665748398227,1
2024-08,-4.310348903303143,-1.6586745766612525,-0.01020406973235255,-3.2128155779792413,0.3834821465392598,-3.1980086165191857,1
2024-09,-4.306931714235204,-1.4898675109857793,0.17289100389435907,-3.0368472647470766,0.707638134509156,-3.1926150902612775,1
2024-10,-4.319790202408549,-1.4784492671156446,-0.15066872915631765,-2.953886366664345,0.31548961958127486,-2.959145306640813,1
2024-11,-4.31239263258957,-1.3998689928304855,-0.17856879494614164,-2.8776304112230116,-0.6524506363494704,-2.7002715325007527,1
2024-12,-4.294451278320383,-1.3595373223093006,-0.27823066376806477,-2.8514783122481364,-1.7970647159173074,-2.5301763252381915,1
2025-01,-4.528285035484413,-1.143112847015192,-0.7408670870742453,-2.794339037745692,-2.1980458768488993,-2.730710851512661,1
2025-02,-4.424898790634635,-1.190789553233696,-0.8210061110674519,-2.8502262355519417,-2.1091902829218943,-2.0243802783801037,1
2025-03,-4.339214447225079,-1.0798554363169102,-0.8534103577158482,-2.8082091905020987,-1.2276505530437698,-1.5025742408570069,1
2025-04,-4.337687764184126,-0.9271277906881135,0.25278654953280494,-2.7465295559165965,-0.8373585949739892,-2.075613134254691,1
2025-05,-4.311633840792246,-0.8268164140129917,0.39702713800115785,-2.729646294109015,-0.85023286708208,-2.2260640333504615,1
2025-06,-4.287691316111249,-0.7594823932151358,0.5543495069432096,-2.6741219434337644,0.046908711455785346,-2.45396362213009,1
2025-07,-4.33839643645804,-0.5940369370039318,-0.03724646822704708,-2.627095814766748,0.09777803199183316,-2.526707632040104,1
2025-08,-4.373314775891436,-0.5037925094594722,-0.08579261749536132,-2.622545735838851,-0.32857593209383873,-2.0481582741318083,1
2025-09,-4.4118386143438135,-0.59296034859161,-0.08868030276601595,-2.559299052211918,-0.2709440956094745,-1.9566753622102846,1
2025-10,-4.293163310463684,-0.5565292299442297,-0.8334261696583426,-2.4050586576292328,0.9617628106749944,-2.2867039821938566,1
2025-11,-4.37200691029103,-0.6161502783051871,-0.7916106304994669,-2.1725640728841467,0.98091560518612,-2.6942877223023474,1
2025-12,-4.474245467959997,-0.5064415424768791,-0.7185772674475402,-2.006036008460895,0.9260945175150879,-2.7589869045448703,1
2026-01,-4.719831686448617,0.48418057266305237,-0.5385979272618818,-1.8231934759727753,1.0669291050904712,-3.258134187749269,1
2026-02,-4.8093334550616795,0.5827544934937037,-0.5679207091912774,-1.5883506493419053,0.24790877727315275,-3.8732309990599365,1
2026-03,-4.685005956783315,0.6934527783666218,-0.6584384698994724,-1.652063991614626,-1.1699288575900062,-4.344251158282453,1
2026-04,-4.61059399457277,0.7715544060307395,-0.08217262608273089,-1.3695590112761307,-0.7403206931119252,-4.461987809804303,1
2026-05,-4.638835987209133,0.7230506993133143,-0.1650721436394507,-1.2895286086065787,-0.0052571085590036315,-4.715922589228245,1
2026-06,-4.6533607979406995,0.7870834248038441,-0.27907714835132075,-1.3290233677550591,0.8668874078868885,-4.53066901475159,1
2026-07,-4.596861899865785,0.8016045028748515,-0.5220052464181132,-1.225920417233961,1.4724785159672082,-4.3580388371913115,1
2026-08,-4.5718095480817755,-3.305882352941236,-0.3589410305989181,2.8688375660752796,1.4031740277857612,-4.640283563872702,1
2026-09,-4.548721791096123,-3.305882352941236,-0.20800523755289985,2.7940714516662277,3.1045370466029025,-5.02105621689938,1
2026-10,-0.4291954904045094,-0.02571284888650123,0.09264715449924271,-0.34096067873102676,-0.07961488439551874,0.25158650076677913,1
2026-11,-0.4291954904045094,-0.02571284888650123,0.09264715449924271,-0.34096067873102676,-0.07961488439551874,0.25158650076677913,1
2026-12,-0.4291954904045094,-0.02571284888650123,0.09264715449924271,-0.34096067873102676,-0.07961488439551874,0.25158650076677913,1
2027-01,-0.4291954904045094,-0.02571284888650123,0.09264715449924271,-0.34096067873102676,-0.07961488439551874,0.25158650076677913,1
2027-02,-0.4291954904045094,-0.02571284888650123,0.09264715449924271,-0.34096067873102676,-0.07961488439551874,0.25158650076677913,1
2011-01,-0.10966229395520097,-0.034914728247097765,0.16298392843284798,-0.3585958062446446,1.0160956419014526,-0.04604571463180095,3
2011-02,-0.10966229395520097,-0.034914728247097765,0.16298392843284798,-0.3585958062446446,1.492908402342034,-0.04604571463180095,3
2011-03,-0.10966229395520097,-0.034914728247097765,0.16298392843284798,-0.3585958062446446,1.1002390702144944,-0.04604571463180095,3
2011-04,-0.10966229395520097,-0.034914728247097765,0.16298392843284798,-0.3585958062446446,0.5299336116483102,-0.04604571463180095,3
2011-05,-0.10966229395520097,-0.034914728247097765,0.16298392843284798,-0.3585958062446446,0.36164675502222215,-0.04604571463180095,3
2011-06,-0.10966229395520097,-0.034914728247097765,0.16298392843284798,-0.3585958062446446,0.48318726258550776,-0.04604571463180095,3
2011-07,-0.10966229395520097,-0.034914728247097765,0.16298392843284798,-0.3585958062446446,0.2775033267091781,-0.04604571463180095,3
2011-08,-0.10966229395520097,-0.034914728247097765,0.16298392843284798,-0.3585958062446446,2.9679282238501865,-0.04604571463180095,3
2011-09,-0.10966229395520097,-0.034914728247097765,0.16298392843284798,-0.3585958062446446,3.7649755914744913,-0.04604571463180095,3
2011-10,-0.10966229395520097,-0.034914728247097765,0.16298392843284798,-0.3585958062446446,3.082156136803306,-0.04604571463180095,3
2011-11,-0.10966229395520097,-0.034914728247097765,0.16298392843284798,-0.3585958062446446,1.787976433405969,-0.04604571463180095,3
2011-12,-0.10966229395520097,-0.034914728247097765,0.16298392843284798,-0.3585958062446446,0.677234377021807,-0.04604571463180095,3
2012-01,-0.10966229395520097,-0.034914728247097765,0.16298392843284798,-0.3585958062446446,-0.057108896629351286,0.8109173382971595,3
2012-02,-0.10966229395520097,-0.034914728247097765,0.16298392843284798,-0.3585958062446446,0.43093696991450414,2.430521082727965,3
2012-03,-0.10966229395520097,-0.034914728247097765,0.16298392843284798,-0.3585958062446446,1.2225213008823905,1.0285747490924038,3
2012-04,-0.10966229395520097,-0.034914728247097765,0.16298392843284798,-0.3585958062446446,0.7148328268423058,1.2668377599834415,3
2012-05,-0.10966229395520097,-0.034914728247097765,0.16298392843284798,-0.3585958062446446,0.6281771260609078,1.7204718905580145,3
2012-06,-0.10966229395520097,-0.034914728247097765,0.16298392843284798,-0.3585958062446446,0.1960783389322464,1.6728258765857653,3
2012-07,-0.10966229395520097,-0.034914728247097765,0.16298392843284798,-0.3585958062446446,-1.6589846970932727,1.9946491734509855,3
2012-08,-0.10966229395520097,0.9913586929214673,0.16298392843284798,-0.3585958062446446,-1.7582903419057259,2.5843833369262854,3
2012-09,-0.10966229395520097,0.5391311672988506,0.16298392843284798,-0.3585958062446446,-1.0239927727038578,2.3348866973006617,3
2012-10,-0.10966229395520097,-0.06812899362831493,0.16298392843284798,-0.3585958062446446,-0.48199079749792584,2.548327330767077,3
2012-11,-0.10966229395520097,0.39022713354980976,0.16298392843284798,-0.3585958062446446,0.03888034840077581,2.6219239657579894,3
2012-12,-0.10966229395520097,0.19277775845283518,0.16298392843284798,-0.3585958062446446,-0.6270601457135876,2.2956075638559854,3
2013-01,-0.10966229395520097,-1.8445444217882792,0.9229342596108967,0.9543373044938335,-1.3803076290116354,2.500073358360136,3
2013-02,-0.10966229395520097,-1.7050450255660163,0.778416503689702,0.6502180057156799,-0.407345178457611,2.5610733997530595,3
2013-03,-0.10966229395520097,-2.100631199774372,0.6910348064437013,0.8968058054543148,0.9583094564485928,2.626541646740805,3
2013-04,-0.10966229395520097,-2.6507173607201646,0.4900378743390663,1.4614711585784663,0.8826555123147551,3.00430306985174,3
2013-05,-0.10966229395520097,-2.356828638614796,0.6109951620744978,1.7686961640037517,1.4368432603980996,2.4095700741600563,3
2013-06,-0.10966229395520097,-2.1802264396445534,0.5335602209786976,1.3750270528402426,1.2845370009070054,2.2619713487148267,3
2013-07,-0.10966229395520097,-1.0591966619012023,0.2665509713613887,-0.4620853664749262,0.06710384897478475,1.978286121768978,3
2013-08,-1.0152578769086533,-1.1377966799634711,0.1457935349877757,-0.5050517228211464,-0.0589170495853277,1.6619898591069118,3
2013-09,-1.3633977883629071,-0.6728772305870484,-0.9055908965537893,-0.5491750432102792,1.5588022346657435,1.5928795141406304,3
2013-10,-1.510903020812909,-0.3249332537880846,-0.8403508603738488,-0.44021905599393385,2.5752375117402324,1.3355304259501488,3
2013-11,-1.6675932053298146,0.20064713858015304,-0.41045857676750563,-0.1367594213379797,2.960407132008956,1.5311209185249657,3
2013-12,-1.8038642459197591,-0.2811332482132611,-0.2779540819078713,-0.07103798470182954,2.1076640594405203,1.552493671671527,3
2014-01,-1.6531632048130533,-0.7997753161470456,-0.30292753484899987,-0.2290355420579372,1.6891178792162567,1.7028774913887164,3
2014-02,-1.540134196968316,-0.45816794815386813,-0.43416131788422,0.13051322831010903,3.3610403471489443,1.6183378916403015,3
2014-03,-1.4981206590838902,-0.006573016355153727,-0.3014986728441299,0.5626518290916132,3.970123972313967,1.7600814823570299,3
2014-04,-1.519332424869598,0.2731809823390069,-0.19913516969987688,0.5212520668816161,2.2839833557529867,1.282734150475449,3
2014-05,-1.4757756390779613,-0.11454271890590373,-0.21931411212805613,0.20596092032714697,1.907397455771322,1.5350894125178096,3
2014-06,-1.2502729708544296,-0.29640142987571594,-0.16071164892861808,-0.15860603395381345,1.5166319849498482,1.627002155202897,3
2014-07,-1.1610565025787467,-0.34941519524306297,-0.3093075643052855,-0.25253090014462926,0.6082731902235194,1.7582043453575456,3
2014-08,-1.0457317963445094,-1.49574752925636,-0.3224385032791865,-0.2504541311960046,1.8732367935171614,1.8203081882528105,3
2014-09,-0.8320678809994244,-1.5585953107514001,-0.08650661871682845,0.11989215734910136,3.102348669933165,2.2671438922124025,3
2014-10,-0.4649442716792182,-1.312668200112006,-0.24596768070468467,0.24978973473621024,3.4305357340170235,2.8132172281427814,3
2014-11,-0.008809839945082193,-1.496501751711788,0.009417144683989288,0.702773302219544,3.4063970099601217,2.456761997781564,3
2014-12,-0.006826550827249145,-1.1461882451334282,0.03352718178136473,0.8242708358705426,2.371503141619249,2.7769615417937814,3
2015-01,0.09442848938238028,-0.3915826782637335,0.18519891586848183,0.8982849226561808,1.119932179657509,2.780705467580063,3
2015-02,0.17557233576945874,-0.28464323737603203,0.4470745881750511,0.9756887977254098,2.9967501817163926,2.519247062003529,3
2015-03,0.4513225257935986,0.1126079313277516,0.5357731489154449,1.1134633453811213,3.7101340177451245,2.527063915578213,3
2015-04,0.6797204350986231,0.6278275512888081,0.6301630017589805,1.5293015168586803,3.858241239595908,3.0656121848570503,3
2015-05,0.8109182245200518,0.8567047825561265,0.9561051755624574,1.8719175387341718,4.0521964470876535,2.71904835498472,3
2015-06,1.0720208297217821,1.060293735514637,0.9533352570174801,1.9531685128386398,3.4213764086624,3.2663648875306732,3
2015-07,1.245218572283455,0.31682556547386687,0.8287010441853653,2.1701126799141117,2.61268459489127,3.170141464877573,3
2015-08,1.3658386376780738,0.31840723845036045,0.2760945031211871,2.308991624427697,2.961614000463447,2.4617994129520353,3
2015-09,1.362389112178126,0.6410476584956633,0.19468351056276978,2.3696323876850727,3.067253893677989,2.6314678991583524,3
2015-10,1.4501622175571274,0.5481419085089242,0.43035685939663754,2.624108717604286,2.9381765687096393,2.0318468856376457,3
2015-11,1.3735909769803396,0.7125584447368382,0.3901216595496084,2.505230019994782,2.827903445586586,1.4405722142063286,3
2015-12,1.8261444039766108,0.12054917462894277,0.3906532407566778,2.5311685893206244,0.9297289191833465,1.0715447836259981,3
2016-01,1.5909144840693799,-0.10469958155224124,0.6675160465730294,2.0267905730599303,-0.9330651781566951,1.005574842366499,3
2016-02,1.2401605782414122,-0.020702322526542083,0.611672002074885,2.002908601683986,-0.3696467208355144,1.1246471216477296,3
2016-03,0.9419637142949929,0.20717788302578705,0.4802876957600135,1.629381279114004,-0.23744011333348636,0.8947115151828775,3
2016-04,0.8829840983344152,0.1996619237274121,0.43996738591636936,1.307517008206161,0.18593784016025786,0.8315099876503254,3
2016-05,0.7972170624870767,-0.08976924424756072,0.1865606183842401,0.7575961854781972,0.2103350653490207,0.5180703782130798,3
2016-06,0.7410385775905511,-0.3202211385390827,-0.05129072226923229,0.28014071418417635,0.3657820334861185,0.21245463237886686,3
2016-07,0.6997197391012541,-0.21197429314369806,0.1394072384814559,0.01638857575380724,0.44989118346219964,0.2085410212373068,3
2016-08,0.6032690895728147,-0.04101443218891687,0.5464354137426488,-0.312382840528053,0.6582659101524999,0.3577381450107482,3
2016-09,0.5114360279565914,0.10769484209741562,0.6735675663749476,-0.47516818454737414,1.3378575467306355,0.18796670614503083,3
2016-10,0.2862363098970178,0.17226715665277814,0.6060658333953796,-0.40480877196123616,1.617014511529744,0.2906947538262771,3
2016-11,0.17144030882367933,0.5250487065074155,0.5070856072814224,-0.44131864433341106,1.279325338721644,-0.057905437500521184,3
2016-12,-0.39076489673408127,0.48180497568017944,0.354010709518738,-0.2927638960328237,-0.5645388695375669,-0.1318979500063252,3
2017-01,-0.654814941584129,-0.028815024305278658,0.27999630680211685,-0.6254409838437611,-1.8617450204576986,-0.03418599176308072,3
2017-02,-0.8391217883336055,-0.11886519004125018,0.004977394701521328,-0.6402718604566058,-1.650206732896755,-0.46436557373676557,3
2017-03,-0.9475781206163716,-0.27472254879868474,-0.15876260589170446,-0.5934851586887027,-0.6455073108676523,-0.30831377990721853,3
2017-04,-0.8465543119610905,-0.3276639394772045,-0.3263908997416329,-0.7352116277772165,-0.44410952207869014,-0.8816205182864576,3
2017-05,-0.7949304099120039,-0.4572285349933811,-0.4519103456396502,-0.9593230116456315,-0.04745824844493246,-0.31316545938648727,3
2017-06,-0.7094161016065819,-0.1781122852267225,-0.564552034288578,-0.95368406337195,0.6821804114144958,-0.3616045220123134,3
2017-07,-0.7545603213172419,-0.09152313332883621,-0.9267466520489438,-0.6495498029872091,0.5095045726901474,-0.5217856336016178,3
2017-08,-0.8015569601072907,0.03578071639784847,-1.0060606065309559,-0.4865672045156775,-0.24038657807002967,-0.605066738209264,3
2017-09,-0.8932771343874436,0.222840042859582,-1.2068337219926095,-0.21926697435395476,-0.36008035488885737,-0.8163826232949556,3
2017-10,-0.8338050038095021,0.3130354214209848,-0.7428190143416851,-0.2314799124366867,0.05809023587104284,-1.1356148759537248,3
2017-11,-0.9250984556849092,0.2857071669023209,-0.8094182932957459,-0.3034824188217433,-0.3567339762210817,-0.4149516241565857,3
2017-12,-1.1383478556296343,0.3314929080276709,-0.8995969364455233,-0.6231020783397788,-1.0620967986757632,-0.20966548028650572,3
2018-01,-1.2172504789842462,-0.5016548974563647,-1.487799436187793,-0.6991481982822308,-1.2337671395158782,-0.4056610964956167,3
2018-02,-1.2740836371024786,-0.8072254287291936,-1.4204477123006238,-0.5483450079183554,-0.4949206226432563,0.11900847928158031,3
2018-03,-1.3291374805617453,-0.762445411940151,-1.4155529049110307,-0.744125185861509,-0.6608437462611606,-0.18497601499335134,3
2018-04,-1.279099653313073,-0.8401236300213684,-1.1692372536097901,-0.5156619829442917,-1.523587377044447,0.2869472348978808,3
2018-05,-1.2325849647208817,-0.6159682784724526,-1.3592737865866846,-1.3280424592742552,-2.207975036312874,0.22295208368402425,3
2018-06,-1.3381381621485409,-0.6241327682012016,-1.402985658631458,-1.9405854856934974,-2.712298578912056,0.08391413753608329,3
2018-07,-1.4006219346926914,-0.7516270862740854,-1.9211184976180864,-2.370650745587174,-3.0743121207834756,0.27182491819430693,3
2018-08,-1.487797221493821,-0.7448469102928134,-2.0149482171884685,-2.6296316799132935,-2.1602117632535167,0.5671674515331897,3
2018-09,-1.5273270766387925,-0.7045895413439298,-2.080045941584589,-2.954170255276713,0.04354650167918317,0.726641801221503,3
2018-10,-1.5110554745787208,-0.898810349066913,-2.001186008569796,-2.7951916250574333,-0.31514498599132457,1.0856162106072513,3
2018-11,-1.5194561100640513,-0.8040030116089788,-1.963275367586487,-2.6097114563504995,-1.9628730715477398,1.0392134565185014,3
2018-12,-1.6317172680900238,-0.42766166316102605,-2.040044429650975,-2.8014396604696548,-3.272317826455374,1.1000663472859558,3
2019-01,-1.8137062409851337,0.9446450776846271,-1.4486604933207097,-3.0633950034933486,-4.241348339403968,1.1104995126215205,3
2019-02,-1.9827214525108978,1.0534119586288742,-1.5103424242630368,-3.8272514070030748,-4.888096143854128,1.2391920289980165,3
2019-03,-2.0565357654553664,0.9620324543156363,-1.5062012462893815,-4.299099978972373,-4.585250372830148,1.9647688866063937,3
2019-04,-2.1366516519833305,0.9937381858864843,-2.5499228609629387,-4.810345434076834,-4.394180200061822,1.5916224885163415,3
2019-05,-2.2953111602573415,1.3328079917648314,-2.5032981922703366,-5.101623815153236,-4.521753577655342,1.7660519728617503,3
2019-06,-2.3488316040301167,0.8684427854016992,-2.524191053766265,-5.365198244844951,-3.742255011763273,1.5238390309227272,3
2019-07,-2.486735997523596,0.8583268425246315,-2.4075359843858894,-5.842342674042271,-2.245436372785522,1.774434771085565,3
2019-08,-2.572465026538253,0.9653953503367523,-2.267390153909177,-5.383522911237007,-1.8322874997530436,2.661272971692232,3
2019-09,-2.6492807736842017,1.0398041009144208,-2.0585482225349545,-5.163829176741981,-1.399221792528626,2.7509691794726763,3
2019-10,-2.8055576075965316,1.1691586107407208,-2.1742324575837553,-4.891488400401407,-0.0959855987875573,2.8579853340573464,3
2019-11,-2.8586147101986543,1.3462302184421762,-2.1648052203117523,-4.777649144904703,0.8247303605009968,3.173158942670443,3
2019-12,-3.0925993518759234,1.5398385313980363,-1.86045425947707,-4.118846908190595,1.4413136975248324,3.1870086477993844,3
2020-01,-3.198823376663571,2.1203242904076567,-1.1544416285846617,-3.321245113941868,0.978090649534902,3.3637899438105423,3
2020-02,-3.264643381742547,2.440814863700293,-0.9962069772795591,-2.714158071207404,0.6601126408969578,3.532836520150298,3
2020-03,-3.4161721290692424,2.8474785267228038,-0.8112059424116628,-2.2016455305721694,1.0816210114216025,4.032037487277314,3
2020-04,-3.877003091874062,3.0853969633256026,-1.0447136651297442,-2.061592690726446,-1.3741861772921276,4.082328498212398,3
2020-05,-4.088331251270948,3.162999085420851,-1.107959142711843,-2.304073011554127,-1.6016250792018158,4.116345430123392,3
2020-06,-4.015747089697523,3.466287336651437,-1.0297840266248433,-2.2608020509579143,0.5931109737241103,4.916212592459865,3
2020-07,-3.989883821259113,3.803895345129132,-0.7118899752662521,-1.2641007740615928,2.410202797674064,4.657825575469911,3
2020-08,-3.9914540042939133,3.7693027829041457,-0.38250330433746926,0.5988386327845656,2.3450549879064795,4.1743926457835965,3
2020-09,-4.0046271781859355,3.8101789009967897,-0.45062313677770893,1.0523871611687556,1.870720221597295,4.009141101635146,3
2020-10,-4.0920154866883935,3.685063396083812,-0.21777445966473616,1.6406504738350756,2.7867958243165276,3.561681791140649,3
2020-11,-4.090175823916924,3.763915448127899,-0.062378015253890896,2.049524911656599,4.561256054606234,3.1027757890281014,3
2020-12,-3.971254938178536,3.951826624502659,-0.08694057738801741,2.887493038487289,5.376000763422946,3.1384225120014264,3
2021-01,-4.094741696315866,2.50245440790804,0.3534199061702763,4.388010100797763,4.479149301495584,2.9037918066440382,3
2021-02,-4.403126018231201,2.5734664598441253,0.5026025100180787,4.25737590435811,3.94360726192728,2.419595803443611,3
2021-03,-4.100754928015724,2.784327648077186,0.44782736663983186,3.931212349141282,3.4242928945134956,1.2358104595538548,3
2021-04,-3.7002918981328587,2.6879708682349657,0.10489997109001203,3.438974837219938,3.0489481413232897,1.6043143075685642,3
2021-05,-3.5165888911598695,2.6619133865242794,-0.03417075471829791,2.978006567052617,2.7985702571503914,0.18122705042013054,3
2021-06,-3.5823165242729647,2.663397977443867,-0.06799361185895353,2.6272301003859893,3.2821014543604567,-0.32339047022876655,3
2021-07,-3.629842678060872,2.622124701063525,-0.07891801516257406,2.940275298309587,3.8576899589952123,-0.320256375807748,3
2021-08,-3.727378495214794,2.7759886895255703,-0.02223266329194649,2.139383306590116,4.042490140583861,-0.8806075780816226,3
2021-09,-3.8180715049145957,2.80658047549747,0.11385270998812393,2.4787975403463123,4.18588844919139,-0.5961339921688144,3
2021-10,-3.8320761078175747,3.056467272135647,0.757680036325944,2.5072428631668515,4.006169943101064,-0.49397054877866275,3
2021-11,-3.8920949429069913,2.827794893941326,0.2448674026797494,2.980052449092772,2.376166350413208,0.8963613837859816,3
2021-12,-3.920848793528169,2.894038152035833,-0.21340305441698934,0.853483057797483,0.6015690067756518,0.5795100544648091,3
2022-01,-4.1054696238117385,-4.088909494702584,-0.7285925852328629,-0.23465803269083185,-0.9779462437019155,0.7203465381528902,3
2022-02,-4.0017340182477374,-4.351950335468448,-1.0654498235359555,-0.6265959292662729,-1.628511724634292,1.345961578508631,3
2022-03,-4.091372415183415,-4.494215490527092,-1.1373707216184616,-0.8816053638028524,-0.785783463602313,1.8164130503384621,3
2022-04,-4.090188487339709,-4.574591277971987,-1.815516300679322,-1.0256516460734297,0.09634427354534558,0.9571872171254454,3
2022-05,-4.113997822554885,-4.596918878189099,-1.875154411237207,-1.033571259747439,0.07147857775143651,2.0245070533598475,3
2022-06,-4.045615880258193,-4.836158767123754,-1.987366783895201,-1.1489239067264345,-1.4465094683220234,1.3874754581931792,3
2022-07,-4.158137499113722,-4.854761453894589,-3.1751291867183276,-1.3983616144955162,-3.27592417849724,0.8803879647225152,3
2022-08,-4.173876040348753,-5.07586688494848,-3.3129400533251605,-1.7073270249472285,-4.6919871728274885,1.6837152104187165,3
2022-09,-4.17815317971977,-5.185186914937648,-3.6708945464190115,-2.0134799244715884,-5.912446772282499,1.6832788434731096,3
2022-10,-4.287270985419084,-5.816487537992333,-3.5892963518883403,-2.6257353073945437,-6.427984868211828,0.9373210990722519,3
2022-11,-4.364011384012169,-6.254832369818033,-3.8529585548520875,-3.1885269363992554,-7.63542888804152,-0.036474057000333626,3
2022-12,-4.311905219410578,-6.8141259489100445,-4.212995376116986,-4.342980809128629,-7.75183771620569,0.3787738553737342,3
2023-01,-4.564712705553728,-6.686897618409263,-4.633145626739853,-5.219975374887171,-7.665847557148192,0.37042478496607933,3
2023-02,-4.758187460589744,-6.974125335528614,-4.419127653054808,-5.492076193180457,-6.557274989862758,1.2197827919029747,3
2023-03,-4.783463120150332,-7.210215462441941,-4.446719780982993,-5.504772470470752,-4.556749818351149,0.6819493160683232,3
2023-04,-4.664977884296579,-7.053554738177178,-4.263279721623134,-5.393174370455154,-3.7084142806540963,1.094708450526881,3
2023-05,-4.639523990162846,-6.888947473896291,-4.122911250716206,-5.207619487057357,-2.8969773727166817,1.6943296184682728,3
2023-06,-4.640872210190574,-6.61894056619011,-4.086057345168345,-4.911176147671228,-2.155248648329927,1.731423591877254,3
2023-07,-4.620063733871098,-6.535645198285538,-3.840872193578735,-4.661223772197492,-1.5130312387773932,1.9256456388568164,3
2023-08,-4.729714799905941,-6.287977544613005,-3.622494686701286,-4.460322176417091,-0.8068457362356135,1.5818750068002965,3
2023-09,-4.756928983223932,-6.2032676495500025,-3.4088534124828587,-4.132301485324156,-0.14796646226036098,1.261829114648584,3
2023-10,-4.667196836551164,-6.051782431092713,-2.823931688115991,-3.782498831040119,-0.10255266888757797,1.8692814389720418,3
2023-11,-4.683913789830242,-6.009437545326698,-2.615763082009222,-3.5601253024529185,-1.3013215595316368,2.596233415058624,3
2023-12,-4.698527184235686,-5.985832877815028,-2.5215139325295866,-3.4298938208395002,-2.805521349793474,2.355931240869872,3
2024-01,-4.747595310915261,-0.8606048488874731,-1.7647571771220532,-3.561494399172001,-3.102364229672669,2.513530900967239,3
2024-02,-4.730354777969356,-0.9764801610648597,-1.5777391145581745,-3.414749414744335,-2.7423530846666884,1.7289702085302847,3
2024-03,-4.809182123975314,-1.0346455778216286,-1.4032618195025701,-3.2812927166712016,-2.120516680459726,1.475994564678602,3
2024-04,-4.768879918249617,-1.0763432714554444,-1.7309014806666276,-3.265809687387808,-1.9114178092416951,1.9775849007812822,3
2024-05,-4.672398573320371,-1.4903582219982052,-1.700163017385259,-3.318397188127613,-1.9991889695790213,1.33605831858965,3
2024-06,-4.6659053697189625,-1.5193989164931336,-1.5634469363920658,-3.1615000505239195,-1.2629761129587664,1.732612358992613,3
2024-07,-4.6376747578087425,-1.5326060016729919,-1.1203988246630525,-3.214067614629866,-0.39985542046889644,2.0052376548204327,3
2024-08,-4.599286796505753,-1.343624523673713,-0.9772510113097775,-3.147703284742361,0.24973171425540497,2.286355561634739,3
2024-09,-4.5905491082824,-1.182563188200898,-0.7999758264400995,-2.970256005746601,0.5765219654268289,2.2739263578270283,3
2024-10,-4.600728147681611,-1.172873996859833,-0.45266432739002305,-2.886414069056616,0.18884719935055594,2.555826071746212,3
2024-11,-4.593576529798084,-1.0971657378428326,-0.48588663966762097,-2.8106461104157225,-0.7759314448476318,3.0808411475916304,3
2024-12,-4.585174802482852,-1.0584059515687523,-0.6140528782760626,-2.7832431937408653,-1.933606967543247,3.25622840428273,3
2025-01,-4.811792256651696,-0.8565675506436903,-0.2662249589813654,-2.7271270215761287,-2.3451762098661666,3.0547022341829217,3
2025-02,-4.714559953066531,-0.894636139348759,-0.35574449085254595,-2.7811729659493443,-2.236422759681782,3.507672557114875,3
2025-03,-4.628768418035904,-0.7758556022213456,-0.401739537421873,-2.7401222340770683,-1.3430047858692518,4.060349102483409,3
2025-04,-4.628545163378863,-0.6247556028460233,-1.619232292711074,-2.679064736858689,-0.9544659347081119,3.478911598988061,3
2025-05,-4.603677077189835,-0.5181507773593848,-1.4460542656987043,-2.6602767620564545,-0.9948508836926655,3.453211053837546,3
2025-06,-4.582916951876498,-0.4524459929753779,-1.2899576181458798,-2.6056484362890204,-0.11743205978825433,3.212197315497078,3
2025-07,-4.637296510166235,-0.29481321246772074,-0.850400689901151,-2.5592658727235276,0.006760660800528451,3.148312069465118,3
2025-08,-4.674320110936718,-0.20465335867940837,-0.9010522283934667,-2.5509032628060915,-0.4546113569934336,2.5908759561589934,3
2025-09,-4.716703494853429,-0.28378048622791097,-0.9222204737976747,-2.482942611023805,-0.3985385903427109,2.6844704440346425,3
2025-10,-4.60199165688407,-0.2579649453786197,0.046389803123753494,-2.3269478562900363,0.8205241961998737,2.315683191112041,3
2025-11,-4.680881126551653,-0.3117245471267105,0.05594282950723739,-2.0905637754710398,0.8647082688935195,2.415046083472938,3
2025-12,-4.790920756136652,-0.19957387659429493,0.12413338925789545,-1.9234363872642881,0.7923164211896945,2.3353282682302576,3
2026-01,-5.036248569475372,0.8148473444630437,-0.08348294706135435,-1.739685303242776,0.9196698754398294,1.8068570086871414,3
2026-02,-5.122205705827047,0.9130357507012292,-0.12570222125577793,-1.5061270168151992,0.18624634519292163,1.1326266715957751,3
2026-03,-5.0023190830425115,1.0199687301280143,-0.23836249173704127,-1.5706104646206347,-1.2186406735956603,0.6524176990894737,3
2026-04,-4.930495579292318,1.0914539169999562,-1.2619033781241522,-1.2832850644685163,-0.8300289663090777,0.5015472496608504,3
2026-05,-4.957298395904451,1.0345101332297306,-1.3589301922637835,-1.2016126473478643,-0.11600526799037403,-0.6469684920173135,3
2026-06,-4.970931090900071,1.0972529017843466,-1.4834006549132377,-1.241351189132053,0.7425779029410655,-0.4420174166540001,3
2026-07,-4.912872295245995,1.121203463156186,-1.2153722293389826,-1.1370221266120637,1.3313533788859562,-0.27750394173741855,3
2026-08,-4.887289341745739,-3.410915377718492,-1.0595068625743307,2.82257033583343,1.2686150065758413,-0.07052861597844062,3
2026-09,-4.862647108112566,-3.410915377718492,-1.0565472287397562,2.7464918160562655,2.9794423025391397,5.234269659938726,3
2026-10,-0.10966229395520097,-0.034914728247097765,0.16298392843284798,-0.3585958062446446,0.005315993713055189,-0.04604571463180095,3
2026-11,-0.10966229395520097,-0.034914728247097765,0.16298392843284798,-0.3585958062446446,0.005315993713055189,-0.04604571463180095,3
2026-12,-0.10966229395520097,-0.034914728247097765,0.16298392843284798,-0.3585958062446446,0.005315993713055189,-0.04604571463180095,3
2027-01,-0.10966229395520097,-0.034914728247097765,0.16298392843284798,-0.3585958062446446,0.005315993713055189,-0.04604571463180095,3
2027-02,-0.10966229395520097,-0.034914728247097765,0.16298392843284798,-0.3585958062446446,0.005315993713055189,-0.04604571463180095,3
2011-01,0.1673981561990022,-0.018062085307026354,-0.05935367168175748,-0.4311155215461874,0.9589768772574517,0.21903012767020075,6
2011-02,0.1673981561990022,-0.018062085307026354,-0.05935367168175748,-0.4311155215461874,1.4156100930129651,0.21903012767020075,6
2011-03,0.1673981561990022,-0.018062085307026354,-0.05935367168175748,-0.4311155215461874,1.0395592094495993,0.21903012767020075,6
2011-04,0.1673981561990022,-0.018062085307026354,-0.05935367168175748,-0.4311155215461874,0.49339006903614324,0.21903012767020075,6
2011-05,0.1673981561990022,-0.018062085307026354,-0.05935367168175748,-0.4311155215461874,0.33222540465184386,0.21903012767020075,6
2011-06,0.1673981561990022,-0.018062085307026354,-0.05935367168175748,-0.4311155215461874,0.44862210670717095,0.21903012767020075,6
2011-07,0.1673981561990022,-0.018062085307026354,-0.05935367168175748,-0.4311155215461874,0.25164307245969414,0.21903012767020075,6
2011-08,0.1673981561990022,-0.018062085307026354,-0.05935367168175748,-0.4311155215461874,2.7795867611712195,0.21903012767020075,6
2011-09,0.1673981561990022,-0.018062085307026354,-0.05935367168175748,-0.4311155215461874,3.5361279821732308,0.21903012767020075,6
2011-10,0.1673981561990022,-0.018062085307026354,-0.05935367168175748,-0.4311155215461874,2.8897990280239565,0.21903012767020075,6
2011-11,0.1673981561990022,-0.018062085307026354,-0.05935367168175748,-0.4311155215461874,1.6629742228811946,0.21903012767020075,6
2011-12,0.1673981561990022,-0.018062085307026354,-0.05935367168175748,-0.4311155215461874,0.6127657048170989,0.21903012767020075,6
2012-01,0.1673981561990022,-0.018062085307026354,-0.05935367168175748,-0.4311155215461874,-0.08341115508106266,1.0267351711121355,6
2012-02,0.1673981561990022,-0.018062085307026354,-0.05935367168175748,-0.4311155215461874,0.37946021273849334,-0.9814788450315215,6
2012-03,0.1673981561990022,-0.018062085307026354,-0.05935367168175748,-0.4311155215461874,1.1269005090738209,-0.6391418663544878,6
2012-04,0.1673981561990022,-0.018062085307026354,-0.05935367168175748,-0.4311155215461874,0.6451729839928104,-0.1581212526600947,6
2012-05,0.1673981561990022,-0.018062085307026354,-0.05935367168175748,-0.4311155215461874,0.5636201927262119,0.8359120295788109,6
2012-06,0.1673981561990022,-0.018062085307026354,-0.05935367168175748,-0.4311155215461874,0.15359916709795757,1.288391899714509,6
2012-07,0.1673981561990022,-0.018062085307026354,-0.05935367168175748,-0.4311155215461874,-1.605425702806293,1.8799697599082361,6
2012-08,0.1673981561990022,1.1560888234653772,-0.05935367168175748,-0.4311155215461874,-1.701526674046924,2.2780618501974055,6
2012-09,0.1673981561990022,0.7292514098333482,-0.05935367168175748,-0.4311155215461874,-1.0056178795652202,2.011157974039507,6
2012-10,0.1673981561990022,0.15608559880700978,-0.05935367168175748,-0.4311155215461874,-0.4923972614011218,2.5557235116430204,6
2012-11,0.1673981561990022,0.588707526403625,-0.05935367168175748,-0.4311155215461874,0.0024148272357275014,2.5775075527010216,6
2012-12,0.1673981561990022,0.4023438580850729,-0.05935367168175748,-0.4311155215461874,-0.6275027885170189,2.911182076977179,6
2013-01,0.1673981561990022,-1.8229805679316007,2.60200911551638,0.8077633311614977,-1.3427931277207943,3.3012917499008476,6
2013-02,0.1673981561990022,-1.6913133028646146,2.466643955716962,0.48997109747680084,-0.42163973427823137,3.151108898730467,6
2013-03,0.1673981561990022,-2.0646894684025567,2.3852823902687237,0.7476452667688311,0.8756985754359212,3.3463864647771326,6
2013-04,0.1673981561990022,-2.583891288083061,2.426589638704449,1.3376974751444106,0.8082033629199783,2.839602811901387,6
2013-05,0.1673981561990022,-2.306502816723713,2.5525511873381115,1.658735045302415,1.3378378756009734,3.609112849045007,6
2013-06,0.1673981561990022,-2.1398158691603038,2.4776513682401298,1.2473669188074854,1.1924036426997848,3.886159198597835,6
2013-07,0.1673981561990022,-1.3346865841019515,2.7653723612430534,-0.45314858434545036,0.0348942350062976,3.473333997515248,6
2013-08,-1.2375916236822389,-1.3986434201100069,2.6548596282436696,-0.4911586289274076,-0.0848399852620092,3.0683560419793903,6
2013-09,-1.5874647010000607,-0.893466468846473,1.6219764645414294,-0.5237088102768838,1.4521007976969837,3.299354800507627,6
2013-10,-1.737544765913133,-0.5024071591966366,1.7095949278564644,-0.40237546230287513,2.417174983730001,3.0842307954336565,6
2013-11,-1.8971037958208328,0.10101756301518534,1.5893728109167553,-0.09355197898661005,2.781355785363476,2.469128684293747,6
2013-12,-2.04276299367106,-0.4584904585950653,1.7624500302334092,-0.03016386014920136,1.9734385819606497,2.560343927673496,6
2014-01,-1.8927783727184546,-0.7828501378123587,1.337311009765845,-0.19338661130519408,1.5832600282813387,2.248363060382808,6
2014-02,-1.7791801426674505,-0.4531808656599259,1.170040435247617,0.15762907918012115,3.1674110363138586,2.371581329386569,6
2014-03,-1.7437263111618013,0.01152708709667305,1.2979724979503124,0.5873815781530064,3.7437303866077754,2.35239291999923,6
2014-04,-1.7705548454257232,0.3687307339335826,1.4175185258828082,0.5358148484966432,2.1450097118566473,2.650099294712162,6
2014-05,-1.7364619552643368,0.013033894064439222,1.3868520290564381,0.20447045748464593,1.785292406963402,1.552668902644604,6
2014-06,-1.4963561574980964,-0.2115384661937174,1.4631142771611194,-0.16810056324786,1.4158198694753867,1.4409503964376644,6
2014-07,-1.4053374264954859,-0.27893007878193693,1.302972006085931,-0.25115748987808256,0.5569957981505285,1.2676043616847732,6
2014-08,-1.288233045305653,-1.5313224796267852,1.2662152020585697,-0.2670165761901552,1.7592839115452759,2.0073462569670957,6
2014-09,-1.0716891912242212,-1.660631564375851,1.499576141597202,0.10448990004135134,2.9256451091132027,2.0290003966476675,6
2014-10,-0.6960394022792854,-1.4248183380464456,2.144661108860308,0.220603832506519,3.2354904653926115,2.053200988393234,6
2014-11,-0.22483393439099528,-1.6365948494593403,2.431482443600328,0.6748126942711645,3.208616388502561,2.267997943707283,6
2014-12,-0.1579787408342127,-1.2156356034960714,2.4480656007272747,0.7939768913154874,2.2270423609743233,2.336641284910181,6
2015-01,-0.04306758926056883,-0.2831692053970225,2.4270095753165295,0.8690452718476055,1.0436584905709358,2.0913788921461918,6
2015-02,0.03820866401415627,-0.18765765252969546,2.3210752782347606,0.9353704771574143,2.8201644044171505,2.284923358255332,6
2015-03,0.3130611416261882,0.18127905102118708,2.4296401751217256,1.0840794962885179,3.4989379800997473,2.792918674521342,6
2015-04,0.5523155122385764,0.6963069133644058,2.357307308842445,1.5018893166312837,3.6380967185792925,2.3968318536445374,6
2015-05,0.6995190246131715,0.9262098551217026,2.7520527498267664,1.834527456666073,3.8213425124743807,2.145066873600853,6
2015-06,0.9555297727504181,1.1583429684692943,2.7404538988097893,1.8903961084724876,3.2230627658852384,2.182877908357538,6
2015-07,1.1337471204841292,0.3526306951550991,2.7604715529452597,2.096503430291471,2.4578708040711215,2.2411553405299105,6
2015-08,1.2557609178004052,0.3293527922567403,2.175465177656957,2.2088956215391136,2.7838461338379403,1.3520379218343144,6
2015-09,1.256027486594552,0.6258387614848164,2.08424480287751,2.269594373756866,2.8849815188889503,1.25698390658774,6
2015-10,1.3480141740450469,0.47278663316436054,1.8088292637296737,2.5307979461664054,2.7656734396102745,1.0469520789917,6
2015-11,1.2721925339160036,0.6288355328091928,1.7519945778327546,2.4172397871043696,2.655715938681324,0.8652742457821794,6
2015-12,1.7190075905617432,0.09389656690982795,1.7414786123112134,2.4473538302734967,0.8503014144567282,0.7931375369784538,6
2016-01,1.4730394286784658,-0.11012861410234487,1.019414594632681,1.9396517116382435,-0.9127741106907935,1.1754588586406474,6
2016-02,1.125109969712527,-0.018062085307026354,0.9518189336394861,1.924702569415011,-0.3794695541466275,1.025256573112114,6
2016-03,0.8218847978034073,0.19160577392732464,0.8198869674819859,1.5519868319124908,-0.25557213267141,0.32935308466807406,6
2016-04,0.7565342159641125,0.14708590778709002,0.4673569252415029,1.2376397085175417,0.14918119996725346,0.25852493068826926,6
2016-05,0.6707373894181305,-0.2018077263272106,0.19270848576266242,0.6942970081146724,0.17298326794040203,0.3398154194111513,6
2016-06,0.6179830497831814,-0.42945529896970663,-0.06347012778925236,0.22406040829649665,0.3230738593922493,0.4032466175103727,6
2016-07,0.5812885217426568,-0.2563318672217424,-0.1662267148492246,-0.028520082337591783,0.40345514252206005,0.28457840843659593,6
2016-08,0.49527611575452046,-0.017013268425079595,0.28875221045112986,-0.3409496227223496,0.5978635124482953,0.35860947289226,6
2016-09,0.39563738306824847,0.15536349057756846,0.4287798544229558,-0.5040778312245102,1.2436133622755077,0.23325415842301184,6
2016-10,0.1673981561990022,0.23204825880726312,0.22950389781650607,-0.4311155215461874,1.5090606242337423,0.1919066216527482,6
2016-11,0.050361962552177154,0.6061178754216714,0.119719656889891,-0.46836781237909086,1.1847770778235822,0.21903012767020075,6
2016-12,-0.529125341528788,0.5389493630422031,-0.05935367168175748,-0.32216568972827336,-0.5682106890789675,-0.2427873003818607,6
2017-01,-0.8024901323981507,-0.022250796749431756,-0.14191237446375263,-0.6603921398119922,-1.799021689231259,-0.5219488221239941,6
2017-02,-0.987916673185277,-0.11271178273039023,-0.4545200136358037,-0.6746688658601844,-1.5998229280461416,-0.6997898477742075,6
2017-03,-1.1047478585939028,-0.24415688531973945,-0.6437748452531364,-0.6299463885682457,-0.6439356136581272,-0.7780756935307576,6
2017-04,-1.0046712072624555,-0.26062182091859876,-0.6224834968253085,-0.7782154546875233,-0.44915481960370707,-0.1275737953619568,6
2017-05,-0.9492421118033492,-0.2948258848330109,-0.765667281813243,-1.010510846725949,-0.06810175234683857,-0.6351531052025436,6
2017-06,-0.8631505146144512,-0.008900838945952172,-0.9125986323595342,-1.0110046767081988,0.6280106473175795,-0.9506494314789424,6
2017-07,-0.9139071512901421,0.10509620028727074,-0.6287917827832924,-0.7124033055943582,0.464044595553203,-0.8630562772511794,6
2017-08,-0.9715280040693205,0.2783808019069017,-0.7339716511659615,-0.5629953686949634,-0.25908921320214456,-0.37474280401054766,6
2017-09,-1.0580510116402813,0.48759692500149393,-0.9638347232805954,-0.3005610178120613,-0.3692426509526885,-0.5147751567520706,6
2017-10,-1.0039460722557865,0.6282225331146765,-2.09401335048408,-0.31713980233907413,0.03249750187126915,-0.6383118522051175,6
2017-11,-1.1040912046524851,0.6114268345666347,-2.172919231039307,-0.37951811543704417,-0.3633799980280017,-0.4614310516057906,6
2017-12,-1.325334804529559,0.6965668580538269,-2.2540280935896173,-0.7023023453809463,-1.03181412455302,-0.18187388003791619,6
2018-01,-1.4102218773987305,-0.2309149707058359,-2.1636084382095806,-0.7883725661814995,-1.1898827371554668,-0.17020314866089764,6
2018-02,-1.4667885164753296,-0.5086965606311046,-2.088083658874339,-0.6501973028769263,-0.49023432633610436,0.3960481452200779,6
2018-03,-1.5190388935257106,-0.4443375564319577,-2.083242402643808,-0.8610716326638421,-0.651299744249421,0.2212320726604985,6
2018-04,-1.4687914979085397,-0.5243996082102308,-2.356922991016679,-0.6382278026645601,-1.4719904723024757,-0.36310056763229853,6
2018-05,-1.4213074030850672,-0.30669949487919157,-2.5627878050462765,-1.4683211764098398,-2.118340913196329,0.040097469022434856,6
2018-06,-1.5266798702630637,-0.28979418563853676,-2.5931779810055864,-2.0886146520295497,-2.598685137705921,0.17000537024571705,6
2018-07,-1.59129943640822,-0.3827789271474251,-2.223580871050343,-2.530746530614497,-2.941755268903055,0.36052007133049624,6
2018-08,-1.676674604707249,-0.3965558445370736,-2.3161896077848545,-2.7830181803278027,-2.0676084953513136,0.3611677052942877,6
2018-09,-1.7180103847640282,-0.33457709519920664,-2.3714422101398838,-3.100918650866909,0.03437088477525174,0.5560440893484031,6
2018-10,-1.7013381277178086,-0.5782209193805399,-2.447565070001548,-2.9300601706991234,-0.3167437650357894,1.0300445004581673,6
2018-11,-1.7092735306873432,-0.46232433109459925,-2.4040845015959644,-2.7439807859230116,-1.8874587532380735,1.168071709463091,6
2018-12,-1.8251113791308657,0.011106291110197786,-2.4854731250437205,-2.9324672019831373,-3.1304053446163325,1.105784054611226,6
2019-01,-1.9957233021461669,1.4762245236409375,-3.1301682648011013,-3.190322935810696,-4.051438004843329,1.3567236039190758,6
2019-02,-2.182508767563094,1.584541763121206,-3.207599884187783,-3.954169776386559,-4.669726486206513,1.8568628202937867,6
2019-03,-2.278092607882434,1.4992001850986927,-3.1784628061885436,-4.420448862961171,-4.384632170230126,2.2646918289518916,6
2019-04,-2.3654986604455996,1.4837928848637727,-1.9066920747898832,-4.925495687623499,-4.199954990033709,2.660609315269265,6
2019-05,-2.5293016697530533,1.780645460650877,-1.8325523672460913,-5.216188891153967,-4.315030295630989,3.19924113038381,6
2019-06,-2.593498169577092,1.3786652880202366,-1.858928926283942,-5.476428386379491,-3.5742409928566694,2.8557263443315124,6
2019-07,-2.7455365629641872,1.363497172682617,-1.9424606775336148,-5.942975240053902,-2.149943996122686,3.322356898724821,6
2019-08,-2.8428816175225027,1.5021437334857477,-1.798469209751678,-5.47683749874538,-1.7593045152165063,3.2360561910406394,6
2019-09,-2.9379280835829245,1.5777340510292799,-1.56628017297366,-5.2589154917067,-1.3482004845501552,3.407440628307892,6
2019-10,-3.1038533614659563,1.710158167787581,-1.1444693208857437,-4.983292210921402,-0.10955112708703985,3.327627589023835,6
2019-11,-3.168460838226128,1.8621257209388147,-1.1407907680042413,-4.86439955339274,0.7666920840664082,3.5529999502754994,6
2019-12,-3.411429744350334,2.0530749994140614,-0.8020725735289996,-4.197464074470719,1.354881516290213,3.585313601683403,6
2020-01,-3.5317594911301438,2.6328591294312433,-1.4937074984738359,-3.4039439312327406,0.9091320677771052,3.4104308128724,6
2020-02,-3.60023373500087,2.9438535230818306,-1.3552091533969322,-2.796209402698954,0.6041067767530784,3.283799984051105,6
2020-03,-3.7583929734479606,3.3457866841854376,-1.188340156413419,-2.292935158375794,1.0024828123787333,3.775244087784082,6
2020-04,-4.211376240408073,3.642582107918358,-0.7681032553945498,-2.154105318658237,-1.334418639577064,3.666437825775261,6
2020-05,-4.42615431966187,3.6928759849916144,-0.8407554581023424,-2.39783259183854,-1.5488787177664993,4.131050022422711,6
2020-06,-4.36033047649258,3.982178797006692,-0.7625353894917035,-2.3598156439798967,0.5414771591020475,4.08729102896391,6
2020-07,-4.3389159307247676,4.328765529227926,-0.2858408126834983,-1.3620611349520244,2.270496595206363,2.953730339476221,6
2020-08,-4.34704082329192,4.26466530479489,0.023009646604014316,0.5091060404516544,2.209563873152733,2.4975616086904644,6
2020-09,-4.360869249327093,4.302515589265221,-0.07771823089471071,0.9764096425336153,1.7537000674093348,2.156787706917882,6
2020-10,-4.45345819990935,4.155121402079189,-0.42904955904407777,1.5700801502467414,2.625667531392221,1.9342423990282476,6
2020-11,-4.453492782398793,4.2506214993819205,-0.24048072493279926,1.9922583040013648,4.311112000048928,1.1780249423110996,6
2020-12,-4.334325332663524,4.4143279471057895,-0.30481256693120845,2.84346035156494,5.084276351882097,1.1149352948525977,6
2021-01,-4.440564369018966,2.920202153639778,-0.15988957093960787,4.37590089528242,4.233298825119983,0.8827709976288002,6
2021-02,-4.740803818233887,2.98606655182126,0.020969241962391583,4.252987332232337,3.7258498006615146,0.1031494010702868,6
2021-03,-4.456192853890918,3.1798691511073027,-0.036466211403942204,3.933540318180774,3.230992182415129,-0.7416971150573562,6
2021-04,-4.061711609876668,3.0596000420144485,0.5864335677646167,3.431060347199879,2.8739662750586907,-1.3006103817079318,6
2021-05,-3.8860174646340115,3.0357045865473897,0.4200920827619568,2.949495840398492,2.6396688371610564,-1.8387274933250128,6
2021-06,-3.955142740436331,3.042681538433236,0.38308570674000725,2.5904790165422265,3.0990016377052942,-1.9266548483126615,6
2021-07,-4.004412670171781,2.989645991821849,0.19306769339168958,2.9240376672574273,3.6440396873507477,-1.5799501494168684,6
2021-08,-4.104740917245708,3.1438120980585054,0.2269482609403964,2.149262198824903,3.8194711667999695,-2.02581510546099,6
2021-09,-4.202008314884243,3.1665164129009757,0.36947263205098574,2.4996737354843526,3.953952059984268,-2.096096981279071,6
2021-10,-4.222266164900111,3.4077924656464504,-0.3417880752064542,2.5351292878145255,3.7807965804545187,-2.188778605631514,6
2021-11,-4.285163595902254,3.169667504055878,-0.8941503000424006,3.010211913963437,2.231452140853108,-3.0261143927012033,6
2021-12,-4.31643319684681,3.242382914295977,-1.3463256977257643,0.845891474908805,0.5452034759470464,-3.373912245671429,6
2022-01,-4.514630929524021,-3.953348141668624,-1.8922478507138674,-0.23574958507351207,-0.9557781610682536,-3.4509273863912346,6
2022-02,-4.431409643037751,-4.225882724070998,-2.2576904217185128,-0.6252172715753392,-1.5735172121058723,-2.8540715615275296,6
2022-03,-4.5280851172083905,-4.355246136805313,-2.3113646034170867,-0.8791885040904145,-0.7692807959385067,-2.9060908271801456,6
2022-04,-4.538348375315553,-4.417070767054778,-1.9145254659488646,-1.0171716394943418,0.07333809829290816,-2.730026985475764,6
2022-05,-4.565321509708131,-4.455400061028162,-1.9696769346692358,-1.0146843536643846,0.04678835980114071,-2.6340932433697115,6
2022-06,-4.502870500173763,-4.713490584578404,-2.0920204640700035,-1.1230754608333289,-1.4007316005839257,-2.644031742482761,6
2022-07,-4.621135520987224,-4.731755388331868,-0.9226184438440801,-1.3659585003642838,-3.146969127454492,-3.224295557140597,6
2022-08,-4.6393720695296645,-4.9472303525957475,-1.0480148419296045,-1.6684040288365916,-4.492201125275967,-2.8882839151621704,6
2022-09,-4.642706137800599,-5.073526388242762,-1.4160481588211213,-1.9731060844206536,-5.65369672797898,-2.425036212648796,6
2022-10,-4.74600475791732,-5.679856081680016,-2.5810939710120144,-2.5851333358480773,-6.1447584569058815,-3.245442551224909,6
2022-11,-4.829567478155408,-6.084565899869956,-2.847665018214706,-3.149572680882745,-7.289561356303256,-1.2570132939435898,6
2022-12,-4.779097353481638,-6.610909897223278,-3.2006216883049734,-4.320556127755071,-7.39880060796117,-0.5713566183247766,6
2023-01,-5.03381862120172,-6.409195616112328,-3.041338086892147,-5.212441419384104,-7.31197501146424,-0.6082012059210242,6
2023-02,-5.225597370105176,-6.659926064090046,-2.8296106670105536,-5.4784028478949995,-6.260726461851206,0.28495390040759694,6
2023-03,-5.254197583960548,-6.8775619877077165,-2.9170727227678426,-5.4850888456855715,-4.359704123729724,0.43886748680469245,6
2023-04,-5.134374011960677,-6.722175341472138,-2.567703275954479,-5.360734579337725,-3.5501089553537035,1.2415727834087225,6
2023-05,-5.103838587497655,-6.530822888780381,-2.439003199283612,-5.1595228681150385,-2.7779928223213872,1.6466314303349678,6
2023-06,-5.102001393956233,-6.24540393096242,-2.420442432097305,-4.851857836205104,-2.0706160440344736,2.1486250274184786,6
2023-07,-5.074934072490598,-6.158551200028985,-2.1529672625285574,-4.597452571926557,-1.460546531362215,3.070167454484016,6
2023-08,-5.17836341885504,-5.888200629210248,-1.91645464422253,-4.395362617931881,-0.7872872273410743,4.522551181512978,6
2023-09,-5.2021391476721845,-5.773756911521492,-1.6910228909285603,-4.063110937816267,-0.1620796870004385,3.99964946611802,6
2023-10,-5.113567825206225,-5.599198531520605,-1.6338432259113702,-3.7111005736452958,-0.1205392530411708,5.262064942098598,6
2023-11,-5.121622015206679,-5.539389262123649,-1.4062470426839049,-3.488417126596889,-1.2603425248654045,4.372337028366213,6
2023-12,-5.131317993834094,-5.503097162544298,-1.298208900643738,-3.363345410561274,-2.69122605492665,4.379801998583813,6
2024-01,-5.173178488235009,-0.22703759373480636,-1.8132111501526709,-3.4985512508375445,-2.9732294313619296,4.87419380417674,6
2024-02,-5.155355827269866,-0.3316807475033201,-1.590896439435206,-3.356231764317997,-2.6327274083656684,4.540996779677786,6
2024-03,-5.23577050942536,-0.4014102311463752,-1.3536888790624164,-3.220059738078813,-2.0412567309107073,4.977567971867613,6
2024-04,-5.18643536168219,-0.425450444344456,-0.7698580689034115,-3.204993262347074,-1.8380129456138659,4.370174451351869,6
2024-05,-5.088200452662316,-0.8313905975935487,-0.7246227827450399,-3.2612480602043106,-1.9215199545220294,4.553245846224262,6
2024-06,-5.0725950947472525,-0.8440924496754496,-0.5712803281671214,-3.0974495100604384,-1.2189657976108619,4.73875474462132,6
2024-07,-5.037938053342789,-0.8421916229811943,-0.5572332712100674,-3.1505775593439806,-0.3960635298720875,4.918025608294185,6
2024-08,-4.996489285617554,-0.6646996285159905,-0.4037994382349406,-3.0853708047188633,0.2205254997733228,4.436844744316442,6
2024-09,-4.981811192989126,-0.5083553704938408,-0.20093270274304695,-2.9055431162602385,0.5313546146198393,4.610049703008904,6
2024-10,-4.9891089245887095,-0.49745045255531606,-0.695719610724049,-2.821212660777901,0.16165698520453298,4.856858724058386,6
2024-11,-4.9824674831681195,-0.42725424941752976,-0.736633155223342,-2.745893320750905,-0.7573784838917437,5.08086041016083,6
2024-12,-4.972258593575265,-0.3949402575683081,-0.8920860995622171,-2.717409749863265,-1.8580406110121137,5.2524533682969965,6
2025-01,-5.191343558207078,-0.23122338921055618,-1.608602742963039,-2.6635274466261722,-2.2485915888196044,5.211291652364311,6
2025-02,-5.10195563410034,-0.24911073377051984,-1.713043459432684,-2.715735072513693,-2.1475472629876595,5.3626293700826695,6
2025-03,-5.016735723860445,-0.10151750130107917,-1.7729434593458924,-2.6755817665333557,-1.2983551349216442,5.008295072009288,6
2025-04,-5.017861602023477,0.04675059019912453,-0.05482800410134444,-2.614783664002849,-0.9281776476552577,5.603855488598878,6
2025-05,-4.994440222783397,0.17585450387592205,0.1282870970085047,-2.5935945167539742,-0.9631637784041273,5.746604728070895,6
2025-06,-4.977497638070262,0.23955663091361767,0.30665782135141423,-2.540022300080022,-0.12522272946795265,5.3576149955857995,6
2025-07,-5.036515189727907,0.38492726839323144,-0.6020424579653126,-2.4940264351854005,-0.016211125857696018,4.930425504344259,6
2025-08,-5.076425579658449,0.4805568294170808,-0.6616559595836771,-2.481337007994509,-0.4511039250045306,4.802761436935368,6
2025-09,-5.123717925834359,0.41767215220898946,-0.6868627686528632,-2.407563864871758,-0.3975164029179882,4.965541282303154,6
2025-10,-5.013548863617085,0.41458046205140375,-1.9318743577246786,-2.2481711378059117,0.76496295835214,3.9119679040187267,6
2025-11,-5.092847930829305,0.3676424798493998,-1.9316150161601033,-2.0069802843284954,0.8038790111287134,3.4334040105329207,6
2025-12,-5.207090654067059,0.4850817285379687,-1.855869520107668,-1.838799816067424,0.7371639519971711,3.2758998865904374,6
2026-01,-5.453267216009276,1.5905102547325312,-1.5889901304010374,-1.6547670262795884,0.8601257006351855,3.0123473247147246,6
2026-02,-5.536061402658667,1.6878045739390557,-1.6339792447887727,-1.4230114330415067,0.15099064152830124,2.2009219397346356,6
2026-03,-5.422203282208591,1.7863072536298863,-1.7597053953719535,-1.488696827647997,-1.1883382859996985,2.037082706402579,6
2026-04,-5.353342513459193,1.8499943076478502,-0.8099574865214217,-1.1953859959790714,-0.8131453155471385,0.9248433755517771,6
2026-05,-5.378557467977656,1.7632853567048652,-0.9091173302306315,-1.1121062709532545,-0.13061882403421787,0.3040212566035807,6
2026-06,-5.391420256697963,1.8289700462796012,-1.0463067289469745,-1.1525498828918384,0.6886108437210131,0.44582601657506316,6
2026-07,-5.331869521476378,1.871830816199051,-1.4701955083565064,-1.0464409587105243,1.2513468419838034,0.5620175063332,6
2026-08,-5.306049666550804,-3.6994350568243157,-1.3656230032613754,2.673997549087483,1.19078143181761,-0.03720482834457828,6
2026-09,-5.280006369770901,-3.6994350568243157,-1.3456206979905228,2.596398786121176,2.839231295074271,5.842106849799785,6
2026-10,0.1673981561990022,-0.018062085307026354,-0.05935367168175748,-0.4311155215461874,0.14918119996725346,0.21903012767020075,6
2026-11,0.1673981561990022,-0.018062085307026354,-0.05935367168175748,-0.4311155215461874,0.14918119996725346,0.21903012767020075,6
2026-12,0.1673981561990022,-0.018062085307026354,-0.05935367168175748,-0.4311155215461874,0.14918119996725346,0.21903012767020075,6
2027-01,0.1673981561990022,-0.018062085307026354,-0.05935367168175748,-0.4311155215461874,0.14918119996725346,0.21903012767020075,6
2027-02,0.1673981561990022,-0.018062085307026354,-0.05935367168175748,-0.4311155215461874,0.14918119996725346,0.21903012767020075,6
