모형,h,시도별 MAE,공통 MAE,월내 상대 MAE,월수
결합 B(Ḡ̂_B + r̃_B),1,0.09154655353492985,0.05424573582190346,0.08069374102299225,96
결합 A(Ḡ̂_A + r̃_A),1,0.10064985201049677,0.06565573889269025,0.08118941106219695,96
결합 혼합(Ḡ̂_B + r̃_A),1,0.09254324528937448,0.05424573582190346,0.08118941106219695,96
통합 패널 ridge_A,1,0.09466713745281878,0.062106522380488284,0.08096901424098375,96
통합 패널 ridge_B,1,0.08900724134573003,0.04724615501643145,0.08043924339263153,96
단순 naive_zero,1,0.2027471998861887,0.1573999859473384,0.1558003797329243,96
단순 naive_mom1,1,0.08363277218573321,0.047397320555631804,0.07887249049662144,96
단순 naive_mom3,1,0.10492621581973198,0.07171253661519551,0.09298367061422995,96
단순 naive_lasth,1,0.08363277218573321,0.047397320555631804,0.07887249049662144,96
결합 B(Ḡ̂_B + r̃_B),3,0.3515755994256919,0.2316995022832651,0.29441462024622334,96
결합 A(Ḡ̂_A + r̃_A),3,0.40886770551032575,0.30341078974246427,0.2958451784093783,96
결합 혼합(Ḡ̂_B + r̃_A),3,0.35393678240785836,0.23169950228326508,0.2958451784093783,96
통합 패널 ridge_A,3,0.37940906794863843,0.28149419106484896,0.294040054513588,96
통합 패널 ridge_B,3,0.3411760248624818,0.20119240205059927,0.2939811518179008,96
단순 naive_zero,3,0.5985353622260251,0.47434801957580414,0.45155937854654904,96
단순 naive_mom1,3,0.3168589537520438,0.2194262532648736,0.28090391701812967,96
단순 naive_mom3,3,0.36807047469473303,0.2775728861627444,0.3103590528285733,96
단순 naive_lasth,3,0.3684341544757257,0.2781295077402606,0.3109724204916899,96
결합 B(Ḡ̂_B + r̃_B),6,0.8252884969292857,0.5675852940790037,0.638152279416348,96
결합 A(Ḡ̂_A + r̃_A),6,1.0336167514384051,0.8113987250835217,0.6477381633191469,96
결합 혼합(Ḡ̂_B + r̃_A),6,0.8405081169443133,0.5675852940790037,0.6477381633191469,96
통합 패널 ridge_A,6,0.9058295704463091,0.6665285040132255,0.6492010920781377,96
통합 패널 ridge_B,6,0.7727565675260485,0.5036594901622672,0.6390864160887841,96
단순 naive_zero,6,1.1749870888502498,0.9377534166000219,0.8653873061812294,96
단순 naive_mom1,6,0.7992590005488521,0.6012479206157537,0.6582811773389466,96
단순 naive_mom3,6,0.8757172081695401,0.6741015092191347,0.7033538624755161,96
단순 naive_lasth,6,0.9776379626312471,0.7145285154089622,0.7726767574031724,96
