블록,동인,구성변수수,묶음수,평균|상관|,최대|상관|,최대쌍
공통,①,13,3,0.72,1.0,V015|수준 ~ V015|Δ12
공통,①,6,묶음 인구세대,0.9,1.0,V009|로그Δ12 ~ V011a|로그Δ12
공통,①,6,묶음 고용소득,0.56,1.0,V015|수준 ~ V015|Δ12
공통,②,6,2,0.47,1.0,V072|수준 ~ V072|Δ12
공통,②,3,묶음 공급흐름,0.36,0.95,V021|12개월합_천세대당 ~ V022|12개월합_천세대당
공통,②,3,묶음 재고,0.52,1.0,V072|수준 ~ V072|Δ12
공통,③,12,6,0.55,0.95,V004|수준 ~ V057|Δ12
공통,③,4,묶음 상대가격,0.72,0.94,V003|Δ12 ~ V004|Δ12
공통,③,2,묶음 매매수급거래,0.92,0.92,V031|수준 ~ V036|12개월합_천세대당
공통,③,3,묶음 대출금리,0.74,0.77,V056|Δ12 ~ V059|Δ12
공통,④,3,2,0.77,0.98,V005|수준 ~ V032|수준
공통,④,2,묶음 수급,0.98,0.98,V005|수준 ~ V032|수준
공통,⑤,2,2,0.45,0.45,V037|수준 ~ CSI|수준
공통,⑥,11,4,0.38,0.93,V043|Δ12 ~ V044|Δ12
공통,⑥,3,묶음 시장금리,0.87,0.93,V043|Δ12 ~ V044|Δ12
공통,⑥,2,묶음 유동성신용,0.31,0.31,V046|로그Δ12 ~ V047|로그Δ12
공통,⑥,4,묶음 물가임금소득,0.21,0.38,V049|로그Δ12 ~ V074|로그Δ12
공통,⑥,2,묶음 금융시장실물,0.89,0.89,V064|로그Δ12 ~ V070|로그Δ12
지역,①,13,3,0.44,1.0,D|V009|로그Δ12 ~ D|V012|12개월합_천명당
지역,①,6,묶음 인구세대,0.7,1.0,D|V009|로그Δ12 ~ D|V010|로그Δ12
지역,①,6,묶음 고용소득,0.22,0.69,D|V015|Δ12 ~ D|V017|Δ12
지역,②,6,2,0.43,0.96,D|V021|12개월합_천세대당 ~ D|V022|12개월합_천세대당
지역,②,3,묶음 공급흐름,0.92,0.96,D|V021|12개월합_천세대당 ~ D|V022|12개월합_천세대당
지역,②,3,묶음 재고,0.33,0.4,D|V072|수준 ~ D|V072|Δ12
지역,③,7,3,0.24,0.61,D|V003|수준 ~ D|V050|로그Δ12
지역,③,4,묶음 상대가격,0.26,0.44,D|V003|수준 ~ D|V004|수준
지역,③,2,묶음 매매수급거래,0.2,0.2,D|V031|수준 ~ D|V036|12개월합_천세대당
지역,④,3,2,0.29,0.63,D|V005|수준 ~ D|V032|수준
지역,④,2,묶음 수급,0.63,0.63,D|V005|수준 ~ D|V032|수준
지역,⑤,2,2,0.12,0.12,D|V037|수준 ~ D|CSI|수준
