광역지자체,자치구,기간,주기,통계명,항목명,값,단위
전국,,1990Q1,분기,가계동향_도시2인이상_소득,소득,880498.871,원
전국,,1990Q2,분기,가계동향_도시2인이상_소득,소득,893567.495,원
전국,,1990Q3,분기,가계동향_도시2인이상_소득,소득,955067.493,원
전국,,1990Q4,분기,가계동향_도시2인이상_소득,소득,1023396.591,원
전국,,1991Q1,분기,가계동향_도시2인이상_소득,소득,1037358.05,원
전국,,1991Q2,분기,가계동향_도시2인이상_소득,소득,1102973.774,원
전국,,1991Q3,분기,가계동향_도시2인이상_소득,소득,1209845.796,원
전국,,1991Q4,분기,가계동향_도시2인이상_소득,소득,1241679.991,원
전국,,1992Q1,분기,가계동향_도시2인이상_소득,소득,1281415.807,원
전국,,1992Q2,분기,가계동향_도시2인이상_소득,소득,1294479.025,원
전국,,1992Q3,분기,가계동향_도시2인이상_소득,소득,1373846.398,원
전국,,1992Q4,분기,가계동향_도시2인이상_소득,소득,1401878.017,원
전국,,1993Q1,분기,가계동향_도시2인이상_소득,소득,1399354.345,원
전국,,1993Q2,분기,가계동향_도시2인이상_소득,소득,1373665.769,원
전국,,1993Q3,분기,가계동향_도시2인이상_소득,소득,1485944.782,원
전국,,1993Q4,분기,가계동향_도시2인이상_소득,소득,1520281.923,원
전국,,1994Q1,분기,가계동향_도시2인이상_소득,소득,1575002.353,원
전국,,1994Q2,분기,가계동향_도시2인이상_소득,소득,1595196.586,원
전국,,1994Q3,분기,가계동향_도시2인이상_소득,소득,1699625.52,원
전국,,1994Q4,분기,가계동향_도시2인이상_소득,소득,1763329.503,원
전국,,1995Q1,분기,가계동향_도시2인이상_소득,소득,1800104.486,원
전국,,1995Q2,분기,가계동향_도시2인이상_소득,소득,1784010.648,원
전국,,1995Q3,분기,가계동향_도시2인이상_소득,소득,1927803.341,원
전국,,1995Q4,분기,가계동향_도시2인이상_소득,소득,1972331.06,원
전국,,1996Q1,분기,가계동향_도시2인이상_소득,소득,2048761.415,원
전국,,1996Q2,분기,가계동향_도시2인이상_소득,소득,2020922.864,원
전국,,1996Q3,분기,가계동향_도시2인이상_소득,소득,2154070.716,원
전국,,1996Q4,분기,가계동향_도시2인이상_소득,소득,2158439.798,원
전국,,1997Q1,분기,가계동향_도시2인이상_소득,소득,2227433.148,원
전국,,1997Q2,분기,가계동향_도시2인이상_소득,소득,2170393.384,원
전국,,1997Q3,분기,가계동향_도시2인이상_소득,소득,2281711.913,원
전국,,1997Q4,분기,가계동향_도시2인이상_소득,소득,2163883.627,원
전국,,1998Q1,분기,가계동향_도시2인이상_소득,소득,2050708.303,원
전국,,1998Q2,분기,가계동향_도시2인이상_소득,소득,1937810.266,원
전국,,1998Q3,분기,가계동향_도시2인이상_소득,소득,1893747.129,원
전국,,1998Q4,분기,가계동향_도시2인이상_소득,소득,1989358.88,원
전국,,1999Q1,분기,가계동향_도시2인이상_소득,소득,1990373.869,원
전국,,1999Q2,분기,가계동향_도시2인이상_소득,소득,1947768.582,원
전국,,1999Q3,분기,가계동향_도시2인이상_소득,소득,2037798.06,원
전국,,1999Q4,분기,가계동향_도시2인이상_소득,소득,2150770.68,원
전국,,2000Q1,분기,가계동향_도시2인이상_소득,소득,2162492.553,원
전국,,2000Q2,분기,가계동향_도시2인이상_소득,소득,2190388.458,원
전국,,2000Q3,분기,가계동향_도시2인이상_소득,소득,2251161.949,원
전국,,2000Q4,분기,가계동향_도시2인이상_소득,소득,2279057.667,원
전국,,2001Q1,분기,가계동향_도시2인이상_소득,소득,2345507.071,원
전국,,2001Q2,분기,가계동향_도시2인이상_소득,소득,2325330.904,원
전국,,2001Q3,분기,가계동향_도시2인이상_소득,소득,2506651.114,원
전국,,2001Q4,분기,가계동향_도시2인이상_소득,소득,2527119.279,원
전국,,2002Q1,분기,가계동향_도시2인이상_소득,소득,2591918.273,원
전국,,2002Q2,분기,가계동향_도시2인이상_소득,소득,2551193.939,원
전국,,2002Q3,분기,가계동향_도시2인이상_소득,소득,2638241.229,원
전국,,2002Q4,분기,가계동향_도시2인이상_소득,소득,2586028.285,원
전국,,2003Q1,분기,가계동향_도시2인이상_소득,소득,2663267.433,원
전국,,2003Q2,분기,가계동향_도시2인이상_소득,소득,2637503.815,원
전국,,2003Q3,분기,가계동향_도시2인이상_소득,소득,2760023.864,원
전국,,2003Q4,분기,가계동향_도시2인이상_소득,소득,2786589.581,원
전국,,2004Q1,분기,가계동향_도시2인이상_소득,소득,2846384.142,원
전국,,2004Q2,분기,가계동향_도시2인이상_소득,소득,2789027.944,원
전국,,2004Q3,분기,가계동향_도시2인이상_소득,소득,2941361.734,원
전국,,2004Q4,분기,가계동향_도시2인이상_소득,소득,2896575.492,원
전국,,2005Q1,분기,가계동향_도시2인이상_소득,소득,2989473.595,원
전국,,2005Q2,분기,가계동향_도시2인이상_소득,소득,2903277.971,원
전국,,2005Q3,분기,가계동향_도시2인이상_소득,소득,2993280.567,원
전국,,2005Q4,분기,가계동향_도시2인이상_소득,소득,3006044.801,원
전국,,2006Q1,분기,가계동향_도시2인이상_소득,소득,3129330.137,원
전국,,2006Q2,분기,가계동향_도시2인이상_소득,소득,3031383.089,원
전국,,2006Q3,분기,가계동향_도시2인이상_소득,소득,3099583.776,원
전국,,2006Q4,분기,가계동향_도시2인이상_소득,소득,3219827.45,원
전국,,2007Q1,분기,가계동향_도시2인이상_소득,소득,3302573.528,원
전국,,2007Q2,분기,가계동향_도시2인이상_소득,소득,3148824.186,원
전국,,2007Q3,분기,가계동향_도시2인이상_소득,소득,3341487.21,원
전국,,2007Q4,분기,가계동향_도시2인이상_소득,소득,3339171.95,원
전국,,2008Q1,분기,가계동향_도시2인이상_소득,소득,3531683.732,원
전국,,2008Q2,분기,가계동향_도시2인이상_소득,소득,3392782.859,원
전국,,2008Q3,분기,가계동향_도시2인이상_소득,소득,3575046.032,원
전국,,2008Q4,분기,가계동향_도시2인이상_소득,소득,3463625.437,원
전국,,2009Q1,분기,가계동향_도시2인이상_소득,소득,3524824.163,원
전국,,2009Q2,분기,가계동향_도시2인이상_소득,소득,3326274.524,원
전국,,2009Q3,분기,가계동향_도시2인이상_소득,소득,3484017.724,원
전국,,2009Q4,분기,가계동향_도시2인이상_소득,소득,3565640.38,원
전국,,2010Q1,분기,가계동향_도시2인이상_소득,소득,3775122.32,원
전국,,2010Q2,분기,가계동향_도시2인이상_소득,소득,3583911.761,원
전국,,2010Q3,분기,가계동향_도시2인이상_소득,소득,3703413.039,원
전국,,2010Q4,분기,가계동향_도시2인이상_소득,소득,3649442.854,원
전국,,2011Q1,분기,가계동향_도시2인이상_소득,소득,3913760.919,원
전국,,2011Q2,분기,가계동향_도시2인이상_소득,소득,3761902.636,원
전국,,2011Q3,분기,가계동향_도시2인이상_소득,소득,3946469.46,원
전국,,2011Q4,분기,가계동향_도시2인이상_소득,소득,3936718.685,원
전국,,2012Q1,분기,가계동향_도시2인이상_소득,소득,4178467.128,원
전국,,2012Q2,분기,가계동향_도시2인이상_소득,소득,3993860.465,원
전국,,2012Q3,분기,가계동향_도시2인이상_소득,소득,4187731.197,원
전국,,2012Q4,분기,가계동향_도시2인이상_소득,소득,4137016.546,원
전국,,2013Q1,분기,가계동향_도시2인이상_소득,소득,4237786.066,원
전국,,2013Q2,분기,가계동향_도시2인이상_소득,소득,4076228.5,원
전국,,2013Q3,분기,가계동향_도시2인이상_소득,소득,4302687.209,원
전국,,2013Q4,분기,가계동향_도시2인이상_소득,소득,4209649.24,원
전국,,2014Q1,분기,가계동향_도시2인이상_소득,소득,4442175.114,원
전국,,2014Q2,분기,가계동향_도시2인이상_소득,소득,4186937.003,원
전국,,2014Q3,분기,가계동향_도시2인이상_소득,소득,4422836.634,원
전국,,2014Q4,분기,가계동향_도시2인이상_소득,소득,4287024.361,원
전국,,2015Q1,분기,가계동향_도시2인이상_소득,소득,4549864.851,원
전국,,2015Q2,분기,가계동향_도시2인이상_소득,소득,4304380.372,원
전국,,2015Q3,분기,가계동향_도시2인이상_소득,소득,4439671.991,원
전국,,2015Q4,분기,가계동향_도시2인이상_소득,소득,4334546.595,원
전국,,2016Q1,분기,가계동향_도시2인이상_소득,소득,4590820.518,원
전국,,2016Q2,분기,가계동향_도시2인이상_소득,소득,4342782.31,원
전국,,2016Q3,분기,가계동향_도시2인이상_소득,소득,4464182.705,원
전국,,2016Q4,분기,가계동향_도시2인이상_소득,소득,4335579.529,원
전국,,2017Q1,분기,가계동향_도시2인이상_소득,소득,4665034.493,원
전국,,2017Q2,분기,가계동향_도시2인이상_소득,소득,4380397.883,원
전국,,2017Q3,분기,가계동향_도시2인이상_소득,소득,4581179.418,원
전국,,2017Q4,분기,가계동향_도시2인이상_소득,소득,4472246.321,원
전국,,2018Q1,분기,가계동향_도시2인이상_소득,소득,4854855.751,원
전국,,2018Q2,분기,가계동향_도시2인이상_소득,소득,4619407.901,원
전국,,2018Q3,분기,가계동향_도시2인이상_소득,소득,4843785.54,원
전국,,2018Q4,분기,가계동향_도시2인이상_소득,소득,4685940.148,원
전국,,2019Q1,분기,가계동향_도시2인이상_소득,소득,4917718.814,원
전국,,2019Q2,분기,가계동향_도시2인이상_소득,소득,4802319.662,원
전국,,2019Q3,분기,가계동향_도시2인이상_소득,소득,4983946.28,원
전국,,2019Q4,분기,가계동향_도시2인이상_소득,소득,4880947.296,원
