광역지자체,자치구,연월,통계명,항목명,값,단위
경기,,2010-06,수급동향(구)_통합,지수,97.2,지수
경기,,2010-07,수급동향(구)_통합,지수,95.3,지수
경기,,2010-08,수급동향(구)_통합,지수,92.0,지수
경기,,2010-09,수급동향(구)_통합,지수,121.3,지수
경기,,2010-10,수급동향(구)_통합,지수,131.6,지수
경기,,2010-11,수급동향(구)_통합,지수,132.5,지수
경기,,2010-12,수급동향(구)_통합,지수,127.7,지수
경기,,2011-01,수급동향(구)_통합,지수,122.0,지수
경기,,2011-02,수급동향(구)_통합,지수,113.7,지수
경기,,2011-03,수급동향(구)_통합,지수,102.5,지수
경기,,2011-04,수급동향(구)_통합,지수,93.5,지수
경기,,2011-05,수급동향(구)_통합,지수,83.7,지수
경기,,2011-06,수급동향(구)_통합,지수,97.5,지수
경기,,2011-07,수급동향(구)_통합,지수,92.5,지수
경기,,2011-08,수급동향(구)_통합,지수,112.9,지수
경기,,2011-09,수급동향(구)_통합,지수,116.3,지수
경기,,2011-10,수급동향(구)_통합,지수,90.1,지수
경기,,2011-11,수급동향(구)_통합,지수,89.4,지수
경기,,2011-12,수급동향(구)_통합,지수,76.5,지수
경기,,2012-01,수급동향(구)_통합,지수,82.2,지수
경기,,2012-02,수급동향(구)_통합,지수,92.1,지수
경기,,2012-03,수급동향(구)_통합,지수,92.8,지수
경기,,2012-04,수급동향(구)_통합,지수,92.8,지수
경기,,2012-05,수급동향(구)_통합,지수,87.8,지수
경기,,2012-06,수급동향(구)_통합,지수,98.7,지수
경기,,2012-07,수급동향(구)_통합,지수,87.2,지수
경기,,2012-08,수급동향(구)_통합,지수,85.1,지수
경기,,2012-09,수급동향(구)_통합,지수,90.6,지수
경기,,2012-10,수급동향(구)_통합,지수,89.3,지수
경기,,2012-11,수급동향(구)_통합,지수,85.5,지수
경기,,2012-12,수급동향(구)_통합,지수,84.0,지수
경기,,2013-01,수급동향(구)_통합,지수,87.9,지수
경기,,2013-02,수급동향(구)_통합,지수,87.4,지수
경기,,2013-03,수급동향(구)_통합,지수,99.6,지수
경기,,2013-04,수급동향(구)_통합,지수,92.3,지수
경기,,2013-05,수급동향(구)_통합,지수,96.1,지수
경기,,2013-06,수급동향(구)_통합,지수,88.5,지수
경기,,2013-07,수급동향(구)_통합,지수,94.4,지수
경기,,2013-08,수급동향(구)_통합,지수,94.5,지수
경기,,2013-09,수급동향(구)_통합,지수,89.1,지수
경기,,2013-10,수급동향(구)_통합,지수,93.6,지수
경기,,2013-11,수급동향(구)_통합,지수,96.3,지수
경기,,2013-12,수급동향(구)_통합,지수,94.8,지수
경기,,2014-01,수급동향(구)_통합,지수,87.4,지수
경기,,2014-02,수급동향(구)_통합,지수,83.0,지수
경기,,2014-03,수급동향(구)_통합,지수,85.4,지수
경기,,2014-04,수급동향(구)_통합,지수,81.2,지수
경기,,2014-05,수급동향(구)_통합,지수,81.3,지수
경기,,2014-06,수급동향(구)_통합,지수,76.3,지수
경기,,2014-07,수급동향(구)_통합,지수,74.8,지수
경기,,2014-08,수급동향(구)_통합,지수,75.3,지수
경기,,2014-09,수급동향(구)_통합,지수,74.8,지수
경기,,2014-10,수급동향(구)_통합,지수,41.7,지수
경기,,2014-11,수급동향(구)_통합,지수,79.5,지수
경기,,2014-12,수급동향(구)_통합,지수,79.5,지수
경기,,2015-01,수급동향(구)_통합,지수,80.0,지수
경기,,2015-02,수급동향(구)_통합,지수,88.9,지수
경기,,2015-03,수급동향(구)_통합,지수,80.8,지수
경기,,2015-04,수급동향(구)_통합,지수,73.3,지수
경기,,2015-05,수급동향(구)_통합,지수,85.4,지수
경기,,2015-06,수급동향(구)_통합,지수,76.5,지수
광주,,2012-05,수급동향(구)_통합,지수,100.0,지수
광주,,2012-06,수급동향(구)_통합,지수,99.2,지수
광주,,2012-07,수급동향(구)_통합,지수,99.0,지수
광주,,2012-08,수급동향(구)_통합,지수,96.7,지수
광주,,2012-09,수급동향(구)_통합,지수,101.5,지수
광주,,2012-10,수급동향(구)_통합,지수,101.5,지수
광주,,2012-11,수급동향(구)_통합,지수,99.3,지수
광주,,2012-12,수급동향(구)_통합,지수,101.5,지수
광주,,2013-01,수급동향(구)_통합,지수,99.3,지수
광주,,2013-02,수급동향(구)_통합,지수,103.6,지수
광주,,2013-03,수급동향(구)_통합,지수,110.2,지수
광주,,2013-04,수급동향(구)_통합,지수,101.5,지수
광주,,2013-05,수급동향(구)_통합,지수,107.3,지수
광주,,2013-06,수급동향(구)_통합,지수,113.1,지수
광주,,2013-07,수급동향(구)_통합,지수,102.2,지수
광주,,2013-08,수급동향(구)_통합,지수,104.4,지수
광주,,2013-09,수급동향(구)_통합,지수,109.4,지수
광주,,2013-10,수급동향(구)_통합,지수,100.9,지수
광주,,2013-11,수급동향(구)_통합,지수,105.4,지수
광주,,2013-12,수급동향(구)_통합,지수,99.5,지수
광주,,2014-01,수급동향(구)_통합,지수,100.0,지수
광주,,2014-02,수급동향(구)_통합,지수,102.7,지수
광주,,2014-03,수급동향(구)_통합,지수,95.5,지수
광주,,2014-04,수급동향(구)_통합,지수,96.4,지수
광주,,2014-05,수급동향(구)_통합,지수,101.4,지수
광주,,2014-06,수급동향(구)_통합,지수,102.7,지수
광주,,2014-07,수급동향(구)_통합,지수,100.0,지수
광주,,2014-08,수급동향(구)_통합,지수,100.0,지수
광주,,2014-09,수급동향(구)_통합,지수,91.9,지수
광주,,2014-10,수급동향(구)_통합,지수,95.9,지수
광주,,2014-11,수급동향(구)_통합,지수,85.2,지수
광주,,2014-12,수급동향(구)_통합,지수,109.4,지수
광주,,2015-01,수급동향(구)_통합,지수,106.7,지수
광주,,2015-02,수급동향(구)_통합,지수,104.0,지수
광주,,2015-03,수급동향(구)_통합,지수,114.0,지수
광주,,2015-04,수급동향(구)_통합,지수,116.7,지수
광주,,2015-05,수급동향(구)_통합,지수,109.9,지수
광주,,2015-06,수급동향(구)_통합,지수,112.6,지수
대구,,2012-05,수급동향(구)_통합,지수,100.0,지수
대구,,2012-06,수급동향(구)_통합,지수,95.1,지수
대구,,2012-07,수급동향(구)_통합,지수,105.1,지수
대구,,2012-08,수급동향(구)_통합,지수,107.3,지수
대구,,2012-09,수급동향(구)_통합,지수,102.4,지수
대구,,2012-10,수급동향(구)_통합,지수,107.3,지수
대구,,2012-11,수급동향(구)_통합,지수,124.4,지수
대구,,2012-12,수급동향(구)_통합,지수,122.0,지수
대구,,2013-01,수급동향(구)_통합,지수,117.1,지수
대구,,2013-02,수급동향(구)_통합,지수,109.8,지수
대구,,2013-03,수급동향(구)_통합,지수,119.5,지수
대구,,2013-04,수급동향(구)_통합,지수,117.1,지수
대구,,2013-05,수급동향(구)_통합,지수,117.1,지수
대구,,2013-06,수급동향(구)_통합,지수,114.6,지수
대구,,2013-07,수급동향(구)_통합,지수,112.2,지수
대구,,2013-08,수급동향(구)_통합,지수,114.6,지수
대구,,2013-09,수급동향(구)_통합,지수,104.0,지수
대구,,2013-10,수급동향(구)_통합,지수,101.3,지수
대구,,2013-11,수급동향(구)_통합,지수,98.6,지수
대구,,2013-12,수급동향(구)_통합,지수,96.0,지수
대구,,2014-01,수급동향(구)_통합,지수,104.0,지수
대구,,2014-02,수급동향(구)_통합,지수,88.0,지수
대구,,2014-03,수급동향(구)_통합,지수,71.6,지수
대구,,2014-04,수급동향(구)_통합,지수,79.1,지수
대구,,2014-05,수급동향(구)_통합,지수,88.5,지수
대구,,2014-06,수급동향(구)_통합,지수,86.6,지수
대구,,2014-07,수급동향(구)_통합,지수,85.3,지수
대구,,2014-08,수급동향(구)_통합,지수,76.0,지수
대구,,2014-09,수급동향(구)_통합,지수,78.7,지수
대구,,2014-10,수급동향(구)_통합,지수,61.3,지수
대구,,2014-11,수급동향(구)_통합,지수,74.7,지수
대구,,2014-12,수급동향(구)_통합,지수,86.7,지수
대구,,2015-01,수급동향(구)_통합,지수,89.3,지수
대구,,2015-02,수급동향(구)_통합,지수,89.3,지수
대구,,2015-03,수급동향(구)_통합,지수,92.0,지수
대구,,2015-04,수급동향(구)_통합,지수,91.5,지수
대구,,2015-05,수급동향(구)_통합,지수,96.4,지수
대구,,2015-06,수급동향(구)_통합,지수,90.2,지수
대전,,2012-05,수급동향(구)_통합,지수,100.0,지수
대전,,2012-06,수급동향(구)_통합,지수,89.7,지수
대전,,2012-07,수급동향(구)_통합,지수,77.8,지수
대전,,2012-08,수급동향(구)_통합,지수,83.3,지수
대전,,2012-09,수급동향(구)_통합,지수,102.4,지수
대전,,2012-10,수급동향(구)_통합,지수,106.3,지수
대전,,2012-11,수급동향(구)_통합,지수,103.1,지수
대전,,2012-12,수급동향(구)_통합,지수,102.4,지수
대전,,2013-01,수급동향(구)_통합,지수,102.4,지수
대전,,2013-02,수급동향(구)_통합,지수,102.4,지수
대전,,2013-03,수급동향(구)_통합,지수,100.0,지수
대전,,2013-04,수급동향(구)_통합,지수,97.6,지수
대전,,2013-05,수급동향(구)_통합,지수,92.9,지수
대전,,2013-06,수급동향(구)_통합,지수,92.9,지수
대전,,2013-07,수급동향(구)_통합,지수,107.1,지수
대전,,2013-08,수급동향(구)_통합,지수,96.8,지수
대전,,2013-09,수급동향(구)_통합,지수,108.5,지수
대전,,2013-10,수급동향(구)_통합,지수,103.1,지수
대전,,2013-11,수급동향(구)_통합,지수,106.8,지수
대전,,2013-12,수급동향(구)_통합,지수,103.6,지수
대전,,2014-01,수급동향(구)_통합,지수,105.0,지수
대전,,2014-02,수급동향(구)_통합,지수,86.9,지수
대전,,2014-03,수급동향(구)_통합,지수,82.5,지수
대전,,2014-04,수급동향(구)_통합,지수,100.0,지수
대전,,2014-05,수급동향(구)_통합,지수,90.1,지수
대전,,2014-06,수급동향(구)_통합,지수,94.6,지수
대전,,2014-07,수급동향(구)_통합,지수,89.2,지수
대전,,2014-08,수급동향(구)_통합,지수,90.1,지수
대전,,2014-09,수급동향(구)_통합,지수,93.2,지수
대전,,2014-10,수급동향(구)_통합,지수,75.2,지수
대전,,2014-11,수급동향(구)_통합,지수,93.2,지수
대전,,2014-12,수급동향(구)_통합,지수,114.4,지수
대전,,2015-01,수급동향(구)_통합,지수,103.6,지수
대전,,2015-02,수급동향(구)_통합,지수,99.1,지수
대전,,2015-03,수급동향(구)_통합,지수,109.0,지수
대전,,2015-04,수급동향(구)_통합,지수,95.5,지수
대전,,2015-05,수급동향(구)_통합,지수,108.6,지수
대전,,2015-06,수급동향(구)_통합,지수,81.1,지수
부산,,2012-05,수급동향(구)_통합,지수,105.8,지수
부산,,2012-06,수급동향(구)_통합,지수,96.0,지수
부산,,2012-07,수급동향(구)_통합,지수,94.1,지수
부산,,2012-08,수급동향(구)_통합,지수,84.3,지수
부산,,2012-09,수급동향(구)_통합,지수,87.6,지수
부산,,2012-10,수급동향(구)_통합,지수,86.3,지수
부산,,2012-11,수급동향(구)_통합,지수,77.8,지수
부산,,2012-12,수급동향(구)_통합,지수,73.9,지수
부산,,2013-01,수급동향(구)_통합,지수,75.2,지수
부산,,2013-02,수급동향(구)_통합,지수,74.5,지수
부산,,2013-03,수급동향(구)_통합,지수,81.7,지수
부산,,2013-04,수급동향(구)_통합,지수,80.4,지수
부산,,2013-05,수급동향(구)_통합,지수,82.3,지수
부산,,2013-06,수급동향(구)_통합,지수,70.6,지수
부산,,2013-07,수급동향(구)_통합,지수,64.7,지수
부산,,2013-08,수급동향(구)_통합,지수,68.7,지수
부산,,2013-09,수급동향(구)_통합,지수,78.5,지수
부산,,2013-10,수급동향(구)_통합,지수,79.9,지수
부산,,2013-11,수급동향(구)_통합,지수,81.2,지수
부산,,2013-12,수급동향(구)_통합,지수,73.2,지수
부산,,2014-01,수급동향(구)_통합,지수,89.0,지수
부산,,2014-02,수급동향(구)_통합,지수,80.2,지수
부산,,2014-03,수급동향(구)_통합,지수,89.5,지수
부산,,2014-04,수급동향(구)_통합,지수,75.0,지수
부산,,2014-05,수급동향(구)_통합,지수,84.2,지수
부산,,2014-06,수급동향(구)_통합,지수,86.8,지수
부산,,2014-07,수급동향(구)_통합,지수,78.9,지수
부산,,2014-08,수급동향(구)_통합,지수,78.9,지수
부산,,2014-09,수급동향(구)_통합,지수,87.7,지수
부산,,2014-10,수급동향(구)_통합,지수,93.4,지수
부산,,2014-11,수급동향(구)_통합,지수,75.9,지수
부산,,2014-12,수급동향(구)_통합,지수,79.0,지수
부산,,2015-01,수급동향(구)_통합,지수,80.3,지수
부산,,2015-02,수급동향(구)_통합,지수,79.4,지수
부산,,2015-03,수급동향(구)_통합,지수,91.2,지수
부산,,2015-04,수급동향(구)_통합,지수,93.5,지수
부산,,2015-05,수급동향(구)_통합,지수,86.8,지수
부산,,2015-06,수급동향(구)_통합,지수,81.6,지수
서울,,2010-06,수급동향(구)_통합,지수,68.1,지수
서울,,2010-07,수급동향(구)_통합,지수,84.0,지수
서울,,2010-08,수급동향(구)_통합,지수,89.0,지수
서울,,2010-09,수급동향(구)_통합,지수,110.6,지수
서울,,2010-10,수급동향(구)_통합,지수,114.0,지수
서울,,2010-11,수급동향(구)_통합,지수,109.8,지수
서울,,2010-12,수급동향(구)_통합,지수,104.5,지수
서울,,2011-01,수급동향(구)_통합,지수,88.4,지수
서울,,2011-02,수급동향(구)_통합,지수,88.8,지수
서울,,2011-03,수급동향(구)_통합,지수,87.4,지수
서울,,2011-04,수급동향(구)_통합,지수,82.7,지수
서울,,2011-05,수급동향(구)_통합,지수,76.3,지수
서울,,2011-06,수급동향(구)_통합,지수,100.9,지수
서울,,2011-07,수급동향(구)_통합,지수,76.9,지수
서울,,2011-08,수급동향(구)_통합,지수,81.6,지수
서울,,2011-09,수급동향(구)_통합,지수,82.2,지수
서울,,2011-10,수급동향(구)_통합,지수,87.8,지수
서울,,2011-11,수급동향(구)_통합,지수,102.0,지수
서울,,2011-12,수급동향(구)_통합,지수,84.4,지수
서울,,2012-01,수급동향(구)_통합,지수,91.9,지수
서울,,2012-02,수급동향(구)_통합,지수,93.8,지수
서울,,2012-03,수급동향(구)_통합,지수,98.9,지수
서울,,2012-04,수급동향(구)_통합,지수,98.8,지수
서울,,2012-05,수급동향(구)_통합,지수,97.0,지수
서울,,2012-06,수급동향(구)_통합,지수,100.0,지수
서울,,2012-07,수급동향(구)_통합,지수,95.5,지수
서울,,2012-08,수급동향(구)_통합,지수,95.5,지수
서울,,2012-09,수급동향(구)_통합,지수,104.5,지수
서울,,2012-10,수급동향(구)_통합,지수,108.4,지수
서울,,2012-11,수급동향(구)_통합,지수,109.0,지수
서울,,2012-12,수급동향(구)_통합,지수,96.6,지수
서울,,2013-01,수급동향(구)_통합,지수,101.6,지수
서울,,2013-02,수급동향(구)_통합,지수,100.0,지수
서울,,2013-03,수급동향(구)_통합,지수,100.4,지수
서울,,2013-04,수급동향(구)_통합,지수,98.2,지수
서울,,2013-05,수급동향(구)_통합,지수,89.1,지수
서울,,2013-06,수급동향(구)_통합,지수,79.0,지수
서울,,2013-07,수급동향(구)_통합,지수,99.2,지수
서울,,2013-08,수급동향(구)_통합,지수,88.0,지수
서울,,2013-09,수급동향(구)_통합,지수,87.5,지수
서울,,2013-10,수급동향(구)_통합,지수,86.1,지수
서울,,2013-11,수급동향(구)_통합,지수,83.5,지수
서울,,2013-12,수급동향(구)_통합,지수,85.8,지수
서울,,2014-01,수급동향(구)_통합,지수,87.9,지수
서울,,2014-02,수급동향(구)_통합,지수,85.0,지수
서울,,2014-03,수급동향(구)_통합,지수,85.4,지수
서울,,2014-04,수급동향(구)_통합,지수,79.1,지수
서울,,2014-05,수급동향(구)_통합,지수,80.7,지수
서울,,2014-06,수급동향(구)_통합,지수,84.8,지수
서울,,2014-07,수급동향(구)_통합,지수,84.8,지수
서울,,2014-08,수급동향(구)_통합,지수,84.2,지수
서울,,2014-09,수급동향(구)_통합,지수,83.2,지수
서울,,2014-10,수급동향(구)_통합,지수,54.5,지수
서울,,2014-11,수급동향(구)_통합,지수,85.6,지수
서울,,2014-12,수급동향(구)_통합,지수,86.2,지수
서울,,2015-01,수급동향(구)_통합,지수,82.0,지수
서울,,2015-02,수급동향(구)_통합,지수,89.6,지수
서울,,2015-03,수급동향(구)_통합,지수,86.5,지수
서울,,2015-04,수급동향(구)_통합,지수,97.9,지수
서울,,2015-05,수급동향(구)_통합,지수,105.7,지수
서울,,2015-06,수급동향(구)_통합,지수,98.8,지수
울산,,2012-05,수급동향(구)_통합,지수,100.0,지수
울산,,2012-06,수급동향(구)_통합,지수,108.6,지수
울산,,2012-07,수급동향(구)_통합,지수,100.0,지수
울산,,2012-08,수급동향(구)_통합,지수,102.9,지수
울산,,2012-09,수급동향(구)_통합,지수,108.6,지수
울산,,2012-10,수급동향(구)_통합,지수,105.7,지수
울산,,2012-11,수급동향(구)_통합,지수,102.9,지수
울산,,2012-12,수급동향(구)_통합,지수,108.6,지수
울산,,2013-01,수급동향(구)_통합,지수,77.2,지수
울산,,2013-02,수급동향(구)_통합,지수,106.7,지수
울산,,2013-03,수급동향(구)_통합,지수,100.0,지수
울산,,2013-04,수급동향(구)_통합,지수,105.7,지수
울산,,2013-05,수급동향(구)_통합,지수,105.7,지수
울산,,2013-06,수급동향(구)_통합,지수,102.9,지수
울산,,2013-07,수급동향(구)_통합,지수,102.9,지수
울산,,2013-08,수급동향(구)_통합,지수,100.0,지수
울산,,2013-09,수급동향(구)_통합,지수,104.4,지수
울산,,2013-10,수급동향(구)_통합,지수,89.7,지수
울산,,2013-11,수급동향(구)_통합,지수,88.2,지수
울산,,2013-12,수급동향(구)_통합,지수,96.5,지수
울산,,2014-01,수급동향(구)_통합,지수,89.2,지수
울산,,2014-02,수급동향(구)_통합,지수,95.6,지수
울산,,2014-03,수급동향(구)_통합,지수,107.8,지수
울산,,2014-04,수급동향(구)_통합,지수,101.0,지수
울산,,2014-05,수급동향(구)_통합,지수,98.1,지수
울산,,2014-06,수급동향(구)_통합,지수,102.0,지수
울산,,2014-07,수급동향(구)_통합,지수,99.0,지수
울산,,2014-08,수급동향(구)_통합,지수,105.9,지수
울산,,2014-09,수급동향(구)_통합,지수,116.7,지수
울산,,2014-10,수급동향(구)_통합,지수,116.2,지수
울산,,2014-11,수급동향(구)_통합,지수,102.0,지수
울산,,2014-12,수급동향(구)_통합,지수,100.5,지수
울산,,2015-01,수급동향(구)_통합,지수,92.6,지수
울산,,2015-02,수급동향(구)_통합,지수,104.4,지수
울산,,2015-03,수급동향(구)_통합,지수,99.0,지수
울산,,2015-04,수급동향(구)_통합,지수,102.5,지수
울산,,2015-05,수급동향(구)_통합,지수,102.0,지수
울산,,2015-06,수급동향(구)_통합,지수,95.6,지수
인천,,2010-06,수급동향(구)_통합,지수,88.0,지수
인천,,2010-07,수급동향(구)_통합,지수,90.0,지수
인천,,2010-08,수급동향(구)_통합,지수,108.0,지수
인천,,2010-09,수급동향(구)_통합,지수,132.0,지수
인천,,2010-10,수급동향(구)_통합,지수,114.9,지수
인천,,2010-11,수급동향(구)_통합,지수,85.8,지수
인천,,2010-12,수급동향(구)_통합,지수,71.6,지수
인천,,2011-01,수급동향(구)_통합,지수,31.9,지수
인천,,2011-02,수급동향(구)_통합,지수,65.3,지수
인천,,2011-03,수급동향(구)_통합,지수,75.9,지수
인천,,2011-04,수급동향(구)_통합,지수,66.0,지수
인천,,2011-05,수급동향(구)_통합,지수,75.9,지수
인천,,2011-06,수급동향(구)_통합,지수,53.9,지수
인천,,2011-07,수급동향(구)_통합,지수,39.1,지수
인천,,2011-08,수급동향(구)_통합,지수,36.9,지수
인천,,2011-09,수급동향(구)_통합,지수,43.2,지수
인천,,2011-10,수급동향(구)_통합,지수,91.5,지수
인천,,2011-11,수급동향(구)_통합,지수,46.5,지수
인천,,2011-12,수급동향(구)_통합,지수,21.6,지수
인천,,2012-01,수급동향(구)_통합,지수,28.1,지수
인천,,2012-02,수급동향(구)_통합,지수,43.5,지수
인천,,2012-03,수급동향(구)_통합,지수,33.4,지수
인천,,2012-04,수급동향(구)_통합,지수,34.6,지수
인천,,2012-05,수급동향(구)_통합,지수,23.7,지수
인천,,2012-06,수급동향(구)_통합,지수,41.0,지수
인천,,2012-07,수급동향(구)_통합,지수,54.0,지수
인천,,2012-08,수급동향(구)_통합,지수,54.0,지수
인천,,2012-09,수급동향(구)_통합,지수,87.9,지수
인천,,2012-10,수급동향(구)_통합,지수,72.1,지수
인천,,2012-11,수급동향(구)_통합,지수,79.8,지수
인천,,2012-12,수급동향(구)_통합,지수,78.0,지수
인천,,2013-01,수급동향(구)_통합,지수,72.6,지수
인천,,2013-02,수급동향(구)_통합,지수,81.1,지수
인천,,2013-03,수급동향(구)_통합,지수,74.4,지수
인천,,2013-04,수급동향(구)_통합,지수,82.9,지수
인천,,2013-05,수급동향(구)_통합,지수,89.6,지수
인천,,2013-06,수급동향(구)_통합,지수,82.4,지수
인천,,2013-07,수급동향(구)_통합,지수,78.4,지수
인천,,2013-08,수급동향(구)_통합,지수,83.8,지수
인천,,2013-09,수급동향(구)_통합,지수,77.2,지수
인천,,2013-10,수급동향(구)_통합,지수,80.2,지수
인천,,2013-11,수급동향(구)_통합,지수,78.9,지수
인천,,2013-12,수급동향(구)_통합,지수,79.8,지수
인천,,2014-01,수급동향(구)_통합,지수,79.8,지수
인천,,2014-02,수급동향(구)_통합,지수,76.9,지수
인천,,2014-03,수급동향(구)_통합,지수,77.7,지수
인천,,2014-04,수급동향(구)_통합,지수,76.9,지수
인천,,2014-05,수급동향(구)_통합,지수,76.9,지수
인천,,2014-06,수급동향(구)_통합,지수,76.9,지수
인천,,2014-07,수급동향(구)_통합,지수,81.3,지수
인천,,2014-08,수급동향(구)_통합,지수,81.3,지수
인천,,2014-09,수급동향(구)_통합,지수,78.6,지수
인천,,2014-10,수급동향(구)_통합,지수,52.1,지수
인천,,2014-11,수급동향(구)_통합,지수,78.6,지수
인천,,2014-12,수급동향(구)_통합,지수,78.6,지수
인천,,2015-01,수급동향(구)_통합,지수,78.6,지수
인천,,2015-02,수급동향(구)_통합,지수,87.7,지수
인천,,2015-03,수급동향(구)_통합,지수,81.3,지수
인천,,2015-04,수급동향(구)_통합,지수,81.3,지수
인천,,2015-05,수급동향(구)_통합,지수,82.4,지수
인천,,2015-06,수급동향(구)_통합,지수,86.8,지수
