패널,시험연도,eps,up,dn,급락하한_D,보합사용,꼬리비중,정답정의
17시도,2018,0.0,0.2939378121895241,0.6891232230865096,-0.6891232230865096,False,0.15,Y2 2분류; Y3/Y4 연초학습 기준 연내고정
17시도,2019,0.0,0.2314414371046335,0.9162214020406267,-0.9162214020406267,False,0.15,Y2 2분류; Y3/Y4 연초학습 기준 연내고정
17시도,2020,0.0,0.21331481215223647,1.1810024541551378,-1.1810024541551378,False,0.15,Y2 2분류; Y3/Y4 연초학습 기준 연내고정
17시도,2021,0.0,0.35735775289794885,0.992654382296505,-0.992654382296505,False,0.15,Y2 2분류; Y3/Y4 연초학습 기준 연내고정
17시도,2022,0.0,1.207306196982083,0.8754249455544704,-0.8754249455544704,False,0.15,Y2 2분류; Y3/Y4 연초학습 기준 연내고정
17시도,2023,0.0,1.5675730506123473,0.8166586554416865,-0.8166586554416865,False,0.15,Y2 2분류; Y3/Y4 연초학습 기준 연내고정
17시도,2024,0.0,1.4357393375925032,0.9574046626028029,-0.9574046626028029,False,0.15,Y2 2분류; Y3/Y4 연초학습 기준 연내고정
17시도,2025,0.0,1.4153001444761462,0.9268786937098493,-0.9268786937098493,False,0.15,Y2 2분류; Y3/Y4 연초학습 기준 연내고정
서울25구,2018,0.0,0.31335699079006113,0.3007970908086932,-0.3007970908086932,False,0.15,Y2 2분류; Y3/Y4 연초학습 기준 연내고정
서울25구,2019,0.0,0.3236815376333179,0.3504150921394022,-0.3504150921394022,False,0.15,Y2 2분류; Y3/Y4 연초학습 기준 연내고정
서울25구,2020,0.0,0.30243124071417593,0.43412085243231807,-0.43412085243231807,False,0.15,Y2 2분류; Y3/Y4 연초학습 기준 연내고정
서울25구,2021,0.0,0.45187036942895265,0.37349048405029833,-0.37349048405029833,False,0.15,Y2 2분류; Y3/Y4 연초학습 기준 연내고정
서울25구,2022,0.0,0.7903330141110302,0.32167639236306383,-0.32167639236306383,False,0.15,Y2 2분류; Y3/Y4 연초학습 기준 연내고정
서울25구,2023,0.0,0.9054516553472646,0.27338464389768935,-0.27338464389768935,False,0.15,Y2 2분류; Y3/Y4 연초학습 기준 연내고정
서울25구,2024,0.0,0.8730802370906912,0.41150969148432853,-0.41150969148432853,False,0.15,Y2 2분류; Y3/Y4 연초학습 기준 연내고정
서울25구,2025,0.0,1.1451757548340027,0.3695005454559651,-0.3695005454559651,False,0.15,Y2 2분류; Y3/Y4 연초학습 기준 연내고정
