광역지자체,자치구,연월,준공연대,품질조정지수,표본수,셀수
서울,,2011-01,1980년대이전,100.69,633,411
서울,,2011-02,1980년대이전,101.21,754,458
서울,,2011-03,1980년대이전,103.97,685,432
서울,,2011-04,1980년대이전,103.14,608,387
서울,,2011-05,1980년대이전,101.66,528,346
서울,,2011-06,1980년대이전,102.12,547,378
서울,,2011-07,1980년대이전,103.63,652,428
서울,,2011-08,1980년대이전,106.34,669,439
서울,,2011-09,1980년대이전,107.54,614,404
서울,,2011-10,1980년대이전,107.52,647,414
서울,,2011-11,1980년대이전,107.36,489,336
서울,,2011-12,1980년대이전,106.13,478,340
서울,,2012-01,1980년대이전,107.01,577,390
서울,,2012-02,1980년대이전,105.55,738,456
서울,,2012-03,1980년대이전,104.49,688,430
서울,,2012-04,1980년대이전,103.31,594,389
서울,,2012-05,1980년대이전,103.74,503,340
서울,,2012-06,1980년대이전,102.3,482,322
서울,,2012-07,1980년대이전,102.56,512,340
서울,,2012-08,1980년대이전,104.01,539,367
서울,,2012-09,1980년대이전,103.02,546,360
서울,,2012-10,1980년대이전,103.84,667,397
서울,,2012-11,1980년대이전,103.9,591,400
서울,,2012-12,1980년대이전,102.78,559,380
서울,,2013-01,1980년대이전,101.48,718,449
서울,,2013-02,1980년대이전,102.05,711,452
서울,,2013-03,1980년대이전,101.79,780,496
서울,,2013-04,1980년대이전,101.49,629,421
서울,,2013-05,1980년대이전,99.15,587,388
서울,,2013-06,1980년대이전,98.72,624,422
서울,,2013-07,1980년대이전,98.35,674,450
서울,,2013-08,1980년대이전,99.77,744,470
서울,,2013-09,1980년대이전,101.84,669,456
서울,,2013-10,1980년대이전,102.71,754,475
서울,,2013-11,1980년대이전,102.2,664,451
서울,,2013-12,1980년대이전,101.76,672,457
서울,,2014-01,1980년대이전,101.01,848,525
서울,,2014-02,1980년대이전,101.85,914,568
서울,,2014-03,1980년대이전,99.73,841,527
서울,,2014-04,1980년대이전,99.04,704,449
서울,,2014-05,1980년대이전,97.55,677,459
서울,,2014-06,1980년대이전,97.48,607,402
서울,,2014-07,1980년대이전,97.22,663,448
서울,,2014-08,1980년대이전,98.97,674,428
서울,,2014-09,1980년대이전,97.85,759,491
서울,,2014-10,1980년대이전,98.6,803,507
서울,,2014-11,1980년대이전,96.62,812,512
서울,,2014-12,1980년대이전,97.67,939,546
서울,,2015-01,1980년대이전,99.08,1244,655
서울,,2015-02,1980년대이전,99.38,1049,605
서울,,2015-03,1980년대이전,100.91,1346,684
서울,,2015-04,1980년대이전,100.21,1043,604
서울,,2015-05,1980년대이전,101.05,1064,618
서울,,2015-06,1980년대이전,100.0,1003,591
서울,,2015-07,1980년대이전,100.65,1076,615
서울,,2015-08,1980년대이전,101.0,1062,582
서울,,2015-09,1980년대이전,101.06,947,577
서울,,2015-10,1980년대이전,101.73,1289,652
서울,,2015-11,1980년대이전,101.23,1055,612
서울,,2015-12,1980년대이전,99.83,1208,658
서울,,2016-01,1980년대이전,99.55,1279,675
서울,,2016-02,1980년대이전,99.27,1183,659
서울,,2016-03,1980년대이전,98.66,1256,674
서울,,2016-04,1980년대이전,97.72,1003,584
서울,,2016-05,1980년대이전,96.85,877,557
서울,,2016-06,1980년대이전,95.87,859,520
서울,,2016-07,1980년대이전,95.9,854,534
서울,,2016-08,1980년대이전,94.11,921,553
서울,,2016-09,1980년대이전,95.01,962,562
서울,,2016-10,1980년대이전,93.53,1168,646
서울,,2016-11,1980년대이전,92.62,956,556
서울,,2016-12,1980년대이전,91.6,1083,578
서울,,2017-01,1980년대이전,91.43,944,535
서울,,2017-02,1980년대이전,90.66,1180,620
서울,,2017-03,1980년대이전,92.69,1102,626
서울,,2017-04,1980년대이전,93.26,900,517
서울,,2017-05,1980년대이전,92.69,851,520
서울,,2017-06,1980년대이전,92.74,837,516
서울,,2017-07,1980년대이전,92.94,870,514
서울,,2017-08,1980년대이전,94.11,809,492
서울,,2017-09,1980년대이전,93.34,863,513
서울,,2017-10,1980년대이전,93.09,748,472
서울,,2017-11,1980년대이전,92.74,754,481
서울,,2017-12,1980년대이전,91.43,822,481
서울,,2018-01,1980년대이전,92.34,863,509
서울,,2018-02,1980년대이전,92.7,777,468
서울,,2018-03,1980년대이전,92.52,933,536
서울,,2018-04,1980년대이전,92.14,715,452
서울,,2018-05,1980년대이전,91.6,686,439
서울,,2018-06,1980년대이전,91.41,715,474
서울,,2018-07,1980년대이전,91.2,742,444
서울,,2018-08,1980년대이전,91.79,717,429
서울,,2018-09,1980년대이전,92.06,710,444
서울,,2018-10,1980년대이전,92.41,939,548
서울,,2018-11,1980년대이전,92.89,769,472
서울,,2018-12,1980년대이전,92.15,762,442
서울,,2019-01,1980년대이전,90.18,838,482
서울,,2019-02,1980년대이전,90.59,735,446
서울,,2019-03,1980년대이전,90.53,863,497
서울,,2019-04,1980년대이전,89.82,646,407
서울,,2019-05,1980년대이전,89.0,643,392
서울,,2019-06,1980년대이전,89.67,636,385
서울,,2019-07,1980년대이전,91.84,632,399
서울,,2019-08,1980년대이전,91.92,639,416
서울,,2019-09,1980년대이전,91.61,632,407
서울,,2019-10,1980년대이전,93.72,791,455
서울,,2019-11,1980년대이전,92.62,786,463
서울,,2019-12,1980년대이전,94.97,831,468
서울,,2020-01,1980년대이전,94.31,782,468
서울,,2020-02,1980년대이전,96.17,877,511
서울,,2020-03,1980년대이전,95.37,673,419
서울,,2020-04,1980년대이전,95.53,668,418
서울,,2020-05,1980년대이전,96.5,718,452
서울,,2020-06,1980년대이전,97.12,773,475
서울,,2020-07,1980년대이전,98.89,874,510
서울,,2020-08,1980년대이전,101.94,754,461
서울,,2020-09,1980년대이전,103.83,683,433
서울,,2020-10,1980년대이전,106.98,811,475
서울,,2020-11,1980년대이전,107.28,780,466
서울,,2020-12,1980년대이전,110.08,808,482
서울,,2021-01,1980년대이전,107.87,783,470
서울,,2021-02,1980년대이전,108.25,741,451
서울,,2021-03,1980년대이전,107.01,804,471
서울,,2021-04,1980년대이전,109.5,733,446
서울,,2021-05,1980년대이전,112.61,900,514
서울,,2021-06,1980년대이전,114.43,820,455
서울,,2021-07,1980년대이전,116.05,834,481
서울,,2021-08,1980년대이전,117.49,891,462
서울,,2021-09,1980년대이전,120.13,801,429
서울,,2021-10,1980년대이전,122.09,1026,507
서울,,2021-11,1980년대이전,124.58,991,505
서울,,2021-12,1980년대이전,123.82,1021,500
서울,,2022-01,1980년대이전,121.2,974,493
서울,,2022-02,1980년대이전,119.44,898,504
서울,,2022-03,1980년대이전,120.33,884,498
서울,,2022-04,1980년대이전,123.02,850,470
서울,,2022-05,1980년대이전,122.1,853,479
서울,,2022-06,1980년대이전,127.37,809,462
서울,,2022-07,1980년대이전,124.12,793,438
서울,,2022-08,1980년대이전,127.42,817,451
서울,,2022-09,1980년대이전,125.31,838,459
서울,,2022-10,1980년대이전,125.45,1002,508
서울,,2022-11,1980년대이전,125.94,866,486
서울,,2022-12,1980년대이전,123.69,1011,523
서울,,2023-01,1980년대이전,119.77,955,522
서울,,2023-02,1980년대이전,119.66,1040,528
서울,,2023-03,1980년대이전,120.39,997,550
서울,,2023-04,1980년대이전,121.35,828,484
서울,,2023-05,1980년대이전,121.92,818,474
서울,,2023-06,1980년대이전,122.79,889,475
서울,,2023-07,1980년대이전,122.17,832,475
서울,,2023-08,1980년대이전,125.03,820,457
서울,,2023-09,1980년대이전,126.86,823,469
서울,,2023-10,1980년대이전,126.89,944,509
서울,,2023-11,1980년대이전,127.69,918,483
서울,,2023-12,1980년대이전,128.28,933,481
서울,,2024-01,1980년대이전,127.4,848,466
서울,,2024-02,1980년대이전,127.29,718,438
서울,,2024-03,1980년대이전,130.06,769,439
서울,,2024-04,1980년대이전,130.04,734,414
서울,,2024-05,1980년대이전,131.15,749,422
서울,,2024-06,1980년대이전,131.9,709,434
서울,,2024-07,1980년대이전,132.89,692,408
서울,,2024-08,1980년대이전,132.89,707,438
서울,,2024-09,1980년대이전,132.82,684,402
서울,,2024-10,1980년대이전,134.41,829,458
서울,,2024-11,1980년대이전,135.95,801,444
서울,,2024-12,1980년대이전,135.25,826,453
서울,,2025-01,1980년대이전,134.12,746,422
서울,,2025-02,1980년대이전,134.88,795,457
서울,,2025-03,1980년대이전,135.96,834,466
서울,,2025-04,1980년대이전,136.23,716,421
서울,,2025-05,1980년대이전,137.16,764,448
서울,,2025-06,1980년대이전,136.15,780,465
서울,,2025-07,1980년대이전,138.79,658,403
서울,,2025-08,1980년대이전,137.27,682,416
서울,,2025-09,1980년대이전,138.21,799,454
서울,,2025-10,1980년대이전,141.71,807,454
서울,,2025-11,1980년대이전,144.07,852,494
서울,,2025-12,1980년대이전,144.9,864,467
서울,,2026-01,1980년대이전,145.66,913,486
서울,,2026-02,1980년대이전,144.82,722,422
서울,,2026-03,1980년대이전,145.81,839,455
서울,,2026-04,1980년대이전,151.2,727,418
서울,,2026-05,1980년대이전,153.82,681,408
서울,,2026-06,1980년대이전,157.08,633,374
서울,,2026-07,1980년대이전,158.58,592,374
서울,,2011-01,1990년대,100.21,632,446
서울,,2011-02,1990년대,101.74,658,474
서울,,2011-03,1990년대,101.34,693,473
서울,,2011-04,1990년대,101.85,603,435
서울,,2011-05,1990년대,99.35,519,381
서울,,2011-06,1990년대,100.18,537,384
서울,,2011-07,1990년대,104.71,581,409
서울,,2011-08,1990년대,103.32,637,465
서울,,2011-09,1990년대,105.9,572,420
서울,,2011-10,1990년대,104.5,500,370
서울,,2011-11,1990년대,106.82,404,315
서울,,2011-12,1990년대,107.84,464,347
서울,,2012-01,1990년대,105.09,526,395
서울,,2012-02,1990년대,105.0,636,441
서울,,2012-03,1990년대,105.4,608,439
서울,,2012-04,1990년대,102.34,498,381
서울,,2012-05,1990년대,101.81,511,379
서울,,2012-06,1990년대,102.47,514,378
서울,,2012-07,1990년대,101.94,506,358
서울,,2012-08,1990년대,102.4,465,353
서울,,2012-09,1990년대,103.23,539,396
서울,,2012-10,1990년대,103.45,545,384
서울,,2012-11,1990년대,104.44,487,352
서울,,2012-12,1990년대,100.64,497,379
서울,,2013-01,1990년대,100.75,687,460
서울,,2013-02,1990년대,100.53,692,460
서울,,2013-03,1990년대,100.76,789,519
서울,,2013-04,1990년대,100.97,579,414
서울,,2013-05,1990년대,100.55,555,403
서울,,2013-06,1990년대,99.02,550,416
서울,,2013-07,1990년대,100.78,657,431
서울,,2013-08,1990년대,99.79,737,499
서울,,2013-09,1990년대,101.66,663,463
서울,,2013-10,1990년대,101.75,780,529
서울,,2013-11,1990년대,101.74,624,446
서울,,2013-12,1990년대,100.06,614,447
서울,,2014-01,1990년대,100.86,807,535
서울,,2014-02,1990년대,100.67,960,625
서울,,2014-03,1990년대,100.9,845,565
서울,,2014-04,1990년대,100.68,718,504
서울,,2014-05,1990년대,99.03,659,463
서울,,2014-06,1990년대,98.95,594,430
서울,,2014-07,1990년대,97.89,648,473
서울,,2014-08,1990년대,99.31,664,452
서울,,2014-09,1990년대,98.47,689,489
서울,,2014-10,1990년대,97.38,802,548
서울,,2014-11,1990년대,98.26,684,478
서울,,2014-12,1990년대,98.2,857,540
서울,,2015-01,1990년대,98.11,1163,672
서울,,2015-02,1990년대,98.37,1018,646
서울,,2015-03,1990년대,99.3,1309,763
서울,,2015-04,1990년대,99.67,1054,659
서울,,2015-05,1990년대,99.73,929,616
서울,,2015-06,1990년대,100.0,967,648
서울,,2015-07,1990년대,101.31,1032,634
서울,,2015-08,1990년대,101.18,1000,643
서울,,2015-09,1990년대,102.11,831,567
서울,,2015-10,1990년대,101.2,1158,679
서울,,2015-11,1990년대,101.53,906,589
서울,,2015-12,1990년대,100.74,1094,689
서울,,2016-01,1990년대,100.85,1168,704
서울,,2016-02,1990년대,100.11,1146,717
서울,,2016-03,1990년대,98.64,1214,768
서울,,2016-04,1990년대,99.04,1072,701
서울,,2016-05,1990년대,98.64,931,599
서울,,2016-06,1990년대,98.57,951,637
서울,,2016-07,1990년대,97.85,865,570
서울,,2016-08,1990년대,96.92,925,597
서울,,2016-09,1990년대,97.01,890,598
서울,,2016-10,1990년대,96.67,1071,672
서울,,2016-11,1990년대,95.92,962,628
서울,,2016-12,1990년대,95.97,1026,639
서울,,2017-01,1990년대,95.9,1006,639
서울,,2017-02,1990년대,94.97,1262,765
서울,,2017-03,1990년대,95.04,1152,715
서울,,2017-04,1990년대,95.38,955,622
서울,,2017-05,1990년대,95.2,902,623
서울,,2017-06,1990년대,95.06,878,593
서울,,2017-07,1990년대,95.58,918,608
서울,,2017-08,1990년대,96.71,776,553
서울,,2017-09,1990년대,96.11,853,580
서울,,2017-10,1990년대,95.73,763,552
서울,,2017-11,1990년대,95.81,795,513
서울,,2017-12,1990년대,95.3,775,521
서울,,2018-01,1990년대,95.77,883,578
서울,,2018-02,1990년대,94.76,842,567
서울,,2018-03,1990년대,96.73,1067,648
서울,,2018-04,1990년대,95.28,772,544
서울,,2018-05,1990년대,94.05,777,543
서울,,2018-06,1990년대,95.25,743,502
서울,,2018-07,1990년대,94.97,710,507
서울,,2018-08,1990년대,96.77,768,530
서울,,2018-09,1990년대,96.08,777,539
서울,,2018-10,1990년대,97.44,861,571
서울,,2018-11,1990년대,96.01,727,519
서울,,2018-12,1990년대,96.65,829,555
서울,,2019-01,1990년대,95.04,904,608
서울,,2019-02,1990년대,95.45,851,578
서울,,2019-03,1990년대,93.8,906,611
서울,,2019-04,1990년대,95.65,707,513
서울,,2019-05,1990년대,93.96,751,514
서울,,2019-06,1990년대,95.36,631,437
서울,,2019-07,1990년대,95.28,750,525
서울,,2019-08,1990년대,96.52,773,521
서울,,2019-09,1990년대,95.82,640,457
서울,,2019-10,1990년대,96.48,809,544
서울,,2019-11,1990년대,96.45,772,548
서울,,2019-12,1990년대,95.65,867,559
서울,,2020-01,1990년대,97.39,860,566
서울,,2020-02,1990년대,97.46,1054,654
서울,,2020-03,1990년대,98.03,778,541
서울,,2020-04,1990년대,97.93,795,503
서울,,2020-05,1990년대,98.31,729,507
서울,,2020-06,1990년대,99.61,785,542
서울,,2020-07,1990년대,99.69,980,612
서울,,2020-08,1990년대,102.07,873,603
서울,,2020-09,1990년대,105.23,836,553
서울,,2020-10,1990년대,106.86,861,554
서울,,2020-11,1990년대,107.93,824,549
서울,,2020-12,1990년대,111.36,913,603
서울,,2021-01,1990년대,110.56,937,600
서울,,2021-02,1990년대,109.28,814,558
서울,,2021-03,1990년대,109.82,935,622
서울,,2021-04,1990년대,108.73,786,544
서울,,2021-05,1990년대,108.41,965,614
서울,,2021-06,1990년대,115.7,1017,580
서울,,2021-07,1990년대,115.29,1052,598
서울,,2021-08,1990년대,117.81,911,565
서울,,2021-09,1990년대,116.18,1048,566
서울,,2021-10,1990년대,121.85,1142,638
서울,,2021-11,1990년대,123.58,945,557
서울,,2021-12,1990년대,122.79,1136,631
서울,,2022-01,1990년대,123.14,1088,623
서울,,2022-02,1990년대,121.83,1060,605
서울,,2022-03,1990년대,125.22,1110,633
서울,,2022-04,1990년대,124.47,1053,620
서울,,2022-05,1990년대,126.65,941,566
서울,,2022-06,1990년대,126.65,1051,571
서울,,2022-07,1990년대,125.05,1288,619
서울,,2022-08,1990년대,130.98,964,589
서울,,2022-09,1990년대,127.24,1231,646
서울,,2022-10,1990년대,129.49,1135,631
서울,,2022-11,1990년대,126.88,1189,665
서울,,2022-12,1990년대,127.08,1118,631
서울,,2023-01,1990년대,126.24,1237,671
서울,,2023-02,1990년대,126.01,1282,704
서울,,2023-03,1990년대,125.88,1409,733
서울,,2023-04,1990년대,126.11,1078,641
서울,,2023-05,1990년대,127.13,1188,653
서울,,2023-06,1990년대,127.63,1093,638
서울,,2023-07,1990년대,129.43,1175,645
서울,,2023-08,1990년대,132.16,1058,620
서울,,2023-09,1990년대,132.43,1043,629
서울,,2023-10,1990년대,134.89,1108,664
서울,,2023-11,1990년대,135.16,1054,620
서울,,2023-12,1990년대,136.76,1121,652
서울,,2024-01,1990년대,134.77,1131,627
서울,,2024-02,1990년대,132.27,978,590
서울,,2024-03,1990년대,136.97,1200,677
서울,,2024-04,1990년대,136.43,893,556
서울,,2024-05,1990년대,137.76,1014,577
서울,,2024-06,1990년대,138.37,888,553
서울,,2024-07,1990년대,139.27,936,555
서울,,2024-08,1990년대,139.03,854,534
서울,,2024-09,1990년대,137.66,864,517
서울,,2024-10,1990년대,139.35,1049,606
서울,,2024-11,1990년대,142.43,1017,597
서울,,2024-12,1990년대,141.77,957,593
서울,,2025-01,1990년대,141.5,927,543
서울,,2025-02,1990년대,140.92,1052,642
서울,,2025-03,1990년대,141.73,1060,632
서울,,2025-04,1990년대,140.3,947,552
서울,,2025-05,1990년대,141.45,1026,582
서울,,2025-06,1990년대,146.05,986,577
서울,,2025-07,1990년대,145.39,970,563
서울,,2025-08,1990년대,146.69,895,541
서울,,2025-09,1990년대,147.57,961,601
서울,,2025-10,1990년대,150.4,913,555
서울,,2025-11,1990년대,154.56,1027,620
서울,,2025-12,1990년대,155.95,999,595
서울,,2026-01,1990년대,156.53,1100,629
서울,,2026-02,1990년대,156.63,861,530
서울,,2026-03,1990년대,157.2,1252,636
서울,,2026-04,1990년대,163.8,887,561
서울,,2026-05,1990년대,159.54,990,593
서울,,2026-06,1990년대,166.04,881,541
서울,,2026-07,1990년대,167.84,754,487
서울,,2011-01,2000년대,96.73,1101,733
서울,,2011-02,2000년대,100.51,1135,783
서울,,2011-03,2000년대,99.56,1077,764
서울,,2011-04,2000년대,100.57,840,621
서울,,2011-05,2000년대,101.31,897,639
서울,,2011-06,2000년대,101.7,955,677
서울,,2011-07,2000년대,101.56,927,658
서울,,2011-08,2000년대,105.39,1025,706
서울,,2011-09,2000년대,106.57,925,674
서울,,2011-10,2000년대,103.75,811,606
서울,,2011-11,2000년대,107.24,766,504
서울,,2011-12,2000년대,105.2,855,563
서울,,2012-01,2000년대,102.03,935,619
서울,,2012-02,2000년대,102.88,993,679
서울,,2012-03,2000년대,102.43,1010,696
서울,,2012-04,2000년대,99.74,749,556
서울,,2012-05,2000년대,101.48,780,576
서울,,2012-06,2000년대,100.98,823,589
서울,,2012-07,2000년대,104.42,918,567
서울,,2012-08,2000년대,101.21,938,599
서울,,2012-09,2000년대,98.24,967,629
서울,,2012-10,2000년대,100.29,1154,696
서울,,2012-11,2000년대,102.34,1063,603
서울,,2012-12,2000년대,100.24,1019,628
서울,,2013-01,2000년대,97.73,1262,826
서울,,2013-02,2000년대,101.45,1279,815
서울,,2013-03,2000년대,99.09,1203,827
서울,,2013-04,2000년대,98.15,976,726
서울,,2013-05,2000년대,100.4,1027,708
서울,,2013-06,2000년대,98.27,1051,695
서울,,2013-07,2000년대,99.45,1176,759
서울,,2013-08,2000년대,99.35,1189,779
서울,,2013-09,2000년대,101.52,1058,717
서울,,2013-10,2000년대,100.6,1291,868
서울,,2013-11,2000년대,101.85,1120,739
서울,,2013-12,2000년대,101.43,1328,834
서울,,2014-01,2000년대,100.62,1309,875
서울,,2014-02,2000년대,99.98,1441,901
서울,,2014-03,2000년대,99.54,1389,925
서울,,2014-04,2000년대,98.68,1016,739
서울,,2014-05,2000년대,100.96,1177,768
서울,,2014-06,2000년대,98.15,1036,688
서울,,2014-07,2000년대,100.22,1270,783
서울,,2014-08,2000년대,98.88,1211,804
서울,,2014-09,2000년대,97.16,1166,783
서울,,2014-10,2000년대,97.12,1408,866
서울,,2014-11,2000년대,97.34,1331,820
서울,,2014-12,2000년대,97.05,1609,927
서울,,2015-01,2000년대,96.86,1915,1113
서울,,2015-02,2000년대,97.63,1679,1048
서울,,2015-03,2000년대,98.54,2003,1231
서울,,2015-04,2000년대,98.68,1584,1053
서울,,2015-05,2000년대,99.39,1431,936
서울,,2015-06,2000년대,100.0,1516,984
서울,,2015-07,2000년대,100.98,1532,1013
서울,,2015-08,2000년대,101.12,1489,984
서울,,2015-09,2000년대,102.19,1410,936
서울,,2015-10,2000년대,100.43,1708,1101
서울,,2015-11,2000년대,100.98,1473,976
서울,,2015-12,2000년대,99.98,1781,1077
서울,,2016-01,2000년대,98.7,1842,1098
서울,,2016-02,2000년대,98.61,1731,1132
서울,,2016-03,2000년대,97.89,1770,1168
서울,,2016-04,2000년대,97.95,1427,995
서울,,2016-05,2000년대,97.18,1434,948
서울,,2016-06,2000년대,96.3,1360,920
서울,,2016-07,2000년대,97.41,1473,972
서울,,2016-08,2000년대,96.22,1511,989
서울,,2016-09,2000년대,95.84,1404,956
서울,,2016-10,2000년대,95.52,1763,1063
서울,,2016-11,2000년대,95.05,1537,965
서울,,2016-12,2000년대,93.81,1846,1072
서울,,2017-01,2000년대,93.41,1449,941
서울,,2017-02,2000년대,93.64,1852,1175
서울,,2017-03,2000년대,92.45,1609,1071
서울,,2017-04,2000년대,93.29,1310,900
서울,,2017-05,2000년대,93.42,1337,919
서울,,2017-06,2000년대,93.27,1249,870
서울,,2017-07,2000년대,93.29,1253,847
서울,,2017-08,2000년대,94.05,1188,816
서울,,2017-09,2000년대,95.17,1340,873
서울,,2017-10,2000년대,94.19,1051,727
서울,,2017-11,2000년대,95.38,1416,862
서울,,2017-12,2000년대,95.08,1535,924
서울,,2018-01,2000년대,95.22,1550,1017
서울,,2018-02,2000년대,95.32,1307,873
서울,,2018-03,2000년대,94.29,1491,987
서울,,2018-04,2000년대,94.47,1104,781
서울,,2018-05,2000년대,93.62,1139,763
서울,,2018-06,2000년대,93.62,1220,818
서울,,2018-07,2000년대,94.95,1247,791
서울,,2018-08,2000년대,95.53,1188,842
서울,,2018-09,2000년대,95.29,1110,777
서울,,2018-10,2000년대,95.97,1494,923
서울,,2018-11,2000년대,96.25,1381,829
서울,,2018-12,2000년대,94.69,1540,905
서울,,2019-01,2000년대,93.8,1450,883
서울,,2019-02,2000년대,93.42,1357,867
서울,,2019-03,2000년대,93.01,1300,891
서울,,2019-04,2000년대,93.0,1043,730
서울,,2019-05,2000년대,93.55,1113,740
서울,,2019-06,2000년대,93.75,1120,778
서울,,2019-07,2000년대,94.68,1075,748
서울,,2019-08,2000년대,94.48,1105,755
서울,,2019-09,2000년대,95.44,1047,729
서울,,2019-10,2000년대,94.86,1299,874
서울,,2019-11,2000년대,98.34,1461,852
서울,,2019-12,2000년대,98.47,1572,894
서울,,2020-01,2000년대,98.67,1327,888
서울,,2020-02,2000년대,99.42,1504,892
서울,,2020-03,2000년대,98.91,1214,773
서울,,2020-04,2000년대,98.75,1364,785
서울,,2020-05,2000년대,98.26,1297,801
서울,,2020-06,2000년대,99.64,1205,795
서울,,2020-07,2000년대,101.98,1749,933
서울,,2020-08,2000년대,104.83,1350,887
서울,,2020-09,2000년대,106.01,1295,815
서울,,2020-10,2000년대,107.3,1392,909
서울,,2020-11,2000년대,109.15,1516,845
서울,,2020-12,2000년대,108.89,1696,993
서울,,2021-01,2000년대,109.26,1462,927
서울,,2021-02,2000년대,108.36,1415,901
서울,,2021-03,2000년대,110.38,1426,925
서울,,2021-04,2000년대,111.02,1242,815
서울,,2021-05,2000년대,112.6,1489,926
서울,,2021-06,2000년대,116.29,1433,816
서울,,2021-07,2000년대,114.01,1750,871
서울,,2021-08,2000년대,113.38,1968,948
서울,,2021-09,2000년대,117.17,1610,823
서울,,2021-10,2000년대,118.46,2004,980
서울,,2021-11,2000년대,123.84,1524,864
서울,,2021-12,2000년대,122.91,1720,981
서울,,2022-01,2000년대,123.25,1583,960
서울,,2022-02,2000년대,121.7,1504,885
서울,,2022-03,2000년대,122.19,1640,906
서울,,2022-04,2000년대,124.55,1618,927
서울,,2022-05,2000년대,124.96,1438,884
서울,,2022-06,2000년대,122.36,1812,864
서울,,2022-07,2000년대,121.98,2062,910
서울,,2022-08,2000년대,128.24,1405,846
서울,,2022-09,2000년대,127.46,1589,898
서울,,2022-10,2000년대,126.96,1638,945
서울,,2022-11,2000년대,123.29,1877,959
서울,,2022-12,2000년대,120.96,2181,1044
서울,,2023-01,2000년대,124.0,1683,952
서울,,2023-02,2000년대,121.41,2009,1091
서울,,2023-03,2000년대,124.45,1950,1063
서울,,2023-04,2000년대,124.93,1634,976
서울,,2023-05,2000년대,125.79,1485,914
서울,,2023-06,2000년대,126.19,1709,985
서울,,2023-07,2000년대,128.46,1431,881
서울,,2023-08,2000년대,130.14,1452,927
서울,,2023-09,2000년대,128.28,1575,947
서울,,2023-10,2000년대,129.0,1671,1002
서울,,2023-11,2000년대,133.68,1500,894
서울,,2023-12,2000년대,132.51,1662,928
서울,,2024-01,2000년대,131.13,1756,1012
서울,,2024-02,2000년대,130.46,1364,842
서울,,2024-03,2000년대,132.21,1610,954
서울,,2024-04,2000년대,134.65,1233,810
서울,,2024-05,2000년대,134.37,1457,871
서울,,2024-06,2000년대,135.32,1185,766
서울,,2024-07,2000년대,134.46,1355,780
서울,,2024-08,2000년대,137.71,1227,785
서울,,2024-09,2000년대,137.54,1164,737
서울,,2024-10,2000년대,138.37,1427,867
서울,,2024-11,2000년대,140.23,1400,861
서울,,2024-12,2000년대,137.13,1463,853
서울,,2025-01,2000년대,139.31,1139,751
서울,,2025-02,2000년대,136.43,1528,923
서울,,2025-03,2000년대,139.34,1378,920
서울,,2025-04,2000년대,138.57,1452,867
서울,,2025-05,2000년대,138.7,1437,866
서울,,2025-06,2000년대,141.12,1163,800
서울,,2025-07,2000년대,141.33,1291,865
서울,,2025-08,2000년대,141.51,1118,748
서울,,2025-09,2000년대,143.46,1327,852
서울,,2025-10,2000년대,143.81,1356,883
서울,,2025-11,2000년대,150.45,1432,888
서울,,2025-12,2000년대,153.39,1361,867
서울,,2026-01,2000년대,153.1,1370,891
서울,,2026-02,2000년대,152.81,1089,772
서울,,2026-03,2000년대,148.88,1390,884
서울,,2026-04,2000년대,149.74,1432,870
서울,,2026-05,2000년대,157.64,1190,784
서울,,2026-06,2000년대,161.0,1126,773
서울,,2026-07,2000년대,163.73,1002,701
서울,,2011-01,2010년대,96.77,105,73
서울,,2011-02,2010년대,105.92,99,82
서울,,2011-03,2010년대,119.76,267,94
서울,,2011-04,2010년대,93.72,114,75
서울,,2011-05,2010년대,115.37,179,83
서울,,2011-06,2010년대,110.54,110,66
서울,,2011-07,2010년대,112.53,109,65
서울,,2011-08,2010년대,106.16,116,81
서울,,2011-09,2010년대,118.95,213,87
서울,,2011-10,2010년대,108.99,145,88
서울,,2011-11,2010년대,103.51,142,93
서울,,2011-12,2010년대,98.77,154,105
서울,,2012-01,2010년대,103.54,209,132
서울,,2012-02,2010년대,103.2,229,153
서울,,2012-03,2010년대,99.36,223,147
서울,,2012-04,2010년대,98.48,207,140
서울,,2012-05,2010년대,99.72,217,134
서울,,2012-06,2010년대,100.35,239,148
서울,,2012-07,2010년대,98.53,277,144
서울,,2012-08,2010년대,104.23,334,162
서울,,2012-09,2010년대,102.85,284,179
서울,,2012-10,2010년대,100.43,265,168
서울,,2012-11,2010년대,101.74,309,159
서울,,2012-12,2010년대,105.47,335,181
서울,,2013-01,2010년대,102.82,479,266
서울,,2013-02,2010년대,107.32,502,260
서울,,2013-03,2010년대,110.85,549,272
서울,,2013-04,2010년대,109.51,478,241
서울,,2013-05,2010년대,103.26,371,228
서울,,2013-06,2010년대,101.9,316,224
서울,,2013-07,2010년대,108.64,515,272
서울,,2013-08,2010년대,108.67,478,252
서울,,2013-09,2010년대,108.53,399,230
서울,,2013-10,2010년대,104.48,475,281
서울,,2013-11,2010년대,108.15,509,274
서울,,2013-12,2010년대,102.79,574,306
서울,,2014-01,2010년대,105.55,731,432
서울,,2014-02,2010년대,106.27,765,435
서울,,2014-03,2010년대,101.54,637,392
서울,,2014-04,2010년대,101.6,511,325
서울,,2014-05,2010년대,104.82,584,339
서울,,2014-06,2010년대,101.85,532,344
서울,,2014-07,2010년대,101.91,602,398
서울,,2014-08,2010년대,99.76,621,396
서울,,2014-09,2010년대,100.81,548,352
서울,,2014-10,2010년대,97.28,643,373
서울,,2014-11,2010년대,94.14,858,398
서울,,2014-12,2010년대,98.12,766,410
서울,,2015-01,2010년대,99.43,933,522
서울,,2015-02,2010년대,101.3,683,423
서울,,2015-03,2010년대,102.93,909,509
서울,,2015-04,2010년대,102.15,678,409
서울,,2015-05,2010년대,100.86,562,358
서울,,2015-06,2010년대,100.0,591,425
서울,,2015-07,2010년대,100.23,702,449
서울,,2015-08,2010년대,102.82,713,468
서울,,2015-09,2010년대,104.27,594,411
서울,,2015-10,2010년대,102.25,726,442
서울,,2015-11,2010년대,96.73,680,430
서울,,2015-12,2010년대,99.35,924,530
서울,,2016-01,2010년대,99.43,976,617
서울,,2016-02,2010년대,102.07,941,589
서울,,2016-03,2010년대,97.88,784,512
서울,,2016-04,2010년대,98.64,645,426
서울,,2016-05,2010년대,96.48,646,429
서울,,2016-06,2010년대,96.5,684,450
서울,,2016-07,2010년대,96.42,719,487
서울,,2016-08,2010년대,98.81,850,563
서울,,2016-09,2010년대,96.76,657,467
서울,,2016-10,2010년대,95.06,885,573
서울,,2016-11,2010년대,92.84,851,520
서울,,2016-12,2010년대,93.06,1029,594
서울,,2017-01,2010년대,92.37,1080,638
서울,,2017-02,2010년대,93.79,1244,723
서울,,2017-03,2010년대,92.67,999,609
서울,,2017-04,2010년대,97.54,1009,557
서울,,2017-05,2010년대,92.9,775,555
서울,,2017-06,2010년대,94.06,814,551
서울,,2017-07,2010년대,95.75,937,625
서울,,2017-08,2010년대,93.09,1037,626
서울,,2017-09,2010년대,94.71,909,606
서울,,2017-10,2010년대,95.58,763,531
서울,,2017-11,2010년대,97.24,899,576
서울,,2017-12,2010년대,99.36,1076,674
서울,,2018-01,2010년대,98.6,1333,811
서울,,2018-02,2010년대,101.2,1262,778
서울,,2018-03,2010년대,98.16,1073,693
서울,,2018-04,2010년대,96.35,802,567
서울,,2018-05,2010년대,93.99,843,565
서울,,2018-06,2010년대,94.79,845,583
서울,,2018-07,2010년대,95.86,900,592
서울,,2018-08,2010년대,97.51,995,692
서울,,2018-09,2010년대,98.29,1051,661
서울,,2018-10,2010년대,97.9,1100,708
서울,,2018-11,2010년대,91.25,1363,695
서울,,2018-12,2010년대,96.12,1330,782
서울,,2019-01,2010년대,93.72,1728,922
서울,,2019-02,2010년대,92.87,1671,835
서울,,2019-03,2010년대,93.27,1356,758
서울,,2019-04,2010년대,95.24,1202,702
서울,,2019-05,2010년대,95.56,1035,672
서울,,2019-06,2010년대,98.33,1153,728
서울,,2019-07,2010년대,97.92,1165,687
서울,,2019-08,2010년대,89.62,1932,731
서울,,2019-09,2010년대,97.75,926,607
서울,,2019-10,2010년대,96.59,1262,763
서울,,2019-11,2010년대,100.29,1344,811
서울,,2019-12,2010년대,102.79,2132,961
서울,,2020-01,2010년대,99.2,1659,879
서울,,2020-02,2010년대,98.4,2002,927
서울,,2020-03,2010년대,103.74,1073,696
서울,,2020-04,2010년대,100.35,1274,680
서울,,2020-05,2010년대,101.44,1034,674
서울,,2020-06,2010년대,103.03,1096,725
서울,,2020-07,2010년대,105.14,1322,807
서울,,2020-08,2010년대,106.38,1542,776
서울,,2020-09,2010년대,106.8,1165,742
서울,,2020-10,2010년대,107.78,1168,743
서울,,2020-11,2010년대,102.21,2327,791
서울,,2020-12,2010년대,107.17,1812,965
서울,,2021-01,2010년대,105.25,2042,986
서울,,2021-02,2010년대,107.92,1580,934
서울,,2021-03,2010년대,108.3,1620,846
서울,,2021-04,2010년대,108.81,1637,810
서울,,2021-05,2010년대,107.12,1647,866
서울,,2021-06,2010년대,114.63,1527,858
서울,,2021-07,2010년대,111.94,1794,915
서울,,2021-08,2010년대,110.59,3135,973
서울,,2021-09,2010년대,113.93,1766,800
서울,,2021-10,2010년대,115.8,2609,1027
서울,,2021-11,2010년대,124.37,1663,908
서울,,2021-12,2010년대,111.17,3959,1159
서울,,2022-01,2010년대,116.9,2244,1059
서울,,2022-02,2010년대,120.37,2408,1043
서울,,2022-03,2010년대,119.6,1865,962
서울,,2022-04,2010년대,121.86,1864,944
서울,,2022-05,2010년대,115.55,1854,908
서울,,2022-06,2010년대,122.81,1819,916
서울,,2022-07,2010년대,123.36,1865,908
서울,,2022-08,2010년대,122.18,1723,873
서울,,2022-09,2010년대,124.69,1469,854
서울,,2022-10,2010년대,127.86,1495,839
서울,,2022-11,2010년대,120.29,2526,1000
서울,,2022-12,2010년대,120.19,3021,1215
서울,,2023-01,2010년대,120.85,2242,1117
서울,,2023-02,2010년대,120.1,2548,1218
서울,,2023-03,2010년대,122.25,2074,989
서울,,2023-04,2010년대,120.59,2710,975
서울,,2023-05,2010년대,118.04,2901,1004
서울,,2023-06,2010년대,125.5,1903,1052
서울,,2023-07,2010년대,127.2,1817,946
서울,,2023-08,2010년대,125.83,1985,969
서울,,2023-09,2010년대,129.27,1718,927
서울,,2023-10,2010년대,125.91,2101,1124
서울,,2023-11,2010년대,132.29,1618,991
서울,,2023-12,2010년대,121.82,3024,1156
서울,,2024-01,2010년대,126.88,2628,1229
서울,,2024-02,2010년대,126.64,1922,1022
서울,,2024-03,2010년대,128.34,2174,1125
서울,,2024-04,2010년대,131.62,1480,929
서울,,2024-05,2010년대,125.36,2111,1025
서울,,2024-06,2010년대,132.16,1588,942
서울,,2024-07,2010년대,130.53,1744,974
서울,,2024-08,2010년대,132.06,1924,913
서울,,2024-09,2010년대,132.23,1382,849
서울,,2024-10,2010년대,135.32,1557,906
서울,,2024-11,2010년대,134.04,1776,944
서울,,2024-12,2010년대,133.7,2313,1156
서울,,2025-01,2010년대,134.13,1947,1019
서울,,2025-02,2010년대,130.47,2119,1111
서울,,2025-03,2010년대,134.56,1921,1027
서울,,2025-04,2010년대,129.77,2140,928
서울,,2025-05,2010년대,127.79,2246,1010
서울,,2025-06,2010년대,136.69,1583,976
서울,,2025-07,2010년대,135.55,1961,1054
서울,,2025-08,2010년대,134.54,1727,938
서울,,2025-09,2010년대,137.38,1724,958
서울,,2025-10,2010년대,136.86,1837,962
서울,,2025-11,2010년대,141.92,1752,1053
서울,,2025-12,2010년대,141.31,2580,1071
서울,,2026-01,2010년대,142.43,1915,1102
서울,,2026-02,2010년대,142.26,1389,892
서울,,2026-03,2010년대,144.05,1552,964
서울,,2026-04,2010년대,140.83,1661,946
서울,,2026-05,2010년대,148.04,1335,845
서울,,2026-06,2010년대,146.64,1856,935
서울,,2026-07,2010년대,147.29,1546,845
서울,,2017-11,2020년대,100.0,302,7
서울,,2017-12,2020년대,96.1,1,1
서울,,2018-01,2020년대,102.1,1,1
서울,,2018-02,2020년대,100.7,21,4
서울,,2018-03,2020년대,106.09,1,1
서울,,2018-07,2020년대,71.88,2,2
서울,,2018-08,2020년대,76.24,2,2
서울,,2018-09,2020년대,72.45,5,2
서울,,2018-10,2020년대,80.95,6,4
서울,,2018-11,2020년대,64.61,6,4
서울,,2018-12,2020년대,77.23,10,7
서울,,2019-01,2020년대,72.73,16,11
서울,,2019-02,2020년대,70.72,11,10
서울,,2019-03,2020년대,69.14,10,7
서울,,2019-04,2020년대,81.86,9,6
서울,,2019-05,2020년대,81.24,7,7
서울,,2019-06,2020년대,65.39,21,11
서울,,2019-07,2020년대,68.06,17,9
서울,,2019-08,2020년대,66.34,48,16
서울,,2019-09,2020년대,76.11,30,10
서울,,2019-10,2020년대,73.09,40,20
서울,,2019-11,2020년대,76.37,48,21
서울,,2019-12,2020년대,92.17,240,37
서울,,2020-01,2020년대,77.78,143,44
서울,,2020-02,2020년대,88.6,384,92
서울,,2020-03,2020년대,85.35,345,90
서울,,2020-04,2020년대,87.28,632,101
서울,,2020-05,2020년대,84.7,368,113
서울,,2020-06,2020년대,93.51,380,117
서울,,2020-07,2020년대,96.07,418,131
서울,,2020-08,2020년대,99.66,424,130
서울,,2020-09,2020년대,100.87,488,154
서울,,2020-10,2020년대,99.96,1594,154
서울,,2020-11,2020년대,92.5,1435,212
서울,,2020-12,2020년대,100.46,984,192
서울,,2021-01,2020년대,92.98,1090,212
서울,,2021-02,2020년대,99.01,498,185
서울,,2021-03,2020년대,84.11,1035,215
서울,,2021-04,2020년대,95.07,1809,198
서울,,2021-05,2020년대,95.81,796,233
서울,,2021-06,2020년대,92.86,2378,267
서울,,2021-07,2020년대,98.92,892,259
서울,,2021-08,2020년대,101.47,1114,258
서울,,2021-09,2020년대,105.63,1046,273
서울,,2021-10,2020년대,94.64,811,268
서울,,2021-11,2020년대,107.47,702,261
서울,,2021-12,2020년대,103.34,1548,341
서울,,2022-01,2020년대,100.38,1192,341
서울,,2022-02,2020년대,107.53,1257,377
서울,,2022-03,2020년대,101.74,2211,419
서울,,2022-04,2020년대,106.29,1091,369
서울,,2022-05,2020년대,100.54,2619,408
서울,,2022-06,2020년대,102.87,1967,387
서울,,2022-07,2020년대,104.45,1488,385
서울,,2022-08,2020년대,109.52,995,367
서울,,2022-09,2020년대,104.94,1242,407
서울,,2022-10,2020년대,106.5,1033,406
서울,,2022-11,2020년대,106.91,880,394
서울,,2022-12,2020년대,116.97,3185,509
서울,,2023-01,2020년대,104.34,2089,525
서울,,2023-02,2020년대,99.03,3383,606
서울,,2023-03,2020년대,107.74,2210,580
서울,,2023-04,2020년대,108.28,1472,510
서울,,2023-05,2020년대,104.4,1441,565
서울,,2023-06,2020년대,101.79,2856,583
서울,,2023-07,2020년대,113.81,1914,576
서울,,2023-08,2020년대,109.89,1818,534
서울,,2023-09,2020년대,114.14,1757,537
서울,,2023-10,2020년대,110.34,1348,516
서울,,2023-11,2020년대,117.48,1365,529
서울,,2023-12,2020년대,106.83,2307,561
서울,,2024-01,2020년대,115.85,1499,615
서울,,2024-02,2020년대,112.53,1565,587
서울,,2024-03,2020년대,106.26,2172,628
서울,,2024-04,2020년대,111.32,1198,542
서울,,2024-05,2020년대,108.66,1539,595
서울,,2024-06,2020년대,115.48,1480,578
서울,,2024-07,2020년대,112.75,1181,571
서울,,2024-08,2020년대,110.77,1195,542
서울,,2024-09,2020년대,112.77,1274,517
서울,,2024-10,2020년대,114.14,1296,556
서울,,2024-11,2020년대,122.91,1341,584
서울,,2024-12,2020년대,118.93,1916,662
서울,,2025-01,2020년대,123.31,1466,601
서울,,2025-02,2020년대,114.8,2754,660
서울,,2025-03,2020년대,121.66,1483,615
서울,,2025-04,2020년대,120.63,1526,630
서울,,2025-05,2020년대,115.91,1957,621
서울,,2025-06,2020년대,115.69,2163,664
서울,,2025-07,2020년대,117.86,1839,667
서울,,2025-08,2020년대,118.6,1491,629
서울,,2025-09,2020년대,114.85,1841,645
서울,,2025-10,2020년대,119.38,1439,614
서울,,2025-11,2020년대,119.83,1720,687
서울,,2025-12,2020년대,131.05,2162,761
서울,,2026-01,2020년대,126.85,1606,712
서울,,2026-02,2020년대,129.97,1378,594
서울,,2026-03,2020년대,127.0,1532,699
서울,,2026-04,2020년대,127.95,1353,658
서울,,2026-05,2020년대,131.65,1167,639
서울,,2026-06,2020년대,127.89,2133,696
서울,,2026-07,2020년대,132.82,1824,715
