광역지자체,자치구,기간,연식구간,㎡당환산월세_프리미엄(%),표본수
서울,,전체(2011-2026),0-4년,0.0,198617
서울,,전체(2011-2026),5-9년,-0.48,142825
서울,,전체(2011-2026),10-14년,-13.29,134947
서울,,전체(2011-2026),15-19년,-17.37,111381
서울,,전체(2011-2026),20-24년,-23.6,98578
서울,,전체(2011-2026),25-29년,-24.26,85034
서울,,전체(2011-2026),30년+,-26.1,137859
서울,,2011-2015,0-4년,0.0,34314
서울,,2011-2015,5-9년,-6.98,36263
서울,,2011-2015,10-14년,-18.3,32808
서울,,2011-2015,15-19년,-21.31,23700
서울,,2011-2015,20-24년,-23.03,19978
서울,,2011-2015,25-29년,-25.38,21619
서울,,2011-2015,30년+,-38.61,18394
서울,,2016-2020,0-4년,0.0,44937
서울,,2016-2020,5-9년,-2.65,37543
서울,,2016-2020,10-14년,-13.2,43309
서울,,2016-2020,15-19년,-23.09,39130
서울,,2016-2020,20-24년,-26.92,28788
서울,,2016-2020,25-29년,-28.73,25422
서울,,2016-2020,30년+,-31.92,40789
서울,,2021-2026,0-4년,0.0,119366
서울,,2021-2026,5-9년,3.89,69019
서울,,2021-2026,10-14년,-10.18,58830
서울,,2021-2026,15-19년,-12.38,48551
서울,,2021-2026,20-24년,-23.08,49812
서울,,2021-2026,25-29년,-22.9,37993
서울,,2021-2026,30년+,-19.62,78676
