모형,출처,행수,MAE,비고
(정답 일치 점검),,1020,0.0,TH actual − 우리 y 최대 절대 차
Extra Trees,TH V11,1020,0.7728140059249444,"분기 재학습, 훈련 2015.07~"
Linear,TH V11,1020,0.8887598379534095,"분기 재학습, 훈련 2015.07~"
Past6 persistence,TH V11,1020,1.0060204091870548,"분기 재학습, 훈련 2015.07~"
Random Forest,TH V11,1020,0.7673846784632549,"분기 재학습, 훈련 2015.07~"
Training median,TH V11,1020,1.1698350988087234,"분기 재학습, 훈련 2015.07~"
XGBoost,TH V11,1020,0.721257915305226,"분기 재학습, 훈련 2015.07~"
Zero growth,TH V11,1020,1.1680332400474343,"분기 재학습, 훈련 2015.07~"
8차_통합패널_ridge_B,우리(8차),1020,0.762621268169098,"월별 재학습, 훈련 2016.01~"
corr_M0,우리(9차 통합 패널),1020,0.8177937180088997,"월별 재학습, 훈련 2016.01~"
corr_M1,우리(9차 통합 패널),1020,0.8292768822860089,"월별 재학습, 훈련 2016.01~"
corr_M2,우리(9차 통합 패널),1020,0.6830003525825814,"월별 재학습, 훈련 2016.01~"
corr_M3,우리(9차 통합 패널),1020,0.7064775912926241,"월별 재학습, 훈련 2016.01~"
