STATBL_ID,DTACYCLE_CD,WRTTIME_IDTFR_ID,GRP_ID,GRP_NM,CLS_ID,CLS_NM,ITM_ID,ITM_NM,DTA_VAL,UI_NM,GRP_FULLNM,CLS_FULLNM,ITM_FULLNM,WRTTIME_DESC
A_2024_00164,MM,201006,,,500002,수도권,100001,지수,98.1,지수,,수도권,지수,2010년 6월
A_2024_00164,MM,201006,,,500003,서울,100001,지수,98.1,지수,,서울,지수,2010년 6월
A_2024_00164,MM,201006,,,500004,경기,100001,지수,95.1,지수,,경기,지수,2010년 6월
A_2024_00164,MM,201006,,,500005,인천,100001,지수,110.9,지수,,인천,지수,2010년 6월
A_2024_00164,MM,201006,,,510004,강북지역,100001,지수,101.5,지수,,서울>강북지역,지수,2010년 6월
A_2024_00164,MM,201006,,,510005,강남지역,100001,지수,95.1,지수,,서울>강남지역,지수,2010년 6월
A_2024_00164,MM,201007,,,500002,수도권,100001,지수,98,지수,,수도권,지수,2010년 7월
A_2024_00164,MM,201007,,,500003,서울,100001,지수,98,지수,,서울,지수,2010년 7월
A_2024_00164,MM,201007,,,500004,경기,100001,지수,95.2,지수,,경기,지수,2010년 7월
A_2024_00164,MM,201007,,,500005,인천,100001,지수,110.2,지수,,인천,지수,2010년 7월
A_2024_00164,MM,201007,,,510004,강북지역,100001,지수,101.4,지수,,서울>강북지역,지수,2010년 7월
A_2024_00164,MM,201007,,,510005,강남지역,100001,지수,95,지수,,서울>강남지역,지수,2010년 7월
A_2024_00164,MM,201008,,,500002,수도권,100001,지수,97.9,지수,,수도권,지수,2010년 8월
A_2024_00164,MM,201008,,,500003,서울,100001,지수,97.9,지수,,서울,지수,2010년 8월
A_2024_00164,MM,201008,,,500004,경기,100001,지수,95.1,지수,,경기,지수,2010년 8월
A_2024_00164,MM,201008,,,500005,인천,100001,지수,109.6,지수,,인천,지수,2010년 8월
A_2024_00164,MM,201008,,,510004,강북지역,100001,지수,101.7,지수,,서울>강북지역,지수,2010년 8월
A_2024_00164,MM,201008,,,510005,강남지역,100001,지수,94.6,지수,,서울>강남지역,지수,2010년 8월
A_2024_00164,MM,201009,,,500002,수도권,100001,지수,98,지수,,수도권,지수,2010년 9월
A_2024_00164,MM,201009,,,500003,서울,100001,지수,98.3,지수,,서울,지수,2010년 9월
A_2024_00164,MM,201009,,,500004,경기,100001,지수,95.1,지수,,경기,지수,2010년 9월
A_2024_00164,MM,201009,,,500005,인천,100001,지수,109.5,지수,,인천,지수,2010년 9월
A_2024_00164,MM,201009,,,510004,강북지역,100001,지수,102.5,지수,,서울>강북지역,지수,2010년 9월
A_2024_00164,MM,201009,,,510005,강남지역,100001,지수,94.7,지수,,서울>강남지역,지수,2010년 9월
A_2024_00164,MM,201010,,,500002,수도권,100001,지수,98.8,지수,,수도권,지수,2010년 10월
A_2024_00164,MM,201010,,,500003,서울,100001,지수,99.3,지수,,서울,지수,2010년 10월
A_2024_00164,MM,201010,,,500004,경기,100001,지수,95.8,지수,,경기,지수,2010년 10월
A_2024_00164,MM,201010,,,500005,인천,100001,지수,109.4,지수,,인천,지수,2010년 10월
A_2024_00164,MM,201010,,,510004,강북지역,100001,지수,103.6,지수,,서울>강북지역,지수,2010년 10월
A_2024_00164,MM,201010,,,510005,강남지역,100001,지수,95.5,지수,,서울>강남지역,지수,2010년 10월
A_2024_00164,MM,201011,,,500002,수도권,100001,지수,99.1,지수,,수도권,지수,2010년 11월
A_2024_00164,MM,201011,,,500003,서울,100001,지수,100,지수,,서울,지수,2010년 11월
A_2024_00164,MM,201011,,,500004,경기,100001,지수,95.8,지수,,경기,지수,2010년 11월
A_2024_00164,MM,201011,,,500005,인천,100001,지수,109.5,지수,,인천,지수,2010년 11월
A_2024_00164,MM,201011,,,510004,강북지역,100001,지수,104,지수,,서울>강북지역,지수,2010년 11월
A_2024_00164,MM,201011,,,510005,강남지역,100001,지수,96.5,지수,,서울>강남지역,지수,2010년 11월
A_2024_00164,MM,201012,,,500002,수도권,100001,지수,99.7,지수,,수도권,지수,2010년 12월
A_2024_00164,MM,201012,,,500003,서울,100001,지수,100.6,지수,,서울,지수,2010년 12월
A_2024_00164,MM,201012,,,500004,경기,100001,지수,96.4,지수,,경기,지수,2010년 12월
A_2024_00164,MM,201012,,,500005,인천,100001,지수,109.3,지수,,인천,지수,2010년 12월
A_2024_00164,MM,201012,,,510004,강북지역,100001,지수,103.7,지수,,서울>강북지역,지수,2010년 12월
A_2024_00164,MM,201012,,,510005,강남지역,100001,지수,97.9,지수,,서울>강남지역,지수,2010년 12월
A_2024_00164,MM,201101,,,500002,수도권,100001,지수,100.1,지수,,수도권,지수,2011년 1월
A_2024_00164,MM,201101,,,500003,서울,100001,지수,101.3,지수,,서울,지수,2011년 1월
A_2024_00164,MM,201101,,,500004,경기,100001,지수,97,지수,,경기,지수,2011년 1월
A_2024_00164,MM,201101,,,500005,인천,100001,지수,107.7,지수,,인천,지수,2011년 1월
A_2024_00164,MM,201101,,,510004,강북지역,100001,지수,104.4,지수,,서울>강북지역,지수,2011년 1월
A_2024_00164,MM,201101,,,510005,강남지역,100001,지수,98.6,지수,,서울>강남지역,지수,2011년 1월
A_2024_00164,MM,201102,,,500002,수도권,100001,지수,100.8,지수,,수도권,지수,2011년 2월
A_2024_00164,MM,201102,,,500003,서울,100001,지수,102.1,지수,,서울,지수,2011년 2월
A_2024_00164,MM,201102,,,500004,경기,100001,지수,98.1,지수,,경기,지수,2011년 2월
A_2024_00164,MM,201102,,,500005,인천,100001,지수,105.8,지수,,인천,지수,2011년 2월
A_2024_00164,MM,201102,,,510004,강북지역,100001,지수,104.5,지수,,서울>강북지역,지수,2011년 2월
A_2024_00164,MM,201102,,,510005,강남지역,100001,지수,100,지수,,서울>강남지역,지수,2011년 2월
A_2024_00164,MM,201103,,,500002,수도권,100001,지수,101.3,지수,,수도권,지수,2011년 3월
A_2024_00164,MM,201103,,,500003,서울,100001,지수,102,지수,,서울,지수,2011년 3월
A_2024_00164,MM,201103,,,500004,경기,100001,지수,99.6,지수,,경기,지수,2011년 3월
A_2024_00164,MM,201103,,,500005,인천,100001,지수,105.4,지수,,인천,지수,2011년 3월
A_2024_00164,MM,201103,,,510004,강북지역,100001,지수,103.3,지수,,서울>강북지역,지수,2011년 3월
A_2024_00164,MM,201103,,,510005,강남지역,100001,지수,100.8,지수,,서울>강남지역,지수,2011년 3월
A_2024_00164,MM,201104,,,500002,수도권,100001,지수,101.2,지수,,수도권,지수,2011년 4월
A_2024_00164,MM,201104,,,500003,서울,100001,지수,102.1,지수,,서울,지수,2011년 4월
A_2024_00164,MM,201104,,,500004,경기,100001,지수,99.3,지수,,경기,지수,2011년 4월
A_2024_00164,MM,201104,,,500005,인천,100001,지수,105.4,지수,,인천,지수,2011년 4월
A_2024_00164,MM,201104,,,510004,강북지역,100001,지수,103.2,지수,,서울>강북지역,지수,2011년 4월
A_2024_00164,MM,201104,,,510005,강남지역,100001,지수,101.1,지수,,서울>강남지역,지수,2011년 4월
A_2024_00164,MM,201105,,,500002,수도권,100001,지수,100.9,지수,,수도권,지수,2011년 5월
A_2024_00164,MM,201105,,,500003,서울,100001,지수,102,지수,,서울,지수,2011년 5월
A_2024_00164,MM,201105,,,500004,경기,100001,지수,99,지수,,경기,지수,2011년 5월
A_2024_00164,MM,201105,,,500005,인천,100001,지수,104.3,지수,,인천,지수,2011년 5월
A_2024_00164,MM,201105,,,510004,강북지역,100001,지수,103,지수,,서울>강북지역,지수,2011년 5월
A_2024_00164,MM,201105,,,510005,강남지역,100001,지수,101.1,지수,,서울>강남지역,지수,2011년 5월
A_2024_00164,MM,201106,,,500002,수도권,100001,지수,100.9,지수,,수도권,지수,2011년 6월
A_2024_00164,MM,201106,,,500003,서울,100001,지수,102.1,지수,,서울,지수,2011년 6월
A_2024_00164,MM,201106,,,500004,경기,100001,지수,99,지수,,경기,지수,2011년 6월
A_2024_00164,MM,201106,,,500005,인천,100001,지수,103.6,지수,,인천,지수,2011년 6월
A_2024_00164,MM,201106,,,510004,강북지역,100001,지수,102.6,지수,,서울>강북지역,지수,2011년 6월
A_2024_00164,MM,201106,,,510005,강남지역,100001,지수,101.6,지수,,서울>강남지역,지수,2011년 6월
A_2024_00164,MM,201107,,,500002,수도권,100001,지수,101.1,지수,,수도권,지수,2011년 7월
A_2024_00164,MM,201107,,,500003,서울,100001,지수,102.3,지수,,서울,지수,2011년 7월
A_2024_00164,MM,201107,,,500004,경기,100001,지수,99.3,지수,,경기,지수,2011년 7월
A_2024_00164,MM,201107,,,500005,인천,100001,지수,102.9,지수,,인천,지수,2011년 7월
A_2024_00164,MM,201107,,,510004,강북지역,100001,지수,102,지수,,서울>강북지역,지수,2011년 7월
A_2024_00164,MM,201107,,,510005,강남지역,100001,지수,102.6,지수,,서울>강남지역,지수,2011년 7월
A_2024_00164,MM,201108,,,500002,수도권,100001,지수,100.9,지수,,수도권,지수,2011년 8월
A_2024_00164,MM,201108,,,500003,서울,100001,지수,102.7,지수,,서울,지수,2011년 8월
A_2024_00164,MM,201108,,,500004,경기,100001,지수,98.6,지수,,경기,지수,2011년 8월
A_2024_00164,MM,201108,,,500005,인천,100001,지수,102.4,지수,,인천,지수,2011년 8월
A_2024_00164,MM,201108,,,510004,강북지역,100001,지수,102.6,지수,,서울>강북지역,지수,2011년 8월
A_2024_00164,MM,201108,,,510005,강남지역,100001,지수,102.7,지수,,서울>강남지역,지수,2011년 8월
A_2024_00164,MM,201109,,,500002,수도권,100001,지수,101.4,지수,,수도권,지수,2011년 9월
A_2024_00164,MM,201109,,,500003,서울,100001,지수,102.6,지수,,서울,지수,2011년 9월
A_2024_00164,MM,201109,,,500004,경기,100001,지수,99.7,지수,,경기,지수,2011년 9월
A_2024_00164,MM,201109,,,500005,인천,100001,지수,102.4,지수,,인천,지수,2011년 9월
A_2024_00164,MM,201109,,,510004,강북지역,100001,지수,102.9,지수,,서울>강북지역,지수,2011년 9월
A_2024_00164,MM,201109,,,510005,강남지역,100001,지수,102.3,지수,,서울>강남지역,지수,2011년 9월
A_2024_00164,MM,201110,,,500002,수도권,100001,지수,101.8,지수,,수도권,지수,2011년 10월
A_2024_00164,MM,201110,,,500003,서울,100001,지수,102.8,지수,,서울,지수,2011년 10월
A_2024_00164,MM,201110,,,500004,경기,100001,지수,100.7,지수,,경기,지수,2011년 10월
A_2024_00164,MM,201110,,,500005,인천,100001,지수,102.2,지수,,인천,지수,2011년 10월
A_2024_00164,MM,201110,,,510004,강북지역,100001,지수,103.1,지수,,서울>강북지역,지수,2011년 10월
A_2024_00164,MM,201110,,,510005,강남지역,100001,지수,102.5,지수,,서울>강남지역,지수,2011년 10월
A_2024_00164,MM,201111,,,500002,수도권,100001,지수,101.8,지수,,수도권,지수,2011년 11월
A_2024_00164,MM,201111,,,500003,서울,100001,지수,102.3,지수,,서울,지수,2011년 11월
A_2024_00164,MM,201111,,,500004,경기,100001,지수,101.2,지수,,경기,지수,2011년 11월
A_2024_00164,MM,201111,,,500005,인천,100001,지수,101.9,지수,,인천,지수,2011년 11월
A_2024_00164,MM,201111,,,510004,강북지역,100001,지수,102.4,지수,,서울>강북지역,지수,2011년 11월
A_2024_00164,MM,201111,,,510005,강남지역,100001,지수,102.3,지수,,서울>강남지역,지수,2011년 11월
A_2024_00164,MM,201112,,,500002,수도권,100001,지수,101.4,지수,,수도권,지수,2011년 12월
A_2024_00164,MM,201112,,,500003,서울,100001,지수,101.8,지수,,서울,지수,2011년 12월
A_2024_00164,MM,201112,,,500004,경기,100001,지수,100.9,지수,,경기,지수,2011년 12월
A_2024_00164,MM,201112,,,500005,인천,100001,지수,101.5,지수,,인천,지수,2011년 12월
A_2024_00164,MM,201112,,,510004,강북지역,100001,지수,101.5,지수,,서울>강북지역,지수,2011년 12월
A_2024_00164,MM,201112,,,510005,강남지역,100001,지수,102,지수,,서울>강남지역,지수,2011년 12월
A_2024_00164,MM,201201,,,500002,수도권,100001,지수,101.2,지수,,수도권,지수,2012년 1월
A_2024_00164,MM,201201,,,500003,서울,100001,지수,101.5,지수,,서울,지수,2012년 1월
A_2024_00164,MM,201201,,,500004,경기,100001,지수,100.9,지수,,경기,지수,2012년 1월
A_2024_00164,MM,201201,,,500005,인천,100001,지수,101.2,지수,,인천,지수,2012년 1월
A_2024_00164,MM,201201,,,510004,강북지역,100001,지수,101,지수,,서울>강북지역,지수,2012년 1월
A_2024_00164,MM,201201,,,510005,강남지역,100001,지수,101.9,지수,,서울>강남지역,지수,2012년 1월
A_2024_00164,MM,201202,,,500002,수도권,100001,지수,101.3,지수,,수도권,지수,2012년 2월
A_2024_00164,MM,201202,,,500003,서울,100001,지수,101.6,지수,,서울,지수,2012년 2월
A_2024_00164,MM,201202,,,500004,경기,100001,지수,101,지수,,경기,지수,2012년 2월
A_2024_00164,MM,201202,,,500005,인천,100001,지수,100.8,지수,,인천,지수,2012년 2월
A_2024_00164,MM,201202,,,510004,강북지역,100001,지수,101.4,지수,,서울>강북지역,지수,2012년 2월
A_2024_00164,MM,201202,,,510005,강남지역,100001,지수,101.8,지수,,서울>강남지역,지수,2012년 2월
A_2024_00164,MM,201203,,,500002,수도권,100001,지수,101.2,지수,,수도권,지수,2012년 3월
A_2024_00164,MM,201203,,,500003,서울,100001,지수,101.4,지수,,서울,지수,2012년 3월
A_2024_00164,MM,201203,,,500004,경기,100001,지수,101.1,지수,,경기,지수,2012년 3월
A_2024_00164,MM,201203,,,500005,인천,100001,지수,100.6,지수,,인천,지수,2012년 3월
A_2024_00164,MM,201203,,,510004,강북지역,100001,지수,101.2,지수,,서울>강북지역,지수,2012년 3월
A_2024_00164,MM,201203,,,510005,강남지역,100001,지수,101.6,지수,,서울>강남지역,지수,2012년 3월
A_2024_00164,MM,201204,,,500002,수도권,100001,지수,100.6,지수,,수도권,지수,2012년 4월
A_2024_00164,MM,201204,,,500003,서울,100001,지수,100.8,지수,,서울,지수,2012년 4월
A_2024_00164,MM,201204,,,500004,경기,100001,지수,100.4,지수,,경기,지수,2012년 4월
A_2024_00164,MM,201204,,,500005,인천,100001,지수,100.3,지수,,인천,지수,2012년 4월
A_2024_00164,MM,201204,,,510004,강북지역,100001,지수,100.9,지수,,서울>강북지역,지수,2012년 4월
A_2024_00164,MM,201204,,,510005,강남지역,100001,지수,100.7,지수,,서울>강남지역,지수,2012년 4월
A_2024_00164,MM,201205,,,500001,8개시도,100001,지수,100,지수,,8개시도,지수,2012년 5월
A_2024_00164,MM,201205,,,500002,수도권,100001,지수,100.1,지수,,수도권,지수,2012년 5월
A_2024_00164,MM,201205,,,500003,서울,100001,지수,100.2,지수,,서울,지수,2012년 5월
A_2024_00164,MM,201205,,,500004,경기,100001,지수,99.9,지수,,경기,지수,2012년 5월
A_2024_00164,MM,201205,,,500005,인천,100001,지수,100,지수,,인천,지수,2012년 5월
A_2024_00164,MM,201205,,,500006,5대광역시,100001,지수,99.8,지수,,5대광역시,지수,2012년 5월
A_2024_00164,MM,201205,,,500007,부산,100001,지수,100.1,지수,,부산,지수,2012년 5월
A_2024_00164,MM,201205,,,500008,대구,100001,지수,99.8,지수,,대구,지수,2012년 5월
A_2024_00164,MM,201205,,,500009,광주,100001,지수,99.4,지수,,광주,지수,2012년 5월
A_2024_00164,MM,201205,,,500010,대전,100001,지수,100.3,지수,,대전,지수,2012년 5월
A_2024_00164,MM,201205,,,500011,울산,100001,지수,99.5,지수,,울산,지수,2012년 5월
A_2024_00164,MM,201205,,,510004,강북지역,100001,지수,100.4,지수,,서울>강북지역,지수,2012년 5월
A_2024_00164,MM,201205,,,510005,강남지역,100001,지수,100,지수,,서울>강남지역,지수,2012년 5월
A_2024_00164,MM,201206,,,500001,8개시도,100001,지수,100,지수,,8개시도,지수,2012년 6월
A_2024_00164,MM,201206,,,500002,수도권,100001,지수,100,지수,,수도권,지수,2012년 6월
A_2024_00164,MM,201206,,,500003,서울,100001,지수,100,지수,,서울,지수,2012년 6월
A_2024_00164,MM,201206,,,500004,경기,100001,지수,100,지수,,경기,지수,2012년 6월
A_2024_00164,MM,201206,,,500005,인천,100001,지수,100,지수,,인천,지수,2012년 6월
A_2024_00164,MM,201206,,,500006,5대광역시,100001,지수,100,지수,,5대광역시,지수,2012년 6월
A_2024_00164,MM,201206,,,500007,부산,100001,지수,100,지수,,부산,지수,2012년 6월
A_2024_00164,MM,201206,,,500008,대구,100001,지수,100,지수,,대구,지수,2012년 6월
A_2024_00164,MM,201206,,,500009,광주,100001,지수,100,지수,,광주,지수,2012년 6월
A_2024_00164,MM,201206,,,500010,대전,100001,지수,100,지수,,대전,지수,2012년 6월
A_2024_00164,MM,201206,,,500011,울산,100001,지수,100,지수,,울산,지수,2012년 6월
A_2024_00164,MM,201206,,,510004,강북지역,100001,지수,100,지수,,서울>강북지역,지수,2012년 6월
A_2024_00164,MM,201206,,,510005,강남지역,100001,지수,100,지수,,서울>강남지역,지수,2012년 6월
A_2024_00164,MM,201207,,,500001,8개시도,100001,지수,99.8,지수,,8개시도,지수,2012년 7월
A_2024_00164,MM,201207,,,500002,수도권,100001,지수,99.6,지수,,수도권,지수,2012년 7월
A_2024_00164,MM,201207,,,500003,서울,100001,지수,99.6,지수,,서울,지수,2012년 7월
A_2024_00164,MM,201207,,,500004,경기,100001,지수,99.4,지수,,경기,지수,2012년 7월
A_2024_00164,MM,201207,,,500005,인천,100001,지수,100,지수,,인천,지수,2012년 7월
A_2024_00164,MM,201207,,,500006,5대광역시,100001,지수,100.1,지수,,5대광역시,지수,2012년 7월
A_2024_00164,MM,201207,,,500007,부산,100001,지수,100.2,지수,,부산,지수,2012년 7월
A_2024_00164,MM,201207,,,500008,대구,100001,지수,100.3,지수,,대구,지수,2012년 7월
A_2024_00164,MM,201207,,,500009,광주,100001,지수,100.2,지수,,광주,지수,2012년 7월
A_2024_00164,MM,201207,,,500010,대전,100001,지수,99.7,지수,,대전,지수,2012년 7월
A_2024_00164,MM,201207,,,500011,울산,100001,지수,100.5,지수,,울산,지수,2012년 7월
A_2024_00164,MM,201207,,,510004,강북지역,100001,지수,99.7,지수,,서울>강북지역,지수,2012년 7월
A_2024_00164,MM,201207,,,510005,강남지역,100001,지수,99.4,지수,,서울>강남지역,지수,2012년 7월
A_2024_00164,MM,201208,,,500001,8개시도,100001,지수,99.8,지수,,8개시도,지수,2012년 8월
A_2024_00164,MM,201208,,,500002,수도권,100001,지수,99.5,지수,,수도권,지수,2012년 8월
A_2024_00164,MM,201208,,,500003,서울,100001,지수,99.4,지수,,서울,지수,2012년 8월
A_2024_00164,MM,201208,,,500004,경기,100001,지수,99.4,지수,,경기,지수,2012년 8월
A_2024_00164,MM,201208,,,500005,인천,100001,지수,100,지수,,인천,지수,2012년 8월
A_2024_00164,MM,201208,,,500006,5대광역시,100001,지수,100.1,지수,,5대광역시,지수,2012년 8월
A_2024_00164,MM,201208,,,500007,부산,100001,지수,99.5,지수,,부산,지수,2012년 8월
A_2024_00164,MM,201208,,,500008,대구,100001,지수,100.5,지수,,대구,지수,2012년 8월
A_2024_00164,MM,201208,,,500009,광주,100001,지수,100.3,지수,,광주,지수,2012년 8월
A_2024_00164,MM,201208,,,500010,대전,100001,지수,99.6,지수,,대전,지수,2012년 8월
A_2024_00164,MM,201208,,,500011,울산,100001,지수,101.2,지수,,울산,지수,2012년 8월
A_2024_00164,MM,201208,,,510004,강북지역,100001,지수,99.9,지수,,서울>강북지역,지수,2012년 8월
A_2024_00164,MM,201208,,,510005,강남지역,100001,지수,99,지수,,서울>강남지역,지수,2012년 8월
A_2024_00164,MM,201209,,,500001,8개시도,100001,지수,100.1,지수,,8개시도,지수,2012년 9월
A_2024_00164,MM,201209,,,500002,수도권,100001,지수,100.1,지수,,수도권,지수,2012년 9월
A_2024_00164,MM,201209,,,500003,서울,100001,지수,99.7,지수,,서울,지수,2012년 9월
A_2024_00164,MM,201209,,,500004,경기,100001,지수,100.5,지수,,경기,지수,2012년 9월
A_2024_00164,MM,201209,,,500005,인천,100001,지수,100.5,지수,,인천,지수,2012년 9월
A_2024_00164,MM,201209,,,500006,5대광역시,100001,지수,100.2,지수,,5대광역시,지수,2012년 9월
A_2024_00164,MM,201209,,,500007,부산,100001,지수,99.5,지수,,부산,지수,2012년 9월
A_2024_00164,MM,201209,,,500008,대구,100001,지수,100.8,지수,,대구,지수,2012년 9월
A_2024_00164,MM,201209,,,500009,광주,100001,지수,100.2,지수,,광주,지수,2012년 9월
A_2024_00164,MM,201209,,,500010,대전,100001,지수,100,지수,,대전,지수,2012년 9월
A_2024_00164,MM,201209,,,500011,울산,100001,지수,101.6,지수,,울산,지수,2012년 9월
A_2024_00164,MM,201209,,,510004,강북지역,100001,지수,100.1,지수,,서울>강북지역,지수,2012년 9월
A_2024_00164,MM,201209,,,510005,강남지역,100001,지수,99.3,지수,,서울>강남지역,지수,2012년 9월
A_2024_00164,MM,201210,,,500001,8개시도,100001,지수,100.5,지수,,8개시도,지수,2012년 10월
A_2024_00164,MM,201210,,,500002,수도권,100001,지수,100.4,지수,,수도권,지수,2012년 10월
A_2024_00164,MM,201210,,,500003,서울,100001,지수,100,지수,,서울,지수,2012년 10월
A_2024_00164,MM,201210,,,500004,경기,100001,지수,101,지수,,경기,지수,2012년 10월
A_2024_00164,MM,201210,,,500005,인천,100001,지수,100.4,지수,,인천,지수,2012년 10월
A_2024_00164,MM,201210,,,500006,5대광역시,100001,지수,100.5,지수,,5대광역시,지수,2012년 10월
A_2024_00164,MM,201210,,,500007,부산,100001,지수,99.5,지수,,부산,지수,2012년 10월
A_2024_00164,MM,201210,,,500008,대구,100001,지수,101,지수,,대구,지수,2012년 10월
A_2024_00164,MM,201210,,,500009,광주,100001,지수,100.5,지수,,광주,지수,2012년 10월
A_2024_00164,MM,201210,,,500010,대전,100001,지수,101,지수,,대전,지수,2012년 10월
A_2024_00164,MM,201210,,,500011,울산,100001,지수,101.8,지수,,울산,지수,2012년 10월
A_2024_00164,MM,201210,,,510004,강북지역,100001,지수,100.1,지수,,서울>강북지역,지수,2012년 10월
A_2024_00164,MM,201210,,,510005,강남지역,100001,지수,100,지수,,서울>강남지역,지수,2012년 10월
A_2024_00164,MM,201211,,,500001,8개시도,100001,지수,100.8,지수,,8개시도,지수,2012년 11월
A_2024_00164,MM,201211,,,500002,수도권,100001,지수,100.6,지수,,수도권,지수,2012년 11월
A_2024_00164,MM,201211,,,500003,서울,100001,지수,100.5,지수,,서울,지수,2012년 11월
A_2024_00164,MM,201211,,,500004,경기,100001,지수,101.1,지수,,경기,지수,2012년 11월
A_2024_00164,MM,201211,,,500005,인천,100001,지수,100.1,지수,,인천,지수,2012년 11월
A_2024_00164,MM,201211,,,500006,5대광역시,100001,지수,101,지수,,5대광역시,지수,2012년 11월
A_2024_00164,MM,201211,,,500007,부산,100001,지수,99.3,지수,,부산,지수,2012년 11월
A_2024_00164,MM,201211,,,500008,대구,100001,지수,102.1,지수,,대구,지수,2012년 11월
A_2024_00164,MM,201211,,,500009,광주,100001,지수,100.7,지수,,광주,지수,2012년 11월
A_2024_00164,MM,201211,,,500010,대전,100001,지수,101.8,지수,,대전,지수,2012년 11월
A_2024_00164,MM,201211,,,500011,울산,100001,지수,102.1,지수,,울산,지수,2012년 11월
A_2024_00164,MM,201211,,,510004,강북지역,100001,지수,100.3,지수,,서울>강북지역,지수,2012년 11월
A_2024_00164,MM,201211,,,510005,강남지역,100001,지수,100.6,지수,,서울>강남지역,지수,2012년 11월
A_2024_00164,MM,201212,,,500001,8개시도,100001,지수,101,지수,,8개시도,지수,2012년 12월
A_2024_00164,MM,201212,,,500002,수도권,100001,지수,100.7,지수,,수도권,지수,2012년 12월
A_2024_00164,MM,201212,,,500003,서울,100001,지수,100.4,지수,,서울,지수,2012년 12월
A_2024_00164,MM,201212,,,500004,경기,100001,지수,101.6,지수,,경기,지수,2012년 12월
A_2024_00164,MM,201212,,,500005,인천,100001,지수,100,지수,,인천,지수,2012년 12월
A_2024_00164,MM,201212,,,500006,5대광역시,100001,지수,101.4,지수,,5대광역시,지수,2012년 12월
A_2024_00164,MM,201212,,,500007,부산,100001,지수,99,지수,,부산,지수,2012년 12월
A_2024_00164,MM,201212,,,500008,대구,100001,지수,103.1,지수,,대구,지수,2012년 12월
A_2024_00164,MM,201212,,,500009,광주,100001,지수,101.2,지수,,광주,지수,2012년 12월
A_2024_00164,MM,201212,,,500010,대전,100001,지수,102.4,지수,,대전,지수,2012년 12월
A_2024_00164,MM,201212,,,500011,울산,100001,지수,102.4,지수,,울산,지수,2012년 12월
A_2024_00164,MM,201212,,,510004,강북지역,100001,지수,100.4,지수,,서울>강북지역,지수,2012년 12월
A_2024_00164,MM,201212,,,510005,강남지역,100001,지수,100.4,지수,,서울>강남지역,지수,2012년 12월
A_2024_00164,MM,201301,,,500001,8개시도,100001,지수,101,지수,,8개시도,지수,2013년 1월
A_2024_00164,MM,201301,,,500002,수도권,100001,지수,100.7,지수,,수도권,지수,2013년 1월
A_2024_00164,MM,201301,,,500003,서울,100001,지수,100.3,지수,,서울,지수,2013년 1월
A_2024_00164,MM,201301,,,500004,경기,100001,지수,101.6,지수,,경기,지수,2013년 1월
A_2024_00164,MM,201301,,,500005,인천,100001,지수,99.8,지수,,인천,지수,2013년 1월
A_2024_00164,MM,201301,,,500006,5대광역시,100001,지수,101.5,지수,,5대광역시,지수,2013년 1월
A_2024_00164,MM,201301,,,500007,부산,100001,지수,98.9,지수,,부산,지수,2013년 1월
A_2024_00164,MM,201301,,,500008,대구,100001,지수,103.5,지수,,대구,지수,2013년 1월
A_2024_00164,MM,201301,,,500009,광주,100001,지수,101.3,지수,,광주,지수,2013년 1월
A_2024_00164,MM,201301,,,500010,대전,100001,지수,102.5,지수,,대전,지수,2013년 1월
A_2024_00164,MM,201301,,,500011,울산,100001,지수,103.1,지수,,울산,지수,2013년 1월
A_2024_00164,MM,201301,,,510004,강북지역,100001,지수,100.1,지수,,서울>강북지역,지수,2013년 1월
A_2024_00164,MM,201301,,,510005,강남지역,100001,지수,100.5,지수,,서울>강남지역,지수,2013년 1월
A_2024_00164,MM,201302,,,500001,8개시도,100001,지수,101.1,지수,,8개시도,지수,2013년 2월
A_2024_00164,MM,201302,,,500002,수도권,100001,지수,100.8,지수,,수도권,지수,2013년 2월
A_2024_00164,MM,201302,,,500003,서울,100001,지수,100.2,지수,,서울,지수,2013년 2월
A_2024_00164,MM,201302,,,500004,경기,100001,지수,101.9,지수,,경기,지수,2013년 2월
A_2024_00164,MM,201302,,,500005,인천,100001,지수,99.4,지수,,인천,지수,2013년 2월
A_2024_00164,MM,201302,,,500006,5대광역시,100001,지수,101.6,지수,,5대광역시,지수,2013년 2월
A_2024_00164,MM,201302,,,500007,부산,100001,지수,98.9,지수,,부산,지수,2013년 2월
A_2024_00164,MM,201302,,,500008,대구,100001,지수,103.6,지수,,대구,지수,2013년 2월
A_2024_00164,MM,201302,,,500009,광주,100001,지수,101.5,지수,,광주,지수,2013년 2월
A_2024_00164,MM,201302,,,500010,대전,100001,지수,102.9,지수,,대전,지수,2013년 2월
A_2024_00164,MM,201302,,,500011,울산,100001,지수,103.4,지수,,울산,지수,2013년 2월
A_2024_00164,MM,201302,,,510004,강북지역,100001,지수,99.7,지수,,서울>강북지역,지수,2013년 2월
A_2024_00164,MM,201302,,,510005,강남지역,100001,지수,100.6,지수,,서울>강남지역,지수,2013년 2월
A_2024_00164,MM,201303,,,500001,8개시도,100001,지수,101.2,지수,,8개시도,지수,2013년 3월
A_2024_00164,MM,201303,,,500002,수도권,100001,지수,100.8,지수,,수도권,지수,2013년 3월
A_2024_00164,MM,201303,,,500003,서울,100001,지수,100.3,지수,,서울,지수,2013년 3월
A_2024_00164,MM,201303,,,500004,경기,100001,지수,101.9,지수,,경기,지수,2013년 3월
A_2024_00164,MM,201303,,,500005,인천,100001,지수,99.4,지수,,인천,지수,2013년 3월
A_2024_00164,MM,201303,,,500006,5대광역시,100001,지수,101.7,지수,,5대광역시,지수,2013년 3월
A_2024_00164,MM,201303,,,500007,부산,100001,지수,98.6,지수,,부산,지수,2013년 3월
A_2024_00164,MM,201303,,,500008,대구,100001,지수,103.9,지수,,대구,지수,2013년 3월
A_2024_00164,MM,201303,,,500009,광주,100001,지수,102.2,지수,,광주,지수,2013년 3월
A_2024_00164,MM,201303,,,500010,대전,100001,지수,102.5,지수,,대전,지수,2013년 3월
A_2024_00164,MM,201303,,,500011,울산,100001,지수,103.8,지수,,울산,지수,2013년 3월
A_2024_00164,MM,201303,,,510004,강북지역,100001,지수,100,지수,,서울>강북지역,지수,2013년 3월
A_2024_00164,MM,201303,,,510005,강남지역,100001,지수,100.4,지수,,서울>강남지역,지수,2013년 3월
A_2024_00164,MM,201304,,,500001,8개시도,100001,지수,101.2,지수,,8개시도,지수,2013년 4월
A_2024_00164,MM,201304,,,500002,수도권,100001,지수,100.8,지수,,수도권,지수,2013년 4월
A_2024_00164,MM,201304,,,500003,서울,100001,지수,99.8,지수,,서울,지수,2013년 4월
A_2024_00164,MM,201304,,,500004,경기,100001,지수,102.1,지수,,경기,지수,2013년 4월
A_2024_00164,MM,201304,,,500005,인천,100001,지수,99.7,지수,,인천,지수,2013년 4월
A_2024_00164,MM,201304,,,500006,5대광역시,100001,지수,101.9,지수,,5대광역시,지수,2013년 4월
A_2024_00164,MM,201304,,,500007,부산,100001,지수,98.4,지수,,부산,지수,2013년 4월
A_2024_00164,MM,201304,,,500008,대구,100001,지수,104.8,지수,,대구,지수,2013년 4월
A_2024_00164,MM,201304,,,500009,광주,100001,지수,102.9,지수,,광주,지수,2013년 4월
A_2024_00164,MM,201304,,,500010,대전,100001,지수,101.8,지수,,대전,지수,2013년 4월
A_2024_00164,MM,201304,,,500011,울산,100001,지수,103.9,지수,,울산,지수,2013년 4월
A_2024_00164,MM,201304,,,510004,강북지역,100001,지수,99.5,지수,,서울>강북지역,지수,2013년 4월
A_2024_00164,MM,201304,,,510005,강남지역,100001,지수,100,지수,,서울>강남지역,지수,2013년 4월
A_2024_00164,MM,201305,,,500001,8개시도,100001,지수,101.1,지수,,8개시도,지수,2013년 5월
A_2024_00164,MM,201305,,,500002,수도권,100001,지수,100.6,지수,,수도권,지수,2013년 5월
A_2024_00164,MM,201305,,,500003,서울,100001,지수,99.4,지수,,서울,지수,2013년 5월
A_2024_00164,MM,201305,,,500004,경기,100001,지수,102,지수,,경기,지수,2013년 5월
A_2024_00164,MM,201305,,,500005,인천,100001,지수,99.7,지수,,인천,지수,2013년 5월
A_2024_00164,MM,201305,,,500006,5대광역시,100001,지수,101.9,지수,,5대광역시,지수,2013년 5월
A_2024_00164,MM,201305,,,500007,부산,100001,지수,98.4,지수,,부산,지수,2013년 5월
A_2024_00164,MM,201305,,,500008,대구,100001,지수,105,지수,,대구,지수,2013년 5월
A_2024_00164,MM,201305,,,500009,광주,100001,지수,103.1,지수,,광주,지수,2013년 5월
A_2024_00164,MM,201305,,,500010,대전,100001,지수,101.2,지수,,대전,지수,2013년 5월
A_2024_00164,MM,201305,,,500011,울산,100001,지수,104.1,지수,,울산,지수,2013년 5월
A_2024_00164,MM,201305,,,510004,강북지역,100001,지수,99.1,지수,,서울>강북지역,지수,2013년 5월
A_2024_00164,MM,201305,,,510005,강남지역,100001,지수,99.7,지수,,서울>강남지역,지수,2013년 5월
A_2024_00164,MM,201306,,,500001,8개시도,100001,지수,100.9,지수,,8개시도,지수,2013년 6월
A_2024_00164,MM,201306,,,500002,수도권,100001,지수,100.3,지수,,수도권,지수,2013년 6월
A_2024_00164,MM,201306,,,500003,서울,100001,지수,98.7,지수,,서울,지수,2013년 6월
A_2024_00164,MM,201306,,,500004,경기,100001,지수,102,지수,,경기,지수,2013년 6월
A_2024_00164,MM,201306,,,500005,인천,100001,지수,99.6,지수,,인천,지수,2013년 6월
A_2024_00164,MM,201306,,,500006,5대광역시,100001,지수,101.9,지수,,5대광역시,지수,2013년 6월
A_2024_00164,MM,201306,,,500007,부산,100001,지수,98,지수,,부산,지수,2013년 6월
A_2024_00164,MM,201306,,,500008,대구,100001,지수,105.2,지수,,대구,지수,2013년 6월
A_2024_00164,MM,201306,,,500009,광주,100001,지수,103.3,지수,,광주,지수,2013년 6월
A_2024_00164,MM,201306,,,500010,대전,100001,지수,101.1,지수,,대전,지수,2013년 6월
A_2024_00164,MM,201306,,,500011,울산,100001,지수,104.6,지수,,울산,지수,2013년 6월
A_2024_00164,MM,201306,,,510004,강북지역,100001,지수,98.3,지수,,서울>강북지역,지수,2013년 6월
A_2024_00164,MM,201306,,,510005,강남지역,100001,지수,99,지수,,서울>강남지역,지수,2013년 6월
A_2024_00164,MM,201307,,,500001,8개시도,100001,지수,100.8,지수,,8개시도,지수,2013년 7월
A_2024_00164,MM,201307,,,500002,수도권,100001,지수,100.2,지수,,수도권,지수,2013년 7월
A_2024_00164,MM,201307,,,500003,서울,100001,지수,98.1,지수,,서울,지수,2013년 7월
A_2024_00164,MM,201307,,,500004,경기,100001,지수,102.1,지수,,경기,지수,2013년 7월
A_2024_00164,MM,201307,,,500005,인천,100001,지수,99.5,지수,,인천,지수,2013년 7월
A_2024_00164,MM,201307,,,500006,5대광역시,100001,지수,101.9,지수,,5대광역시,지수,2013년 7월
A_2024_00164,MM,201307,,,500007,부산,100001,지수,97.7,지수,,부산,지수,2013년 7월
A_2024_00164,MM,201307,,,500008,대구,100001,지수,105.7,지수,,대구,지수,2013년 7월
A_2024_00164,MM,201307,,,500009,광주,100001,지수,103.4,지수,,광주,지수,2013년 7월
A_2024_00164,MM,201307,,,500010,대전,100001,지수,100.9,지수,,대전,지수,2013년 7월
A_2024_00164,MM,201307,,,500011,울산,100001,지수,104.8,지수,,울산,지수,2013년 7월
A_2024_00164,MM,201307,,,510004,강북지역,100001,지수,97.7,지수,,서울>강북지역,지수,2013년 7월
A_2024_00164,MM,201307,,,510005,강남지역,100001,지수,98.5,지수,,서울>강남지역,지수,2013년 7월
A_2024_00164,MM,201308,,,500001,8개시도,100001,지수,100.7,지수,,8개시도,지수,2013년 8월
A_2024_00164,MM,201308,,,500002,수도권,100001,지수,100,지수,,수도권,지수,2013년 8월
A_2024_00164,MM,201308,,,500003,서울,100001,지수,97.6,지수,,서울,지수,2013년 8월
A_2024_00164,MM,201308,,,500004,경기,100001,지수,102.2,지수,,경기,지수,2013년 8월
A_2024_00164,MM,201308,,,500005,인천,100001,지수,99.7,지수,,인천,지수,2013년 8월
A_2024_00164,MM,201308,,,500006,5대광역시,100001,지수,101.8,지수,,5대광역시,지수,2013년 8월
A_2024_00164,MM,201308,,,500007,부산,100001,지수,97.7,지수,,부산,지수,2013년 8월
A_2024_00164,MM,201308,,,500008,대구,100001,지수,106,지수,,대구,지수,2013년 8월
A_2024_00164,MM,201308,,,500009,광주,100001,지수,103.4,지수,,광주,지수,2013년 8월
A_2024_00164,MM,201308,,,500010,대전,100001,지수,100,지수,,대전,지수,2013년 8월
A_2024_00164,MM,201308,,,500011,울산,100001,지수,104.7,지수,,울산,지수,2013년 8월
A_2024_00164,MM,201308,,,510004,강북지역,100001,지수,97.1,지수,,서울>강북지역,지수,2013년 8월
A_2024_00164,MM,201308,,,510005,강남지역,100001,지수,98.1,지수,,서울>강남지역,지수,2013년 8월
A_2024_00164,MM,201309,,,500001,8개시도,100001,지수,100.5,지수,,8개시도,지수,2013년 9월
A_2024_00164,MM,201309,,,500002,수도권,100001,지수,99.8,지수,,수도권,지수,2013년 9월
A_2024_00164,MM,201309,,,500003,서울,100001,지수,97.2,지수,,서울,지수,2013년 9월
A_2024_00164,MM,201309,,,500004,경기,100001,지수,102.1,지수,,경기,지수,2013년 9월
A_2024_00164,MM,201309,,,500005,인천,100001,지수,99.5,지수,,인천,지수,2013년 9월
A_2024_00164,MM,201309,,,500006,5대광역시,100001,지수,101.6,지수,,5대광역시,지수,2013년 9월
A_2024_00164,MM,201309,,,500007,부산,100001,지수,97.4,지수,,부산,지수,2013년 9월
A_2024_00164,MM,201309,,,500008,대구,100001,지수,106,지수,,대구,지수,2013년 9월
A_2024_00164,MM,201309,,,500009,광주,100001,지수,103.7,지수,,광주,지수,2013년 9월
A_2024_00164,MM,201309,,,500010,대전,100001,지수,99.5,지수,,대전,지수,2013년 9월
A_2024_00164,MM,201309,,,500011,울산,100001,지수,104.6,지수,,울산,지수,2013년 9월
A_2024_00164,MM,201309,,,510004,강북지역,100001,지수,96.6,지수,,서울>강북지역,지수,2013년 9월
A_2024_00164,MM,201309,,,510005,강남지역,100001,지수,97.6,지수,,서울>강남지역,지수,2013년 9월
A_2024_00164,MM,201310,,,500001,8개시도,100001,지수,100.5,지수,,8개시도,지수,2013년 10월
A_2024_00164,MM,201310,,,500002,수도권,100001,지수,99.9,지수,,수도권,지수,2013년 10월
A_2024_00164,MM,201310,,,500003,서울,100001,지수,97.1,지수,,서울,지수,2013년 10월
A_2024_00164,MM,201310,,,500004,경기,100001,지수,102.2,지수,,경기,지수,2013년 10월
A_2024_00164,MM,201310,,,500005,인천,100001,지수,100,지수,,인천,지수,2013년 10월
A_2024_00164,MM,201310,,,500006,5대광역시,100001,지수,101.6,지수,,5대광역시,지수,2013년 10월
A_2024_00164,MM,201310,,,500007,부산,100001,지수,97.4,지수,,부산,지수,2013년 10월
A_2024_00164,MM,201310,,,500008,대구,100001,지수,106.3,지수,,대구,지수,2013년 10월
A_2024_00164,MM,201310,,,500009,광주,100001,지수,103.8,지수,,광주,지수,2013년 10월
A_2024_00164,MM,201310,,,500010,대전,100001,지수,98.9,지수,,대전,지수,2013년 10월
A_2024_00164,MM,201310,,,500011,울산,100001,지수,104.3,지수,,울산,지수,2013년 10월
A_2024_00164,MM,201310,,,510004,강북지역,100001,지수,96.6,지수,,서울>강북지역,지수,2013년 10월
A_2024_00164,MM,201310,,,510005,강남지역,100001,지수,97.5,지수,,서울>강남지역,지수,2013년 10월
A_2024_00164,MM,201311,,,500001,8개시도,100001,지수,100.6,지수,,8개시도,지수,2013년 11월
A_2024_00164,MM,201311,,,500002,수도권,100001,지수,99.9,지수,,수도권,지수,2013년 11월
A_2024_00164,MM,201311,,,500003,서울,100001,지수,97.1,지수,,서울,지수,2013년 11월
A_2024_00164,MM,201311,,,500004,경기,100001,지수,102.2,지수,,경기,지수,2013년 11월
A_2024_00164,MM,201311,,,500005,인천,100001,지수,99.9,지수,,인천,지수,2013년 11월
A_2024_00164,MM,201311,,,500006,5대광역시,100001,지수,101.7,지수,,5대광역시,지수,2013년 11월
A_2024_00164,MM,201311,,,500007,부산,100001,지수,97.4,지수,,부산,지수,2013년 11월
A_2024_00164,MM,201311,,,500008,대구,100001,지수,106.5,지수,,대구,지수,2013년 11월
A_2024_00164,MM,201311,,,500009,광주,100001,지수,103.9,지수,,광주,지수,2013년 11월
A_2024_00164,MM,201311,,,500010,대전,100001,지수,98.9,지수,,대전,지수,2013년 11월
A_2024_00164,MM,201311,,,500011,울산,100001,지수,104.2,지수,,울산,지수,2013년 11월
A_2024_00164,MM,201311,,,510004,강북지역,100001,지수,96.8,지수,,서울>강북지역,지수,2013년 11월
A_2024_00164,MM,201311,,,510005,강남지역,100001,지수,97.3,지수,,서울>강남지역,지수,2013년 11월
A_2024_00164,MM,201312,,,500001,8개시도,100001,지수,100.5,지수,,8개시도,지수,2013년 12월
A_2024_00164,MM,201312,,,500002,수도권,100001,지수,99.8,지수,,수도권,지수,2013년 12월
A_2024_00164,MM,201312,,,500003,서울,100001,지수,96.9,지수,,서울,지수,2013년 12월
A_2024_00164,MM,201312,,,500004,경기,100001,지수,102.2,지수,,경기,지수,2013년 12월
A_2024_00164,MM,201312,,,500005,인천,100001,지수,99.5,지수,,인천,지수,2013년 12월
A_2024_00164,MM,201312,,,500006,5대광역시,100001,지수,101.7,지수,,5대광역시,지수,2013년 12월
A_2024_00164,MM,201312,,,500007,부산,100001,지수,97.3,지수,,부산,지수,2013년 12월
A_2024_00164,MM,201312,,,500008,대구,100001,지수,106.7,지수,,대구,지수,2013년 12월
A_2024_00164,MM,201312,,,500009,광주,100001,지수,103.8,지수,,광주,지수,2013년 12월
A_2024_00164,MM,201312,,,500010,대전,100001,지수,99.4,지수,,대전,지수,2013년 12월
A_2024_00164,MM,201312,,,500011,울산,100001,지수,104.1,지수,,울산,지수,2013년 12월
A_2024_00164,MM,201312,,,510004,강북지역,100001,지수,96.7,지수,,서울>강북지역,지수,2013년 12월
A_2024_00164,MM,201312,,,510005,강남지역,100001,지수,97.1,지수,,서울>강남지역,지수,2013년 12월
A_2024_00164,MM,201401,,,500001,8개시도,100001,지수,100.3,지수,,8개시도,지수,2014년 1월
A_2024_00164,MM,201401,,,500002,수도권,100001,지수,99.5,지수,,수도권,지수,2014년 1월
A_2024_00164,MM,201401,,,500003,서울,100001,지수,96.7,지수,,서울,지수,2014년 1월
A_2024_00164,MM,201401,,,500004,경기,100001,지수,101.9,지수,,경기,지수,2014년 1월
A_2024_00164,MM,201401,,,500005,인천,100001,지수,99.5,지수,,인천,지수,2014년 1월
A_2024_00164,MM,201401,,,500006,5대광역시,100001,지수,101.7,지수,,5대광역시,지수,2014년 1월
A_2024_00164,MM,201401,,,500007,부산,100001,지수,97.2,지수,,부산,지수,2014년 1월
A_2024_00164,MM,201401,,,500008,대구,100001,지수,106.9,지수,,대구,지수,2014년 1월
A_2024_00164,MM,201401,,,500009,광주,100001,지수,103.9,지수,,광주,지수,2014년 1월
A_2024_00164,MM,201401,,,500010,대전,100001,지수,99.1,지수,,대전,지수,2014년 1월
A_2024_00164,MM,201401,,,500011,울산,100001,지수,104.1,지수,,울산,지수,2014년 1월
A_2024_00164,MM,201401,,,510004,강북지역,100001,지수,96.5,지수,,서울>강북지역,지수,2014년 1월
A_2024_00164,MM,201401,,,510005,강남지역,100001,지수,96.8,지수,,서울>강남지역,지수,2014년 1월
A_2024_00164,MM,201402,,,500001,8개시도,100001,지수,100.2,지수,,8개시도,지수,2014년 2월
A_2024_00164,MM,201402,,,500002,수도권,100001,지수,99.3,지수,,수도권,지수,2014년 2월
A_2024_00164,MM,201402,,,500003,서울,100001,지수,96.4,지수,,서울,지수,2014년 2월
A_2024_00164,MM,201402,,,500004,경기,100001,지수,101.7,지수,,경기,지수,2014년 2월
A_2024_00164,MM,201402,,,500005,인천,100001,지수,99,지수,,인천,지수,2014년 2월
A_2024_00164,MM,201402,,,500006,5대광역시,100001,지수,101.7,지수,,5대광역시,지수,2014년 2월
A_2024_00164,MM,201402,,,500007,부산,100001,지수,97,지수,,부산,지수,2014년 2월
A_2024_00164,MM,201402,,,500008,대구,100001,지수,106.9,지수,,대구,지수,2014년 2월
A_2024_00164,MM,201402,,,500009,광주,100001,지수,104.5,지수,,광주,지수,2014년 2월
A_2024_00164,MM,201402,,,500010,대전,100001,지수,98.7,지수,,대전,지수,2014년 2월
A_2024_00164,MM,201402,,,500011,울산,100001,지수,104.2,지수,,울산,지수,2014년 2월
A_2024_00164,MM,201402,,,510004,강북지역,100001,지수,96.3,지수,,서울>강북지역,지수,2014년 2월
A_2024_00164,MM,201402,,,510005,강남지역,100001,지수,96.4,지수,,서울>강남지역,지수,2014년 2월
A_2024_00164,MM,201403,,,500001,8개시도,100001,지수,100,지수,,8개시도,지수,2014년 3월
A_2024_00164,MM,201403,,,500002,수도권,100001,지수,99.1,지수,,수도권,지수,2014년 3월
A_2024_00164,MM,201403,,,500003,서울,100001,지수,96.1,지수,,서울,지수,2014년 3월
A_2024_00164,MM,201403,,,500004,경기,100001,지수,101.6,지수,,경기,지수,2014년 3월
A_2024_00164,MM,201403,,,500005,인천,100001,지수,99,지수,,인천,지수,2014년 3월
A_2024_00164,MM,201403,,,500006,5대광역시,100001,지수,101.7,지수,,5대광역시,지수,2014년 3월
A_2024_00164,MM,201403,,,500007,부산,100001,지수,97,지수,,부산,지수,2014년 3월
A_2024_00164,MM,201403,,,500008,대구,100001,지수,106.8,지수,,대구,지수,2014년 3월
A_2024_00164,MM,201403,,,500009,광주,100001,지수,104.5,지수,,광주,지수,2014년 3월
A_2024_00164,MM,201403,,,500010,대전,100001,지수,98.4,지수,,대전,지수,2014년 3월
A_2024_00164,MM,201403,,,500011,울산,100001,지수,104.4,지수,,울산,지수,2014년 3월
A_2024_00164,MM,201403,,,510004,강북지역,100001,지수,96.1,지수,,서울>강북지역,지수,2014년 3월
A_2024_00164,MM,201403,,,510005,강남지역,100001,지수,96.1,지수,,서울>강남지역,지수,2014년 3월
A_2024_00164,MM,201404,,,500001,8개시도,100001,지수,99.8,지수,,8개시도,지수,2014년 4월
A_2024_00164,MM,201404,,,500002,수도권,100001,지수,98.8,지수,,수도권,지수,2014년 4월
A_2024_00164,MM,201404,,,500003,서울,100001,지수,95.8,지수,,서울,지수,2014년 4월
A_2024_00164,MM,201404,,,500004,경기,100001,지수,101.2,지수,,경기,지수,2014년 4월
A_2024_00164,MM,201404,,,500005,인천,100001,지수,98.9,지수,,인천,지수,2014년 4월
A_2024_00164,MM,201404,,,500006,5대광역시,100001,지수,101.6,지수,,5대광역시,지수,2014년 4월
A_2024_00164,MM,201404,,,500007,부산,100001,지수,97,지수,,부산,지수,2014년 4월
A_2024_00164,MM,201404,,,500008,대구,100001,지수,106.9,지수,,대구,지수,2014년 4월
A_2024_00164,MM,201404,,,500009,광주,100001,지수,104.5,지수,,광주,지수,2014년 4월
A_2024_00164,MM,201404,,,500010,대전,100001,지수,98,지수,,대전,지수,2014년 4월
A_2024_00164,MM,201404,,,500011,울산,100001,지수,104.3,지수,,울산,지수,2014년 4월
A_2024_00164,MM,201404,,,510004,강북지역,100001,지수,96.1,지수,,서울>강북지역,지수,2014년 4월
A_2024_00164,MM,201404,,,510005,강남지역,100001,지수,95.6,지수,,서울>강남지역,지수,2014년 4월
A_2024_00164,MM,201405,,,500001,8개시도,100001,지수,99.5,지수,,8개시도,지수,2014년 5월
A_2024_00164,MM,201405,,,500002,수도권,100001,지수,98.6,지수,,수도권,지수,2014년 5월
A_2024_00164,MM,201405,,,500003,서울,100001,지수,95.7,지수,,서울,지수,2014년 5월
A_2024_00164,MM,201405,,,500004,경기,100001,지수,100.9,지수,,경기,지수,2014년 5월
A_2024_00164,MM,201405,,,500005,인천,100001,지수,98.8,지수,,인천,지수,2014년 5월
A_2024_00164,MM,201405,,,500006,5대광역시,100001,지수,101.3,지수,,5대광역시,지수,2014년 5월
A_2024_00164,MM,201405,,,500007,부산,100001,지수,96.7,지수,,부산,지수,2014년 5월
A_2024_00164,MM,201405,,,500008,대구,100001,지수,106.9,지수,,대구,지수,2014년 5월
A_2024_00164,MM,201405,,,500009,광주,100001,지수,104.2,지수,,광주,지수,2014년 5월
A_2024_00164,MM,201405,,,500010,대전,100001,지수,97.3,지수,,대전,지수,2014년 5월
A_2024_00164,MM,201405,,,500011,울산,100001,지수,104.1,지수,,울산,지수,2014년 5월
A_2024_00164,MM,201405,,,510004,강북지역,100001,지수,95.8,지수,,서울>강북지역,지수,2014년 5월
A_2024_00164,MM,201405,,,510005,강남지역,100001,지수,95.5,지수,,서울>강남지역,지수,2014년 5월
A_2024_00164,MM,201406,,,500001,8개시도,100001,지수,99.3,지수,,8개시도,지수,2014년 6월
A_2024_00164,MM,201406,,,500002,수도권,100001,지수,98.3,지수,,수도권,지수,2014년 6월
A_2024_00164,MM,201406,,,500003,서울,100001,지수,95.5,지수,,서울,지수,2014년 6월
A_2024_00164,MM,201406,,,500004,경기,100001,지수,100.6,지수,,경기,지수,2014년 6월
A_2024_00164,MM,201406,,,500005,인천,100001,지수,98.7,지수,,인천,지수,2014년 6월
A_2024_00164,MM,201406,,,500006,5대광역시,100001,지수,101.2,지수,,5대광역시,지수,2014년 6월
A_2024_00164,MM,201406,,,500007,부산,100001,지수,96.5,지수,,부산,지수,2014년 6월
A_2024_00164,MM,201406,,,500008,대구,100001,지수,106.9,지수,,대구,지수,2014년 6월
A_2024_00164,MM,201406,,,500009,광주,100001,지수,104,지수,,광주,지수,2014년 6월
A_2024_00164,MM,201406,,,500010,대전,100001,지수,97.3,지수,,대전,지수,2014년 6월
A_2024_00164,MM,201406,,,500011,울산,100001,지수,104.1,지수,,울산,지수,2014년 6월
A_2024_00164,MM,201406,,,510004,강북지역,100001,지수,95.6,지수,,서울>강북지역,지수,2014년 6월
A_2024_00164,MM,201406,,,510005,강남지역,100001,지수,95.3,지수,,서울>강남지역,지수,2014년 6월
A_2024_00164,MM,201407,,,500001,8개시도,100001,지수,99.2,지수,,8개시도,지수,2014년 7월
A_2024_00164,MM,201407,,,500002,수도권,100001,지수,98.2,지수,,수도권,지수,2014년 7월
A_2024_00164,MM,201407,,,500003,서울,100001,지수,95.3,지수,,서울,지수,2014년 7월
A_2024_00164,MM,201407,,,500004,경기,100001,지수,100.4,지수,,경기,지수,2014년 7월
A_2024_00164,MM,201407,,,500005,인천,100001,지수,98.7,지수,,인천,지수,2014년 7월
A_2024_00164,MM,201407,,,500006,5대광역시,100001,지수,101.1,지수,,5대광역시,지수,2014년 7월
A_2024_00164,MM,201407,,,500007,부산,100001,지수,96.6,지수,,부산,지수,2014년 7월
A_2024_00164,MM,201407,,,500008,대구,100001,지수,106.6,지수,,대구,지수,2014년 7월
A_2024_00164,MM,201407,,,500009,광주,100001,지수,103.8,지수,,광주,지수,2014년 7월
A_2024_00164,MM,201407,,,500010,대전,100001,지수,97,지수,,대전,지수,2014년 7월
A_2024_00164,MM,201407,,,500011,울산,100001,지수,104.2,지수,,울산,지수,2014년 7월
A_2024_00164,MM,201407,,,510004,강북지역,100001,지수,95.7,지수,,서울>강북지역,지수,2014년 7월
A_2024_00164,MM,201407,,,510005,강남지역,100001,지수,95.1,지수,,서울>강남지역,지수,2014년 7월
A_2024_00164,MM,201408,,,500001,8개시도,100001,지수,99.1,지수,,8개시도,지수,2014년 8월
A_2024_00164,MM,201408,,,500002,수도권,100001,지수,98,지수,,수도권,지수,2014년 8월
A_2024_00164,MM,201408,,,500003,서울,100001,지수,95.1,지수,,서울,지수,2014년 8월
A_2024_00164,MM,201408,,,500004,경기,100001,지수,100.2,지수,,경기,지수,2014년 8월
A_2024_00164,MM,201408,,,500005,인천,100001,지수,98.6,지수,,인천,지수,2014년 8월
A_2024_00164,MM,201408,,,500006,5대광역시,100001,지수,101.1,지수,,5대광역시,지수,2014년 8월
A_2024_00164,MM,201408,,,500007,부산,100001,지수,96.5,지수,,부산,지수,2014년 8월
A_2024_00164,MM,201408,,,500008,대구,100001,지수,106.8,지수,,대구,지수,2014년 8월
A_2024_00164,MM,201408,,,500009,광주,100001,지수,103.9,지수,,광주,지수,2014년 8월
A_2024_00164,MM,201408,,,500010,대전,100001,지수,97,지수,,대전,지수,2014년 8월
A_2024_00164,MM,201408,,,500011,울산,100001,지수,104.6,지수,,울산,지수,2014년 8월
A_2024_00164,MM,201408,,,510004,강북지역,100001,지수,95.4,지수,,서울>강북지역,지수,2014년 8월
A_2024_00164,MM,201408,,,510005,강남지역,100001,지수,94.8,지수,,서울>강남지역,지수,2014년 8월
A_2024_00164,MM,201409,,,500001,8개시도,100001,지수,99,지수,,8개시도,지수,2014년 9월
A_2024_00164,MM,201409,,,500002,수도권,100001,지수,97.9,지수,,수도권,지수,2014년 9월
A_2024_00164,MM,201409,,,500003,서울,100001,지수,95,지수,,서울,지수,2014년 9월
A_2024_00164,MM,201409,,,500004,경기,100001,지수,100.1,지수,,경기,지수,2014년 9월
A_2024_00164,MM,201409,,,500005,인천,100001,지수,98.5,지수,,인천,지수,2014년 9월
A_2024_00164,MM,201409,,,500006,5대광역시,100001,지수,101.2,지수,,5대광역시,지수,2014년 9월
A_2024_00164,MM,201409,,,500007,부산,100001,지수,96.5,지수,,부산,지수,2014년 9월
A_2024_00164,MM,201409,,,500008,대구,100001,지수,107.1,지수,,대구,지수,2014년 9월
A_2024_00164,MM,201409,,,500009,광주,100001,지수,103.8,지수,,광주,지수,2014년 9월
A_2024_00164,MM,201409,,,500010,대전,100001,지수,97,지수,,대전,지수,2014년 9월
A_2024_00164,MM,201409,,,500011,울산,100001,지수,104.7,지수,,울산,지수,2014년 9월
A_2024_00164,MM,201409,,,510004,강북지역,100001,지수,95.3,지수,,서울>강북지역,지수,2014년 9월
A_2024_00164,MM,201409,,,510005,강남지역,100001,지수,94.7,지수,,서울>강남지역,지수,2014년 9월
A_2024_00164,MM,201410,,,500001,8개시도,100001,지수,98.8,지수,,8개시도,지수,2014년 10월
A_2024_00164,MM,201410,,,500002,수도권,100001,지수,97.6,지수,,수도권,지수,2014년 10월
A_2024_00164,MM,201410,,,500003,서울,100001,지수,94.7,지수,,서울,지수,2014년 10월
A_2024_00164,MM,201410,,,500004,경기,100001,지수,99.8,지수,,경기,지수,2014년 10월
A_2024_00164,MM,201410,,,500005,인천,100001,지수,98.4,지수,,인천,지수,2014년 10월
A_2024_00164,MM,201410,,,500006,5대광역시,100001,지수,101.1,지수,,5대광역시,지수,2014년 10월
A_2024_00164,MM,201410,,,500007,부산,100001,지수,96.4,지수,,부산,지수,2014년 10월
A_2024_00164,MM,201410,,,500008,대구,100001,지수,107.2,지수,,대구,지수,2014년 10월
A_2024_00164,MM,201410,,,500009,광주,100001,지수,104,지수,,광주,지수,2014년 10월
A_2024_00164,MM,201410,,,500010,대전,100001,지수,96.7,지수,,대전,지수,2014년 10월
A_2024_00164,MM,201410,,,500011,울산,100001,지수,104.7,지수,,울산,지수,2014년 10월
A_2024_00164,MM,201410,,,510004,강북지역,100001,지수,95,지수,,서울>강북지역,지수,2014년 10월
A_2024_00164,MM,201410,,,510005,강남지역,100001,지수,94.4,지수,,서울>강남지역,지수,2014년 10월
A_2024_00164,MM,201411,,,500001,8개시도,100001,지수,98.7,지수,,8개시도,지수,2014년 11월
A_2024_00164,MM,201411,,,500002,수도권,100001,지수,97.5,지수,,수도권,지수,2014년 11월
A_2024_00164,MM,201411,,,500003,서울,100001,지수,94.5,지수,,서울,지수,2014년 11월
A_2024_00164,MM,201411,,,500004,경기,100001,지수,99.6,지수,,경기,지수,2014년 11월
A_2024_00164,MM,201411,,,500005,인천,100001,지수,98.4,지수,,인천,지수,2014년 11월
A_2024_00164,MM,201411,,,500006,5대광역시,100001,지수,100.9,지수,,5대광역시,지수,2014년 11월
A_2024_00164,MM,201411,,,500007,부산,100001,지수,96.1,지수,,부산,지수,2014년 11월
A_2024_00164,MM,201411,,,500008,대구,100001,지수,107.2,지수,,대구,지수,2014년 11월
A_2024_00164,MM,201411,,,500009,광주,100001,지수,103.7,지수,,광주,지수,2014년 11월
A_2024_00164,MM,201411,,,500010,대전,100001,지수,96.5,지수,,대전,지수,2014년 11월
A_2024_00164,MM,201411,,,500011,울산,100001,지수,104.7,지수,,울산,지수,2014년 11월
A_2024_00164,MM,201411,,,510004,강북지역,100001,지수,94.9,지수,,서울>강북지역,지수,2014년 11월
A_2024_00164,MM,201411,,,510005,강남지역,100001,지수,94.2,지수,,서울>강남지역,지수,2014년 11월
A_2024_00164,MM,201412,,,500001,8개시도,100001,지수,98.6,지수,,8개시도,지수,2014년 12월
A_2024_00164,MM,201412,,,500002,수도권,100001,지수,97.4,지수,,수도권,지수,2014년 12월
A_2024_00164,MM,201412,,,500003,서울,100001,지수,94.3,지수,,서울,지수,2014년 12월
A_2024_00164,MM,201412,,,500004,경기,100001,지수,99.5,지수,,경기,지수,2014년 12월
A_2024_00164,MM,201412,,,500005,인천,100001,지수,98.6,지수,,인천,지수,2014년 12월
A_2024_00164,MM,201412,,,500006,5대광역시,100001,지수,101,지수,,5대광역시,지수,2014년 12월
A_2024_00164,MM,201412,,,500007,부산,100001,지수,96.2,지수,,부산,지수,2014년 12월
A_2024_00164,MM,201412,,,500008,대구,100001,지수,107.4,지수,,대구,지수,2014년 12월
A_2024_00164,MM,201412,,,500009,광주,100001,지수,103.8,지수,,광주,지수,2014년 12월
A_2024_00164,MM,201412,,,500010,대전,100001,지수,96.4,지수,,대전,지수,2014년 12월
A_2024_00164,MM,201412,,,500011,울산,100001,지수,104.5,지수,,울산,지수,2014년 12월
A_2024_00164,MM,201412,,,510004,강북지역,100001,지수,94.8,지수,,서울>강북지역,지수,2014년 12월
A_2024_00164,MM,201412,,,510005,강남지역,100001,지수,94,지수,,서울>강남지역,지수,2014년 12월
A_2024_00164,MM,201501,,,500001,8개시도,100001,지수,98.6,지수,,8개시도,지수,2015년 1월
A_2024_00164,MM,201501,,,500002,수도권,100001,지수,97.3,지수,,수도권,지수,2015년 1월
A_2024_00164,MM,201501,,,500003,서울,100001,지수,94.3,지수,,서울,지수,2015년 1월
A_2024_00164,MM,201501,,,500004,경기,100001,지수,99.5,지수,,경기,지수,2015년 1월
A_2024_00164,MM,201501,,,500005,인천,100001,지수,98.5,지수,,인천,지수,2015년 1월
A_2024_00164,MM,201501,,,500006,5대광역시,100001,지수,101,지수,,5대광역시,지수,2015년 1월
A_2024_00164,MM,201501,,,500007,부산,100001,지수,96.3,지수,,부산,지수,2015년 1월
A_2024_00164,MM,201501,,,500008,대구,100001,지수,107.3,지수,,대구,지수,2015년 1월
A_2024_00164,MM,201501,,,500009,광주,100001,지수,103.8,지수,,광주,지수,2015년 1월
A_2024_00164,MM,201501,,,500010,대전,100001,지수,96.5,지수,,대전,지수,2015년 1월
A_2024_00164,MM,201501,,,500011,울산,100001,지수,104.3,지수,,울산,지수,2015년 1월
A_2024_00164,MM,201501,,,510004,강북지역,100001,지수,94.7,지수,,서울>강북지역,지수,2015년 1월
A_2024_00164,MM,201501,,,510005,강남지역,100001,지수,93.9,지수,,서울>강남지역,지수,2015년 1월
A_2024_00164,MM,201502,,,500001,8개시도,100001,지수,98.6,지수,,8개시도,지수,2015년 2월
A_2024_00164,MM,201502,,,500002,수도권,100001,지수,97.3,지수,,수도권,지수,2015년 2월
A_2024_00164,MM,201502,,,500003,서울,100001,지수,94.3,지수,,서울,지수,2015년 2월
A_2024_00164,MM,201502,,,500004,경기,100001,지수,99.4,지수,,경기,지수,2015년 2월
A_2024_00164,MM,201502,,,500005,인천,100001,지수,98.5,지수,,인천,지수,2015년 2월
A_2024_00164,MM,201502,,,500006,5대광역시,100001,지수,101.1,지수,,5대광역시,지수,2015년 2월
A_2024_00164,MM,201502,,,500007,부산,100001,지수,96.3,지수,,부산,지수,2015년 2월
A_2024_00164,MM,201502,,,500008,대구,100001,지수,107.2,지수,,대구,지수,2015년 2월
A_2024_00164,MM,201502,,,500009,광주,100001,지수,104,지수,,광주,지수,2015년 2월
A_2024_00164,MM,201502,,,500010,대전,100001,지수,96.5,지수,,대전,지수,2015년 2월
A_2024_00164,MM,201502,,,500011,울산,100001,지수,104.4,지수,,울산,지수,2015년 2월
A_2024_00164,MM,201502,,,510004,강북지역,100001,지수,94.6,지수,,서울>강북지역,지수,2015년 2월
A_2024_00164,MM,201502,,,510005,강남지역,100001,지수,93.9,지수,,서울>강남지역,지수,2015년 2월
A_2024_00164,MM,201503,,,500001,8개시도,100001,지수,98.6,지수,,8개시도,지수,2015년 3월
A_2024_00164,MM,201503,,,500002,수도권,100001,지수,97.2,지수,,수도권,지수,2015년 3월
A_2024_00164,MM,201503,,,500003,서울,100001,지수,94.3,지수,,서울,지수,2015년 3월
A_2024_00164,MM,201503,,,500004,경기,100001,지수,99.2,지수,,경기,지수,2015년 3월
A_2024_00164,MM,201503,,,500005,인천,100001,지수,98.4,지수,,인천,지수,2015년 3월
A_2024_00164,MM,201503,,,500006,5대광역시,100001,지수,101.1,지수,,5대광역시,지수,2015년 3월
A_2024_00164,MM,201503,,,500007,부산,100001,지수,96.5,지수,,부산,지수,2015년 3월
A_2024_00164,MM,201503,,,500008,대구,100001,지수,107.2,지수,,대구,지수,2015년 3월
A_2024_00164,MM,201503,,,500009,광주,100001,지수,104,지수,,광주,지수,2015년 3월
A_2024_00164,MM,201503,,,500010,대전,100001,지수,96.6,지수,,대전,지수,2015년 3월
A_2024_00164,MM,201503,,,500011,울산,100001,지수,104.6,지수,,울산,지수,2015년 3월
A_2024_00164,MM,201503,,,510004,강북지역,100001,지수,94.6,지수,,서울>강북지역,지수,2015년 3월
A_2024_00164,MM,201503,,,510005,강남지역,100001,지수,94,지수,,서울>강남지역,지수,2015년 3월
A_2024_00164,MM,201504,,,500001,8개시도,100001,지수,98.5,지수,,8개시도,지수,2015년 4월
A_2024_00164,MM,201504,,,500002,수도권,100001,지수,97.1,지수,,수도권,지수,2015년 4월
A_2024_00164,MM,201504,,,500003,서울,100001,지수,94.4,지수,,서울,지수,2015년 4월
A_2024_00164,MM,201504,,,500004,경기,100001,지수,99.1,지수,,경기,지수,2015년 4월
A_2024_00164,MM,201504,,,500005,인천,100001,지수,98.4,지수,,인천,지수,2015년 4월
A_2024_00164,MM,201504,,,500006,5대광역시,100001,지수,101.2,지수,,5대광역시,지수,2015년 4월
A_2024_00164,MM,201504,,,500007,부산,100001,지수,96.4,지수,,부산,지수,2015년 4월
A_2024_00164,MM,201504,,,500008,대구,100001,지수,107.1,지수,,대구,지수,2015년 4월
A_2024_00164,MM,201504,,,500009,광주,100001,지수,104.5,지수,,광주,지수,2015년 4월
A_2024_00164,MM,201504,,,500010,대전,100001,지수,96.4,지수,,대전,지수,2015년 4월
A_2024_00164,MM,201504,,,500011,울산,100001,지수,104.7,지수,,울산,지수,2015년 4월
A_2024_00164,MM,201504,,,510004,강북지역,100001,지수,94.5,지수,,서울>강북지역,지수,2015년 4월
A_2024_00164,MM,201504,,,510005,강남지역,100001,지수,94.3,지수,,서울>강남지역,지수,2015년 4월
A_2024_00164,MM,201505,,,500001,8개시도,100001,지수,98.5,지수,,8개시도,지수,2015년 5월
A_2024_00164,MM,201505,,,500002,수도권,100001,지수,97.1,지수,,수도권,지수,2015년 5월
A_2024_00164,MM,201505,,,500003,서울,100001,지수,94.5,지수,,서울,지수,2015년 5월
A_2024_00164,MM,201505,,,500004,경기,100001,지수,98.9,지수,,경기,지수,2015년 5월
A_2024_00164,MM,201505,,,500005,인천,100001,지수,98.5,지수,,인천,지수,2015년 5월
A_2024_00164,MM,201505,,,500006,5대광역시,100001,지수,101.2,지수,,5대광역시,지수,2015년 5월
A_2024_00164,MM,201505,,,500007,부산,100001,지수,96.5,지수,,부산,지수,2015년 5월
A_2024_00164,MM,201505,,,500008,대구,100001,지수,107.1,지수,,대구,지수,2015년 5월
A_2024_00164,MM,201505,,,500009,광주,100001,지수,104.5,지수,,광주,지수,2015년 5월
A_2024_00164,MM,201505,,,500010,대전,100001,지수,96.2,지수,,대전,지수,2015년 5월
A_2024_00164,MM,201505,,,500011,울산,100001,지수,104.9,지수,,울산,지수,2015년 5월
A_2024_00164,MM,201505,,,510004,강북지역,100001,지수,94.4,지수,,서울>강북지역,지수,2015년 5월
A_2024_00164,MM,201505,,,510005,강남지역,100001,지수,94.7,지수,,서울>강남지역,지수,2015년 5월
A_2024_00164,MM,201506,,,500001,8개시도,100001,지수,98.4,지수,,8개시도,지수,2015년 6월
A_2024_00164,MM,201506,,,500002,수도권,100001,지수,97,지수,,수도권,지수,2015년 6월
A_2024_00164,MM,201506,,,500003,서울,100001,지수,94.6,지수,,서울,지수,2015년 6월
A_2024_00164,MM,201506,,,500004,경기,100001,지수,98.7,지수,,경기,지수,2015년 6월
A_2024_00164,MM,201506,,,500005,인천,100001,지수,98.5,지수,,인천,지수,2015년 6월
A_2024_00164,MM,201506,,,500006,5대광역시,100001,지수,101.1,지수,,5대광역시,지수,2015년 6월
A_2024_00164,MM,201506,,,500007,부산,100001,지수,96.5,지수,,부산,지수,2015년 6월
A_2024_00164,MM,201506,,,500008,대구,100001,지수,107.2,지수,,대구,지수,2015년 6월
A_2024_00164,MM,201506,,,500009,광주,100001,지수,104.3,지수,,광주,지수,2015년 6월
A_2024_00164,MM,201506,,,500010,대전,100001,지수,96.1,지수,,대전,지수,2015년 6월
A_2024_00164,MM,201506,,,500011,울산,100001,지수,105,지수,,울산,지수,2015년 6월
A_2024_00164,MM,201506,,,510004,강북지역,100001,지수,94.2,지수,,서울>강북지역,지수,2015년 6월
A_2024_00164,MM,201506,,,510005,강남지역,100001,지수,94.9,지수,,서울>강남지역,지수,2015년 6월
