region,월세건수_첫관측,월세건수_2021H2/2020H2(2차행),월세비중_2016,월세비중_2025,RT_mix_경계결측행,RT_mix_관측률_평가,RT_act_관측률_평가
강원,2011-02,1.38,0.479,0.458,14,0.854,0.854
경기,2011-02,1.63,0.39,0.465,14,0.854,0.854
경남,2011-02,1.14,0.436,0.475,14,0.854,0.854
경북,2011-02,2.19,0.402,0.494,14,0.854,0.854
광주,2011-02,1.44,0.472,0.503,14,0.854,0.854
대구,2011-02,1.63,0.327,0.521,14,0.854,0.854
대전,2011-02,1.51,0.357,0.509,14,0.854,0.854
부산,2011-02,1.27,0.423,0.472,14,0.854,0.854
서울,2011-02,1.55,0.35,0.442,14,0.854,0.854
세종,2011-02,2.13,0.4,0.485,14,0.854,0.854
울산,2011-02,1.85,0.356,0.508,14,0.854,0.854
인천,2011-02,1.35,0.381,0.468,14,0.854,0.854
전남,2011-02,1.51,0.453,0.373,14,0.854,0.854
전북,2011-02,1.28,0.501,0.509,14,0.854,0.854
제주,2011-02,2.28,0.512,0.685,14,0.854,0.854
충남,2011-02,1.17,0.419,0.583,14,0.854,0.854
충북,2011-02,1.48,0.363,0.526,14,0.854,0.854
