패널,h,항목,값
17개 시도,1,share_full,0.3181
17개 시도,1,share_dev,0.219
17개 시도,1,spearman_dev,0.8283
17개 시도,3,share_full,0.3447
17개 시도,3,share_dev,0.2076
17개 시도,3,spearman_dev,0.7404
17개 시도,6,share_full,0.3688
17개 시도,6,share_dev,0.2009
17개 시도,6,spearman_dev,0.5705
17개 시도,6,sd_within_dev,1.1654
서울 25개 구,1,share_full,0.7098
서울 25개 구,1,share_dev,0.457
서울 25개 구,1,spearman_dev,0.5209
서울 25개 구,3,share_full,0.7501
서울 25개 구,3,share_dev,0.472
서울 25개 구,3,spearman_dev,0.4111
서울 25개 구,6,share_full,0.7654
서울 25개 구,6,share_dev,0.4418
서울 25개 구,6,spearman_dev,0.2044
서울 25개 구,6,sd_within_dev,0.3494
