구분,항목,값
settings,config/plan_v9_settings.yaml,ad642f9eb4bde1db
commit,de16c0d,
input,데이터취합_전처리_20261005.xlsx,9a5ead982279195f
input,데이터취합_20261005.xlsx,6b2790baff8ca939
input,raw/5_시장과열단기트리거/V001_월세통합가격지수_A_2024_00054.csv,4e58143d259e1a3a
input,raw/3_금융여건상대가격/V002_매매가격지수_A_2024_00045.csv,843b441425e019a5
input,raw/3_금융여건상대가격/V026_전세가격지수_A_2024_00050.csv,322a95fb45e22428
input,raw/7_보완용_사전외/보완_V001_월세가격지수(구)_A_2024_00164.csv,957eae180454f5d2
package,pandas,3.0.6
package,numpy,2.4.6
package,scikit-learn,1.9.1
seed,20261004,
run,stage,4
