h,시점,훈련양성수,훈련행수
1,2018-01,1,408
1,2018-02,2,425
1,2018-03,2,442
1,2018-04,2,459
1,2018-05,2,476
1,2018-06,2,493
1,2018-07,2,510
1,2018-08,2,527
1,2018-09,2,544
1,2018-10,2,561
1,2018-11,3,578
1,2018-12,4,595
1,2019-01,5,612
1,2019-02,6,629
1,2019-03,6,646
1,2019-04,6,663
1,2019-05,6,680
1,2019-06,6,697
1,2019-07,6,714
1,2019-08,6,731
1,2019-09,6,748
1,2019-10,6,765
1,2019-11,6,782
1,2019-12,6,799
1,2020-01,7,816
1,2020-02,9,833
1,2020-03,11,850
1,2020-04,13,867
1,2020-05,15,884
1,2020-06,16,901
1,2020-07,20,918
1,2020-08,22,935
1,2020-09,26,952
1,2020-10,30,969
1,2020-11,34,986
1,2020-12,42,1003
1,2021-01,56,1020
1,2021-02,67,1037
1,2021-03,77,1054
1,2021-04,83,1071
1,2021-05,89,1088
1,2021-06,95,1105
1,2021-07,102,1122
1,2021-08,108,1139
1,2021-09,119,1156
1,2021-10,130,1173
1,2021-11,143,1190
1,2021-12,155,1207
1,2022-01,165,1224
1,2022-02,173,1241
1,2022-03,178,1258
1,2022-04,184,1275
1,2022-05,190,1292
1,2022-06,197,1309
1,2022-07,202,1326
1,2022-08,209,1343
1,2022-09,217,1360
1,2022-10,222,1377
1,2022-11,223,1394
1,2022-12,225,1411
1,2023-01,225,1428
1,2023-02,225,1445
1,2023-03,225,1462
1,2023-04,225,1479
1,2023-05,225,1496
1,2023-06,225,1513
1,2023-07,225,1530
1,2023-08,225,1547
1,2023-09,225,1564
1,2023-10,227,1581
1,2023-11,232,1598
1,2023-12,237,1615
1,2024-01,239,1632
1,2024-02,240,1649
1,2024-03,243,1666
1,2024-04,246,1683
1,2024-05,247,1700
1,2024-06,249,1717
1,2024-07,251,1734
1,2024-08,253,1751
1,2024-09,256,1768
1,2024-10,258,1785
1,2024-11,260,1802
1,2024-12,261,1819
1,2025-01,262,1836
1,2025-02,263,1853
1,2025-03,264,1870
1,2025-04,265,1887
1,2025-05,265,1904
1,2025-06,265,1921
1,2025-07,267,1938
1,2025-08,269,1955
1,2025-09,271,1972
1,2025-10,274,1989
1,2025-11,277,2006
1,2025-12,283,2023
3,2018-01,1,374
3,2018-02,1,391
3,2018-03,1,408
3,2018-04,1,425
3,2018-05,1,442
3,2018-06,1,459
3,2018-07,1,476
3,2018-08,1,493
3,2018-09,1,510
3,2018-10,1,527
3,2018-11,1,544
3,2018-12,2,561
3,2019-01,3,578
3,2019-02,4,595
3,2019-03,5,612
3,2019-04,6,629
3,2019-05,6,646
3,2019-06,6,663
3,2019-07,6,680
3,2019-08,6,697
3,2019-09,6,714
3,2019-10,6,731
3,2019-11,6,748
3,2019-12,6,765
3,2020-01,6,782
3,2020-02,7,799
3,2020-03,9,816
3,2020-04,11,833
3,2020-05,13,850
3,2020-06,15,867
3,2020-07,16,884
3,2020-08,18,901
3,2020-09,21,918
3,2020-10,25,935
3,2020-11,30,952
3,2020-12,35,969
3,2021-01,46,986
3,2021-02,57,1003
3,2021-03,68,1020
3,2021-04,76,1037
3,2021-05,83,1054
3,2021-06,89,1071
3,2021-07,95,1088
3,2021-08,102,1105
3,2021-09,110,1122
3,2021-10,121,1139
3,2021-11,134,1156
3,2021-12,146,1173
3,2022-01,158,1190
3,2022-02,168,1207
3,2022-03,176,1224
3,2022-04,181,1241
3,2022-05,187,1258
3,2022-06,193,1275
3,2022-07,199,1292
3,2022-08,205,1309
3,2022-09,211,1326
3,2022-10,217,1343
3,2022-11,221,1360
3,2022-12,223,1377
3,2023-01,224,1394
3,2023-02,224,1411
3,2023-03,224,1428
3,2023-04,224,1445
3,2023-05,224,1462
3,2023-06,224,1479
3,2023-07,224,1496
3,2023-08,224,1513
3,2023-09,224,1530
3,2023-10,224,1547
3,2023-11,226,1564
3,2023-12,229,1581
3,2024-01,232,1598
3,2024-02,234,1615
3,2024-03,236,1632
3,2024-04,237,1649
3,2024-05,239,1666
3,2024-06,240,1683
3,2024-07,242,1700
3,2024-08,244,1717
3,2024-09,246,1734
3,2024-10,248,1751
3,2024-11,250,1768
3,2024-12,252,1785
3,2025-01,253,1802
3,2025-02,254,1819
3,2025-03,255,1836
3,2025-04,256,1853
3,2025-05,256,1870
3,2025-06,256,1887
3,2025-07,256,1904
3,2025-08,258,1921
3,2025-09,260,1938
3,2025-10,262,1955
3,2025-11,265,1972
3,2025-12,269,1989
6,2018-01,0,323
6,2018-02,0,340
6,2018-03,0,357
6,2018-04,0,374
6,2018-05,0,391
6,2018-06,0,408
6,2018-07,0,425
6,2018-08,0,442
6,2018-09,0,459
6,2018-10,0,476
6,2018-11,0,493
6,2018-12,0,510
6,2019-01,1,527
6,2019-02,2,544
6,2019-03,3,561
6,2019-04,4,578
6,2019-05,5,595
6,2019-06,6,612
6,2019-07,6,629
6,2019-08,6,646
6,2019-09,6,663
6,2019-10,6,680
6,2019-11,6,697
6,2019-12,6,714
6,2020-01,6,731
6,2020-02,6,748
6,2020-03,6,765
6,2020-04,7,782
6,2020-05,9,799
6,2020-06,11,816
6,2020-07,13,833
6,2020-08,15,850
6,2020-09,17,867
6,2020-10,19,884
6,2020-11,22,901
6,2020-12,25,918
6,2021-01,31,935
6,2021-02,39,952
6,2021-03,47,969
6,2021-04,57,986
6,2021-05,67,1003
6,2021-06,76,1020
6,2021-07,85,1037
6,2021-08,93,1054
6,2021-09,99,1071
6,2021-10,107,1088
6,2021-11,116,1105
6,2021-12,128,1122
6,2022-01,140,1139
6,2022-02,153,1156
6,2022-03,164,1173
6,2022-04,173,1190
6,2022-05,181,1207
6,2022-06,189,1224
6,2022-07,196,1241
6,2022-08,203,1258
6,2022-09,209,1275
6,2022-10,215,1292
6,2022-11,219,1309
6,2022-12,224,1326
6,2023-01,228,1343
6,2023-02,228,1360
6,2023-03,228,1377
6,2023-04,228,1394
6,2023-05,228,1411
6,2023-06,228,1428
6,2023-07,228,1445
6,2023-08,228,1462
6,2023-09,228,1479
6,2023-10,228,1496
6,2023-11,228,1513
6,2023-12,229,1530
6,2024-01,231,1547
6,2024-02,232,1564
6,2024-03,234,1581
6,2024-04,236,1598
6,2024-05,238,1615
6,2024-06,240,1632
6,2024-07,241,1649
6,2024-08,242,1666
6,2024-09,244,1683
6,2024-10,246,1700
6,2024-11,248,1717
6,2024-12,250,1734
6,2025-01,252,1751
6,2025-02,253,1768
6,2025-03,254,1785
6,2025-04,255,1802
6,2025-05,256,1819
6,2025-06,256,1836
6,2025-07,257,1853
6,2025-08,258,1870
6,2025-09,259,1887
6,2025-10,261,1904
6,2025-11,264,1921
6,2025-12,267,1938
