단위,h,뺀 동인,alpha,MAE,MAE_주실행,손실변화(%),손실변화_기준
전국,1,"(없음, alpha 고정 재실행)",5.62341325190349,0.03349689461339994,0.036007287826573114,-6.971903091575038,주 실행(cv_min alpha) 대비
전국,1,① 임차수요 압력,5.62341325190349,0.033856627946541346,0.036007287826573114,1.0739303965135338,alpha 고정 재실행 대비
전국,1,② 주택공급·재고 여건,5.62341325190349,0.033685937362197486,0.036007287826573114,0.5643590278423094,alpha 고정 재실행 대비
전국,1,③ 금융여건·상대가격,5.62341325190349,0.03321230667729657,0.036007287826573114,-0.8495949830212846,alpha 고정 재실행 대비
전국,1,④ 임대시장 수급·전환 구조,5.62341325190349,0.034051822103126836,0.036007287826573114,1.6566535379817005,alpha 고정 재실행 대비
전국,1,⑤ 시장과열·단기 트리거,5.62341325190349,0.04143107608383403,0.036007287826573114,23.686319469328154,alpha 고정 재실행 대비
전국,1,⑥ 거시경기·금융시장 여건,5.62341325190349,0.03353745532823805,0.036007287826573114,0.12108798533785325,alpha 고정 재실행 대비
전국,3,"(없음, alpha 고정 재실행)",10.0,0.20364892980981866,0.23013707731502478,-11.509726209370264,주 실행(cv_min alpha) 대비
전국,3,① 임차수요 압력,10.0,0.20234345418186983,0.23013707731502478,-0.6410422235795576,alpha 고정 재실행 대비
전국,3,② 주택공급·재고 여건,10.0,0.20188712436637227,0.23013707731502478,-0.8651189304513807,alpha 고정 재실행 대비
전국,3,③ 금융여건·상대가격,10.0,0.1970365363397679,0.23013707731502478,-3.24695714150125,alpha 고정 재실행 대비
전국,3,④ 임대시장 수급·전환 구조,10.0,0.20378353859269316,0.23013707731502478,0.06609844844271962,alpha 고정 재실행 대비
전국,3,⑤ 시장과열·단기 트리거,10.0,0.2271209450331307,0.23013707731502478,11.525724807506643,alpha 고정 재실행 대비
전국,3,⑥ 거시경기·금융시장 여건,10.0,0.1941198601975249,0.23013707731502478,-4.679165081394077,alpha 고정 재실행 대비
전국,6,"(없음, alpha 고정 재실행)",11.667607160816619,0.5362999090855677,0.6602122924661387,-18.76856653451757,주 실행(cv_min alpha) 대비
전국,6,① 임차수요 압력,11.667607160816619,0.5277323380326281,0.6602122924661387,-1.5975335642976263,alpha 고정 재실행 대비
전국,6,② 주택공급·재고 여건,11.667607160816619,0.5467300504430662,0.6602122924661387,1.9448336986076953,alpha 고정 재실행 대비
전국,6,③ 금융여건·상대가격,11.667607160816619,0.5341855973966148,0.6602122924661387,-0.3942405458464471,alpha 고정 재실행 대비
전국,6,④ 임대시장 수급·전환 구조,11.667607160816619,0.5333672540150646,0.6602122924661387,-0.5468311705484896,alpha 고정 재실행 대비
전국,6,⑤ 시장과열·단기 트리거,11.667607160816619,0.5553882527135869,0.6602122924661387,3.559266616428536,alpha 고정 재실행 대비
전국,6,⑥ 거시경기·금융시장 여건,11.667607160816619,0.5452704771283673,0.6602122924661387,1.672677524427546,alpha 고정 재실행 대비
패널,1,"(없음, alpha 고정 재실행)",656.1177672614024,0.08050251708183703,0.08214990739102494,-2.005346520168916,주 실행(cv_min alpha) 대비
패널,1,① 임차수요 압력,656.1177672614024,0.0805182029655572,0.08214990739102494,0.019484960581084287,alpha 고정 재실행 대비
패널,1,② 주택공급·재고 여건,656.1177672614024,0.08051928962103204,0.08214990739102494,0.020834800951563537,alpha 고정 재실행 대비
패널,1,③ 금융여건·상대가격,656.1177672614024,0.0804152127090417,0.08214990739102494,-0.10844924601125516,alpha 고정 재실행 대비
패널,1,④ 임대시장 수급·전환 구조,656.1177672614024,0.08067716226379418,0.08214990739102494,0.21694375317433678,alpha 고정 재실행 대비
패널,1,⑤ 시장과열·단기 트리거,656.1177672614024,0.08272936334692071,0.08214990739102494,2.7661821590248215,alpha 고정 재실행 대비
패널,1,⑥ 거시경기·금융시장 여건,656.1177672614024,0.08056603270358421,0.08214990739102494,0.07889892645545071,alpha 고정 재실행 대비
패널,3,"(없음, alpha 고정 재실행)",874.9471046662279,0.30171598259328897,0.3082433003040887,-2.117586239298763,주 실행(cv_min alpha) 대비
패널,3,① 임차수요 압력,874.9471046662279,0.30073614312998553,0.3082433003040887,-0.3247555714091077,alpha 고정 재실행 대비
패널,3,② 주택공급·재고 여건,874.9471046662279,0.30217018691637626,0.3082433003040887,0.1505403589108445,alpha 고정 재실행 대비
패널,3,③ 금융여건·상대가격,874.9471046662279,0.30063246925412257,0.3082433003040887,-0.35911698473957143,alpha 고정 재실행 대비
패널,3,④ 임대시장 수급·전환 구조,874.9471046662279,0.3022337049781257,0.3082433003040887,0.17159262840067413,alpha 고정 재실행 대비
패널,3,⑤ 시장과열·단기 트리거,874.9471046662279,0.31667829972406186,0.3082433003040887,4.959073431301109,alpha 고정 재실행 대비
패널,3,⑥ 거시경기·금융시장 여건,874.9471046662279,0.3015461494534953,0.3082433003040887,-0.056289076347215694,alpha 고정 재실행 대비
패널,6,"(없음, alpha 고정 재실행)",421.69650342858216,0.7360400687184129,0.799426178146947,-7.928950935214784,주 실행(cv_min alpha) 대비
패널,6,① 임차수요 압력,421.69650342858216,0.7346562591218069,0.799426178146947,-0.18800737288874325,alpha 고정 재실행 대비
패널,6,② 주택공급·재고 여건,421.69650342858216,0.7183333716556963,0.799426178146947,-2.405670263787041,alpha 고정 재실행 대비
패널,6,③ 금융여건·상대가격,421.69650342858216,0.7348499724886071,0.799426178146947,-0.16168905476545703,alpha 고정 재실행 대비
패널,6,④ 임대시장 수급·전환 구조,421.69650342858216,0.7295910086564789,0.799426178146947,-0.8761832862119956,alpha 고정 재실행 대비
패널,6,⑤ 시장과열·단기 트리거,421.69650342858216,0.7674383741960611,0.799426178146947,4.26584187628789,alpha 고정 재실행 대비
패널,6,⑥ 거시경기·금융시장 여건,421.69650342858216,0.7588839054469535,0.799426178146947,3.1036131997971506,alpha 고정 재실행 대비
