시점,h,정보군,모형,규칙,폴드,최소,최소손실,선택,선택손실,평평후보수,격자점수
2018-01,1,A,ridge_A_cvmin,cv_min,12,13.33521432163324,0.012810599146458617,10.0,0.012928002338388164,3.0,29.0
2019-01,1,A,ridge_A_cvmin,cv_min,12,0.04216965034285822,0.025063862783782847,0.1,0.025287472978156672,7.0,29.0
2020-01,1,A,ridge_A_cvmin,cv_min,12,0.00031622776601683794,0.026145673509266887,0.31622776601683794,0.026344302338045317,17.0,35.0
2021-01,1,A,ridge_A_cvmin,cv_min,12,0.00031622776601683794,0.05022867523263356,0.1778279410038923,0.05047687550894501,16.0,35.0
2022-01,1,A,ridge_A_cvmin,cv_min,12,42.16965034285822,0.07663430413479405,42.16965034285822,0.07663430413479405,1.0,29.0
2023-01,1,A,ridge_A_cvmin,cv_min,12,0.00031622776601683794,0.05472169921872716,0.01778279410038923,0.05525452512232384,12.0,35.0
2024-01,1,A,ridge_A_cvmin,cv_min,12,0.00031622776601683794,0.06368288955898259,0.056234132519034905,0.06408075315944078,14.0,35.0
2025-01,1,A,ridge_A_cvmin,cv_min,12,1.333521432163324,0.03109194128253731,10.0,0.03116987538814286,5.0,29.0
2026-01,1,A,ridge_A_cvmin,cv_min,12,0.00031622776601683794,0.036152576140063654,0.056234132519034905,0.036375749774140785,14.0,35.0
2018-01,1,A,ridge_A_1se,one_se,12,17.78279410038923,,177.82794100389228,,,
2019-01,1,A,ridge_A_1se,one_se,12,0.056234132519034905,,10.0,,,
2020-01,1,A,ridge_A_1se,one_se,12,0.01,,3.1622776601683795,,,
2021-01,1,A,ridge_A_1se,one_se,12,0.01,,10.0,,,
2022-01,1,A,ridge_A_1se,one_se,12,31.622776601683793,,100.0,,,
2023-01,1,A,ridge_A_1se,one_se,12,0.01,,1.7782794100389228,,,
2024-01,1,A,ridge_A_1se,one_se,12,0.01,,1.0,,,
2025-01,1,A,ridge_A_1se,one_se,12,1.0,,56.23413251903491,,,
2018-01,1,B,ridge_B_cvmin,cv_min,12,42.16965034285822,0.012665808555482294,31.622776601683793,0.012722763941806747,3.0,29.0
2019-01,1,B,ridge_B_cvmin,cv_min,12,7.498942093324557,0.02252281107230933,10.0,0.022593388018071037,3.0,29.0
2020-01,1,B,ridge_B_cvmin,cv_min,12,0.002371373705661655,0.02060938583650337,0.01,0.02076516508944057,9.0,33.0
2021-01,1,B,ridge_B_cvmin,cv_min,12,0.04216965034285822,0.043851329577901194,0.07498942093324558,0.04407195924324009,7.0,29.0
2022-01,1,B,ridge_B_cvmin,cv_min,12,0.31622776601683794,0.06473731219411034,0.5623413251903491,0.06527990215571862,5.0,29.0
2023-01,1,B,ridge_B_cvmin,cv_min,12,0.00031622776601683794,0.07587722318117049,0.056234132519034905,0.07663351690372096,14.0,35.0
2024-01,1,B,ridge_B_cvmin,cv_min,12,0.1333521432163324,0.02471553936505534,0.1778279410038923,0.024922122346309583,3.0,29.0
2025-01,1,B,ridge_B_cvmin,cv_min,12,10.0,0.020506022470554493,10.0,0.020506022470554493,3.0,29.0
2026-01,1,B,ridge_B_cvmin,cv_min,12,0.00031622776601683794,0.02487501590334695,0.03162277660168379,0.025020970209830785,13.0,35.0
2018-01,1,B,ridge_B_1se,one_se,12,31.622776601683793,,316.2277660168379,,,
2019-01,1,B,ridge_B_1se,one_se,12,10.0,,31.622776601683793,,,
2020-01,1,B,ridge_B_1se,one_se,12,0.01,,3.1622776601683795,,,
2021-01,1,B,ridge_B_1se,one_se,12,0.056234132519034905,,31.622776601683793,,,
2022-01,1,B,ridge_B_1se,one_se,12,0.31622776601683794,,10.0,,,
2023-01,1,B,ridge_B_1se,one_se,12,0.01,,17.78279410038923,,,
2024-01,1,B,ridge_B_1se,one_se,12,0.1,,1.0,,,
2025-01,1,B,ridge_B_1se,one_se,12,10.0,,17.78279410038923,,,
2018-01,3,A,ridge_A_cvmin,cv_min,8,13.33521432163324,0.05954583371605438,10.0,0.059787299157405174,4.0,29.0
2019-01,3,A,ridge_A_cvmin,cv_min,12,0.00031622776601683794,0.10858817166757047,0.056234132519034905,0.10952510861671134,14.0,35.0
2020-01,3,A,ridge_A_cvmin,cv_min,12,3.1622776601683795,0.12485864031218848,4.216965034285822,0.12558926504561488,4.0,29.0
2021-01,3,A,ridge_A_cvmin,cv_min,12,1.0,0.2588032129386178,1.7782794100389228,0.26097881192654,7.0,29.0
2022-01,3,A,ridge_A_cvmin,cv_min,12,56.23413251903491,0.3746741932514291,17.78279410038923,0.37704596023282183,5.0,29.0
2023-01,3,A,ridge_A_cvmin,cv_min,12,177.82794100389228,0.24296584610759067,100.0,0.24484366617218623,3.0,29.0
2024-01,3,A,ridge_A_cvmin,cv_min,12,562.341325190349,0.5386149187217947,562.341325190349,0.5386149187217947,1.0,29.0
2025-01,3,A,ridge_A_cvmin,cv_min,12,23.71373705661655,0.13780736282580822,23.71373705661655,0.13780736282580822,2.0,29.0
2026-01,3,A,ridge_A_cvmin,cv_min,12,13.33521432163324,0.165481072683491,10.0,0.1658093143404579,11.0,29.0
2018-01,3,A,ridge_A_1se,one_se,8,17.78279410038923,,56.23413251903491,,,
2019-01,3,A,ridge_A_1se,one_se,12,0.01,,1.0,,,
2020-01,3,A,ridge_A_1se,one_se,12,3.1622776601683795,,56.23413251903491,,,
2021-01,3,A,ridge_A_1se,one_se,12,1.0,,10.0,,,
2022-01,3,A,ridge_A_1se,one_se,12,56.23413251903491,,100.0,,,
2023-01,3,A,ridge_A_1se,one_se,12,177.82794100389228,,316.2277660168379,,,
2024-01,3,A,ridge_A_1se,one_se,12,562.341325190349,,1778.2794100389228,,,
2025-01,3,A,ridge_A_1se,one_se,12,31.622776601683793,,56.23413251903491,,,
2018-01,3,B,ridge_B_cvmin,cv_min,8,1.333521432163324,0.03491985546449155,1.333521432163324,0.03491985546449155,2.0,29.0
2019-01,3,B,ridge_B_cvmin,cv_min,12,17.78279410038923,0.11466849718575996,10.0,0.11501568598387697,5.0,29.0
2020-01,3,B,ridge_B_cvmin,cv_min,12,31.622776601683793,0.146585629300959,23.71373705661655,0.14718897155423552,4.0,29.0
2021-01,3,B,ridge_B_cvmin,cv_min,12,0.02371373705661655,0.11530394069498218,0.042169650342858224,0.11587364907276247,4.0,29.0
2022-01,3,B,ridge_B_cvmin,cv_min,12,31.622776601683793,0.37784665774610304,10.0,0.38068824339764734,7.0,29.0
2023-01,3,B,ridge_B_cvmin,cv_min,12,56.23413251903491,0.29132346298271466,31.622776601683793,0.29290045616769544,4.0,29.0
2024-01,3,B,ridge_B_cvmin,cv_min,12,0.5623413251903491,0.4646724506592328,1.7782794100389228,0.4684185138083475,14.0,29.0
2025-01,3,B,ridge_B_cvmin,cv_min,12,7.498942093324557,0.09533321654824356,10.0,0.09609484509035504,3.0,29.0
2026-01,3,B,ridge_B_cvmin,cv_min,12,17.78279410038923,0.14278452401597136,13.33521432163324,0.14357371045025977,3.0,29.0
2018-01,3,B,ridge_B_1se,one_se,8,1.0,,3.1622776601683795,,,
2019-01,3,B,ridge_B_1se,one_se,12,17.78279410038923,,56.23413251903491,,,
2020-01,3,B,ridge_B_1se,one_se,12,31.622776601683793,,316.2277660168379,,,
2021-01,3,B,ridge_B_1se,one_se,12,0.03162277660168379,,17.78279410038923,,,
2022-01,3,B,ridge_B_1se,one_se,12,31.622776601683793,,100.0,,,
2023-01,3,B,ridge_B_1se,one_se,12,56.23413251903491,,177.82794100389228,,,
2024-01,3,B,ridge_B_1se,one_se,12,0.5623413251903491,,5.62341325190349,,,
2025-01,3,B,ridge_B_1se,one_se,12,5.62341325190349,,17.78279410038923,,,
2018-01,6,A,ridge_A_cvmin,fallback,2,,,,,,
2019-01,6,A,ridge_A_cvmin,cv_min,12,0.00031622776601683794,0.29304263070425507,0.056234132519034905,0.29558014084029444,14.0,35.0
2020-01,6,A,ridge_A_cvmin,cv_min,12,31.622776601683793,0.17265273846809936,31.622776601683793,0.17265273846809936,1.0,29.0
2021-01,6,A,ridge_A_cvmin,cv_min,12,7.498942093324557,0.8614538266245705,10.0,0.8630711590278568,6.0,29.0
2022-01,6,A,ridge_A_cvmin,cv_min,12,42.16965034285822,0.8293095934314646,31.622776601683793,0.8351762163077844,3.0,29.0
2023-01,6,A,ridge_A_cvmin,cv_min,12,100.0,0.3498350528423731,74.98942093324558,0.35160013682904245,3.0,29.0
2024-01,6,A,ridge_A_cvmin,cv_min,12,1333.5214321633239,1.2016582329364847,1000.0,1.2124970217995794,3.0,29.0
2025-01,6,A,ridge_A_cvmin,cv_min,12,177.82794100389228,0.6208824328647754,74.98942093324558,0.626064631097751,7.0,29.0
2026-01,6,A,ridge_A_cvmin,cv_min,12,42.16965034285822,0.3157305318370535,31.622776601683793,0.31850504013196707,3.0,29.0
2018-01,6,A,ridge_A_1se,fallback,2,,,,,,
2019-01,6,A,ridge_A_1se,one_se,12,0.01,,10.0,,,
2020-01,6,A,ridge_A_1se,one_se,12,31.622776601683793,,100.0,,,
2021-01,6,A,ridge_A_1se,one_se,12,5.62341325190349,,10000.0,,,
2022-01,6,A,ridge_A_1se,one_se,12,56.23413251903491,,100.0,,,
2023-01,6,A,ridge_A_1se,one_se,12,100.0,,177.82794100389228,,,
2024-01,6,A,ridge_A_1se,one_se,12,1778.2794100389228,,10000.0,,,
2025-01,6,A,ridge_A_1se,one_se,12,177.82794100389228,,10000.0,,,
2018-01,6,B,ridge_B_cvmin,fallback,2,,,,,,
2019-01,6,B,ridge_B_cvmin,cv_min,12,0.23713737056616555,0.2580901157985719,0.5623413251903491,0.2595344454849881,7.0,29.0
2020-01,6,B,ridge_B_cvmin,cv_min,12,42.16965034285822,0.16618167806627357,42.16965034285822,0.16618167806627357,1.0,29.0
2021-01,6,B,ridge_B_cvmin,cv_min,12,0.4216965034285822,0.2957894432756946,0.5623413251903491,0.29757946270125735,3.0,29.0
2022-01,6,B,ridge_B_cvmin,cv_min,12,13.33521432163324,0.646792412682669,10.0,0.6519184731031337,3.0,29.0
2023-01,6,B,ridge_B_cvmin,cv_min,12,74.98942093324558,0.6337347905469977,56.23413251903491,0.6389722430373878,3.0,29.0
2024-01,6,B,ridge_B_cvmin,cv_min,12,749.8942093324557,1.1119606149893693,749.8942093324557,1.1119606149893693,3.0,29.0
2025-01,6,B,ridge_B_cvmin,cv_min,12,316227.76601683797,0.649566247255349,17782.794100389227,0.6544355173228429,10.0,35.0
2026-01,6,B,ridge_B_cvmin,cv_min,12,42.16965034285822,0.17080422245973356,23.71373705661655,0.17228117327754391,3.0,29.0
2018-01,6,B,ridge_B_1se,fallback,2,,,,,,
2019-01,6,B,ridge_B_1se,one_se,12,0.1778279410038923,,17.78279410038923,,,
2020-01,6,B,ridge_B_1se,one_se,12,56.23413251903491,,100.0,,,
2021-01,6,B,ridge_B_1se,one_se,12,0.31622776601683794,,1.0,,,
2022-01,6,B,ridge_B_1se,one_se,12,17.78279410038923,,56.23413251903491,,,
2023-01,6,B,ridge_B_1se,one_se,12,100.0,,177.82794100389228,,,
2024-01,6,B,ridge_B_1se,one_se,12,1000.0,,10000.0,,,
2025-01,6,B,ridge_B_1se,one_se,12,10000.0,,10000.0,,,
