시점,모형,블록,동인,하위묶음,입력,유지,제외이유,관측률,예상부호,적용부호,부호근거,표준편차,개념,개념내구성수,묶음내가중,동인내묶음가중,동인지수유지,동인제외이유,h,단위
2018-01,M3,common,①,인구세대,C|V009|로그Δ12,True,,1.0,+,1.0,사전 +,0.4026,총량,2.0,0.167,0.333,True,,3,패널
2018-01,M3,common,①,인구세대,C|V010|로그Δ12,True,,1.0,+,1.0,사전 +,0.3132,총량,2.0,0.167,0.333,True,,3,패널
2018-01,M3,common,①,인구세대,C|V011b|로그Δ12,True,,1.0,+,1.0,사전 +,0.5286,청년,1.0,0.333,0.333,True,,3,패널
2018-01,M3,common,①,인구세대,C|V011c|Δ12,True,,1.0,+,1.0,사전 +,0.0247,비중,1.0,0.333,0.333,True,,3,패널
2018-01,M3,common,①,이동,C|V012|12개월합_천명당,True,,1.0,+,1.0,사전 +,2.9752,V012,1.0,1.0,0.333,True,,3,패널
2018-01,M3,common,①,고용소득,C|V013|수준,True,,1.0,+,1.0,사전 +,1.075,V013,2.0,0.167,0.333,True,,3,패널
2018-01,M3,common,①,고용소득,C|V013|Δ12,True,,1.0,+,1.0,사전 +,0.2806,V013,2.0,0.167,0.333,True,,3,패널
2018-01,M3,common,①,고용소득,C|V015|수준,True,,1.0,+,1.0,사전 +,0.0179,V015,2.0,0.167,0.333,True,,3,패널
2018-01,M3,common,①,고용소득,C|V015|Δ12,True,,1.0,+,1.0,사전 +,0.0207,V015,2.0,0.167,0.333,True,,3,패널
2018-01,M3,common,①,고용소득,C|V017|Δ12,True,,1.0,+,1.0,사전 +,0.0112,V017,1.0,0.333,0.333,True,,3,패널
2018-01,M3,common,②,공급흐름,C|V021|12개월합_천세대당,True,,1.0,-,-1.0,사전 −,3.1365,V021,1.0,0.333,0.5,True,,3,패널
2018-01,M3,common,②,공급흐름,C|V022|12개월합_천세대당,True,,1.0,-,-1.0,사전 −,3.5353,V022,1.0,0.333,0.5,True,,3,패널
2018-01,M3,common,②,공급흐름,C|V023|12개월합_천세대당,True,,1.0,-,-1.0,사전 −,2.2153,V023,1.0,0.333,0.5,True,,3,패널
2018-01,M3,common,②,재고,C|V038|잔량_천세대당_log1p,True,,1.0,±,-1.0,순위상관 -0.32,0.0416,V038,1.0,0.5,0.5,True,,3,패널
2018-01,M3,common,②,재고,C|V072|Δ12,True,,1.0,±,1.0,순위상관 +0.75,0.0467,V072,1.0,0.5,0.5,True,,3,패널
2018-01,M3,common,③,상대가격,C|V003|Δ12,True,,1.0,±,1.0,순위상관 +0.64,0.6406,V003,1.0,0.5,0.167,True,,3,패널
2018-01,M3,common,③,상대가격,C|V004|Δ12,True,,1.0,±,-1.0,순위상관 -0.73,0.163,V004,1.0,0.5,0.167,True,,3,패널
2018-01,M3,common,③,매매수급거래,C|V031|수준,True,,1.0,+,1.0,사전 +,2.4296,V031,1.0,0.5,0.167,True,,3,패널
2018-01,M3,common,③,매매수급거래,C|V036|12개월합_천세대당,True,,1.0,±,1.0,순위상관 +0.24,1.6626,V036,1.0,0.5,0.167,True,,3,패널
2018-01,M3,common,③,지역대출,C|V050|로그Δ12,True,,1.0,±,1.0,순위상관 +0.91,2.7784,V050,1.0,1.0,0.167,True,,3,패널
2018-01,M3,common,③,대출금리,C|V056|Δ12,True,,1.0,±,-1.0,순위상관 -0.80,0.2817,V056,1.0,0.333,0.167,True,,3,패널
2018-01,M3,common,③,대출금리,C|V057|Δ12,True,,0.955,±,-1.0,순위상관 -0.73,0.2212,V057,1.0,0.333,0.167,True,,3,패널
2018-01,M3,common,③,대출금리,C|V059|Δ12,True,,1.0,±,-1.0,순위상관 -0.70,0.4525,V059,1.0,0.333,0.167,True,,3,패널
2018-01,M3,common,③,대출태도,C|V060|수준,True,,1.0,±,-1.0,순위상관 -0.03,7.3838,V060,1.0,1.0,0.167,True,,3,패널
2018-01,M3,common,③,대출,C|V069|로그Δ12,True,,1.0,±,1.0,순위상관 +0.29,1.8281,V069,1.0,1.0,0.167,True,,3,패널
2018-01,M3,common,④,수급,C|V005|수준,True,,1.0,+,1.0,사전 +,1.4372,V005,1.0,0.5,0.5,True,,3,패널
2018-01,M3,common,④,수급,C|V032|수준,True,,1.0,+,1.0,사전 +,3.5644,V032,1.0,0.5,0.5,True,,3,패널
2018-01,M3,common,④,거래,C|V035|12개월합_천세대당,True,,1.0,+,1.0,사전 +,5.9863,V035,1.0,1.0,0.5,True,,3,패널
2018-01,M3,common,⑤,심리,C|V037|수준,True,,1.0,+,1.0,사전 +,3.5741,V037,1.0,1.0,0.5,True,,3,패널
2018-01,M3,common,⑤,CSI,C|CSI|수준,True,,1.0,+,1.0,사전 +,6.2918,CSI,1.0,1.0,0.5,True,,3,패널
2018-01,M3,common,⑥,시장금리,C|V043|Δ12,True,,1.0,±,-1.0,순위상관 -0.72,0.1368,V043,1.0,0.5,0.25,True,,3,패널
2018-01,M3,common,⑥,시장금리,C|V045|Δ12,True,,1.0,±,-1.0,순위상관 -0.69,0.3877,V045,1.0,0.5,0.25,True,,3,패널
2018-01,M3,common,⑥,유동성신용,C|V046|로그Δ12,True,,1.0,±,1.0,순위상관 +0.53,0.472,V046,1.0,0.5,0.25,True,,3,패널
2018-01,M3,common,⑥,유동성신용,C|V047|로그Δ12,True,,1.0,±,-1.0,순위상관 -0.07,0.3675,V047,1.0,0.5,0.25,True,,3,패널
2018-01,M3,common,⑥,물가임금소득,C|V048|로그Δ12,True,,1.0,±,-1.0,순위상관 -0.66,0.6251,V048,1.0,0.25,0.25,True,,3,패널
2018-01,M3,common,⑥,물가임금소득,C|V049|로그Δ12,True,,1.0,±,-1.0,순위상관 -0.47,1.47,V049,1.0,0.25,0.25,True,,3,패널
2018-01,M3,common,⑥,물가임금소득,C|V066|로그Δ12,True,,1.0,±,1.0,순위상관 +0.36,3.8183,V066,1.0,0.25,0.25,True,,3,패널
2018-01,M3,common,⑥,물가임금소득,C|V074|로그Δ12,True,,1.0,±,1.0,순위상관 +0.04,0.4488,V074,1.0,0.25,0.25,True,,3,패널
2018-01,M3,common,⑥,금융시장실물,C|V064|로그Δ12,True,,1.0,±,-1.0,순위상관 -0.72,8.853,V064,1.0,0.5,0.25,True,,3,패널
2018-01,M3,common,⑥,금융시장실물,C|V070|로그Δ12,True,,1.0,±,-1.0,순위상관 -0.82,13.601,V070,1.0,0.5,0.25,True,,3,패널
2018-01,M3,common,③,대출,C|V071|로그Δ12,False,관측률 0.68 < 0.7,0.682,±,,,,,0.0,,,True,,3,패널
2018-01,M3,regional,①,인구세대,D|V009|로그Δ12,True,,1.0,+,1.0,사전 +,4.4551,총량,2.0,0.167,0.333,True,,3,패널
2018-01,M3,regional,①,인구세대,D|V010|로그Δ12,True,,1.0,+,1.0,사전 +,3.9316,총량,2.0,0.167,0.333,True,,3,패널
2018-01,M3,regional,①,인구세대,D|V011a|로그Δ12,True,,1.0,+,1.0,사전 +,4.2411,청년,2.0,0.167,0.333,True,,3,패널
2018-01,M3,regional,①,인구세대,D|V011b|로그Δ12,True,,1.0,+,1.0,사전 +,5.4732,청년,2.0,0.167,0.333,True,,3,패널
2018-01,M3,regional,①,인구세대,D|V011c|수준,True,,1.0,+,1.0,사전 +,2.3545,비중,2.0,0.167,0.333,True,,3,패널
2018-01,M3,regional,①,인구세대,D|V011c|Δ12,True,,1.0,+,1.0,사전 +,0.1649,비중,2.0,0.167,0.333,True,,3,패널
2018-01,M3,regional,①,이동,D|V012|12개월합_천명당,True,,1.0,+,1.0,사전 +,38.7231,V012,1.0,1.0,0.333,True,,3,패널
2018-01,M3,regional,①,고용소득,D|V013|수준,True,,0.965,+,1.0,사전 +,3.0176,V013,2.0,0.167,0.333,True,,3,패널
2018-01,M3,regional,①,고용소득,D|V013|Δ12,True,,0.941,+,1.0,사전 +,0.924,V013,2.0,0.167,0.333,True,,3,패널
2018-01,M3,regional,①,고용소득,D|V015|수준,True,,1.0,+,1.0,사전 +,0.374,V015,2.0,0.167,0.333,True,,3,패널
2018-01,M3,regional,①,고용소득,D|V015|Δ12,True,,1.0,+,1.0,사전 +,0.0975,V015,2.0,0.167,0.333,True,,3,패널
2018-01,M3,regional,①,고용소득,D|V017|수준,True,,1.0,+,1.0,사전 +,0.121,V017,2.0,0.167,0.333,True,,3,패널
2018-01,M3,regional,①,고용소득,D|V017|Δ12,True,,1.0,+,1.0,사전 +,0.0577,V017,2.0,0.167,0.333,True,,3,패널
2018-01,M3,regional,②,공급흐름,D|V021|12개월합_천세대당,True,,1.0,-,-1.0,사전 −,28.6507,V021,1.0,0.333,0.5,True,,3,패널
2018-01,M3,regional,②,공급흐름,D|V022|12개월합_천세대당,True,,1.0,-,-1.0,사전 −,31.9843,V022,1.0,0.333,0.5,True,,3,패널
2018-01,M3,regional,②,공급흐름,D|V023|12개월합_천세대당,True,,1.0,-,-1.0,사전 −,32.7305,V023,1.0,0.333,0.5,True,,3,패널
2018-01,M3,regional,②,재고,D|V038|잔량_천세대당_log1p,True,,1.0,±,-1.0,순위상관 -0.24,0.6654,V038,1.0,0.5,0.5,True,,3,패널
2018-01,M3,regional,②,재고,D|V072|수준,True,,0.968,±,-1.0,순위상관 -0.25,5.3053,V072,2.0,0.25,0.5,True,,3,패널
2018-01,M3,regional,②,재고,D|V072|Δ12,True,,0.941,±,-1.0,순위상관 -0.33,0.6848,V072,2.0,0.25,0.5,True,,3,패널
2018-01,M3,regional,③,상대가격,D|V003|수준,True,,1.0,±,1.0,순위상관 +0.08,4.9291,V003,2.0,0.25,0.333,True,,3,패널
2018-01,M3,regional,③,상대가격,D|V003|Δ12,True,,1.0,±,-1.0,순위상관 -0.13,1.9114,V003,2.0,0.25,0.333,True,,3,패널
2018-01,M3,regional,③,상대가격,D|V004|수준,True,,1.0,±,1.0,순위상관 +0.05,0.9019,V004,2.0,0.25,0.333,True,,3,패널
2018-01,M3,regional,③,상대가격,D|V004|Δ12,True,,1.0,±,1.0,순위상관 +0.03,0.3891,V004,2.0,0.25,0.333,True,,3,패널
2018-01,M3,regional,③,매매수급거래,D|V031|수준,True,,1.0,+,1.0,사전 +,9.7177,V031,1.0,0.5,0.333,True,,3,패널
2018-01,M3,regional,③,매매수급거래,D|V036|12개월합_천세대당,True,,1.0,±,1.0,순위상관 +0.19,8.0199,V036,1.0,0.5,0.333,True,,3,패널
2018-01,M3,regional,③,지역대출,D|V050|로그Δ12,True,,1.0,±,-1.0,순위상관 -0.15,8.8706,V050,1.0,1.0,0.333,True,,3,패널
2018-01,M3,regional,④,수급,D|V005|수준,True,,1.0,+,1.0,사전 +,6.1003,V005,1.0,0.5,0.5,True,,3,패널
2018-01,M3,regional,④,수급,D|V032|수준,True,,1.0,+,1.0,사전 +,9.4391,V032,1.0,0.5,0.5,True,,3,패널
2018-01,M3,regional,④,거래,D|V035|12개월합_천세대당,True,,1.0,+,1.0,사전 +,54.036,V035,1.0,1.0,0.5,True,,3,패널
2018-01,M3,regional,⑤,심리,D|V037|수준,True,,0.882,+,1.0,사전 +,10.295,V037,1.0,1.0,0.5,True,,3,패널
2018-01,M3,regional,⑤,CSI,D|CSI|수준,True,,1.0,+,1.0,사전 +,2.064,CSI,1.0,1.0,0.5,True,,3,패널
2018-01,M3,extra,,,D|RT_mix|Δ12,True,,1.0,,,,20.0639,,,,,,,3,패널
2018-01,M3,extra,,,D|RT_act|Δ12,True,,1.0,,,,9.8914,,,,,,,3,패널
