비교,h,DM_HLN,p
B vs A (cvmin),1,-3.175750290423683,0.0020156117200444967
B vs mom1 (cvmin),1,-0.8412351003330586,0.4023287714121011
B vs A (fixed10),1,-2.7501501943869697,0.007132162246309193
B vs mom1 (fixed10),1,1.5738126003395436,0.1188553772170895
B vs A (1se),1,-0.6884120946604132,0.4928709786318124
B vs mom1 (1se),1,3.3760179940324626,0.001066719644252867
B vs A (cvmin),3,-1.1178787953013605,0.2664377431875109
B vs mom1 (cvmin),3,1.9600091595240003,0.05292483662609171
B vs A (fixed10),3,-1.8541479279763806,0.06682053559083956
B vs mom1 (fixed10),3,1.151454191052052,0.2524351360826176
B vs A (1se),3,-0.5983471243092852,0.551032267421911
B vs mom1 (1se),3,2.603568780811041,0.010705963098888382
B vs A (cvmin),6,-0.21788981283461023,0.8279823004275662
B vs mom1 (cvmin),6,1.4598050828075873,0.14764267232901096
B vs A (fixed10),6,-1.8042481718193069,0.0743613283256126
B vs mom1 (fixed10),6,0.15758683537973686,0.8751168407251817
B vs A (1se),6,-1.8096756198129618,0.0735083101506715
B vs mom1 (1se),6,1.4296333344079202,0.15610268445677722
