P,h,정보군,모형,y,yhat,훈련행수,훈련월_옛체계,alpha,label_month
2018-01,1,C,ridge_C_cvmin,-0.05542145035064561,-0.054265222504317465,24,0,133.3521432163324,2018-02
2018-02,1,C,ridge_C_cvmin,-0.08328308861044187,-0.054897282486050004,25,0,133.3521432163324,2018-03
2018-03,1,C,ridge_C_cvmin,-0.10025158139785884,-0.06457250878875401,26,0,133.3521432163324,2018-04
2018-04,1,C,ridge_C_cvmin,-0.14103272996206506,-0.06819221001934533,27,0,133.3521432163324,2018-05
2018-05,1,C,ridge_C_cvmin,-0.17440395268754072,-0.09545620091937174,28,0,133.3521432163324,2018-06
2018-06,1,C,ridge_C_cvmin,-0.16503891083751165,-0.12327641266188992,29,0,133.3521432163324,2018-07
2018-07,1,C,ridge_C_cvmin,-0.15838096868782126,-0.13753499130222357,30,0,133.3521432163324,2018-08
2018-08,1,C,ridge_C_cvmin,-0.170063075500948,-0.14239320396734853,31,0,133.3521432163324,2018-09
2018-09,1,C,ridge_C_cvmin,-0.127894349129698,-0.13967458952496625,32,0,133.3521432163324,2018-10
2018-10,1,C,ridge_C_cvmin,-0.10601849871688662,-0.13098232106822486,33,0,133.3521432163324,2018-11
2018-11,1,C,ridge_C_cvmin,-0.10854096195465068,-0.12078642493736413,34,0,133.3521432163324,2018-12
2018-12,1,C,ridge_C_cvmin,-0.1554600699111064,-0.13096652915504095,35,0,133.3521432163324,2019-01
2019-01,1,C,ridge_C_cvmin,-0.12716759625159835,-0.1377886101285371,36,0,5.62341325190349,2019-02
2019-02,1,C,ridge_C_cvmin,-0.1264333178229715,-0.1245383537512371,37,0,5.62341325190349,2019-03
2019-03,1,C,ridge_C_cvmin,-0.1442930531058373,-0.10235208795022505,38,0,5.62341325190349,2019-04
2019-04,1,C,ridge_C_cvmin,-0.17522419846556225,-0.1176089443073484,39,0,5.62341325190349,2019-05
2019-05,1,C,ridge_C_cvmin,-0.162019995996443,-0.12972697887810553,40,0,5.62341325190349,2019-06
2019-06,1,C,ridge_C_cvmin,-0.1699489503105278,-0.19844053962413408,41,0,5.62341325190349,2019-07
2019-07,1,C,ridge_C_cvmin,-0.13254149313806085,-0.1764597916151247,42,0,5.62341325190349,2019-08
2019-08,1,C,ridge_C_cvmin,-0.10635929945697065,-0.1423387591776913,43,0,5.62341325190349,2019-09
2019-09,1,C,ridge_C_cvmin,-0.05779475632724518,-0.11058625085254904,44,0,5.62341325190349,2019-10
2019-10,1,C,ridge_C_cvmin,-0.00018093141609387686,-0.04664966008932003,45,0,5.62341325190349,2019-11
2019-11,1,C,ridge_C_cvmin,0.015401496669076309,0.027894685061486527,46,0,5.62341325190349,2019-12
2019-12,1,C,ridge_C_cvmin,0.053302980614478024,0.05724760513943866,47,0,5.62341325190349,2020-01
2020-01,1,C,ridge_C_cvmin,0.06788635397216858,0.07964999418061715,48,0,10.0,2020-02
2020-02,1,C,ridge_C_cvmin,0.06131364395711714,0.1004577784230293,49,0,10.0,2020-03
2020-03,1,C,ridge_C_cvmin,0.061685489464946563,0.11510756551305765,50,0,10.0,2020-04
2020-04,1,C,ridge_C_cvmin,0.027643100408258903,0.06056007100455711,51,0,10.0,2020-05
2020-05,1,C,ridge_C_cvmin,0.02015637207568588,0.02961267123344124,52,0,10.0,2020-06
2020-06,1,C,ridge_C_cvmin,0.07902427028130266,0.058732511391274916,53,0,10.0,2020-07
2020-07,1,C,ridge_C_cvmin,0.11273027613878384,0.12325486593921947,54,0,10.0,2020-08
2020-08,1,C,ridge_C_cvmin,0.1662708030834681,0.13543880577942383,55,0,10.0,2020-09
2020-09,1,C,ridge_C_cvmin,0.20084180997002044,0.145139929553892,56,0,10.0,2020-10
2020-10,1,C,ridge_C_cvmin,0.18897717735197883,0.18136148453285153,57,0,10.0,2020-11
2020-11,1,C,ridge_C_cvmin,0.2770440950022879,0.21715968503741215,58,0,10.0,2020-12
2020-12,1,C,ridge_C_cvmin,0.50785746326929,0.27706734501638713,59,0,10.0,2021-01
2021-01,1,C,ridge_C_cvmin,0.38488391683708656,0.4774270034751702,60,0,5.62341325190349,2021-02
2021-02,1,C,ridge_C_cvmin,0.29375509750915185,0.3979476836715477,61,0,5.62341325190349,2021-03
2021-03,1,C,ridge_C_cvmin,0.21857472698838531,0.3732226439777817,62,0,5.62341325190349,2021-04
2021-04,1,C,ridge_C_cvmin,0.1828552381360593,0.2798992923160382,63,0,5.62341325190349,2021-05
2021-05,1,C,ridge_C_cvmin,0.1783960194572387,0.2069037375931243,64,0,5.62341325190349,2021-06
2021-06,1,C,ridge_C_cvmin,0.30249391682379834,0.17188535924553477,65,0,5.62341325190349,2021-07
2021-07,1,C,ridge_C_cvmin,0.27918265831892164,0.27949018567473827,66,0,5.62341325190349,2021-08
2021-08,1,C,ridge_C_cvmin,0.37343034970567235,0.2697302817832796,67,0,5.62341325190349,2021-09
2021-09,1,C,ridge_C_cvmin,0.414295768888584,0.35888304222706857,68,0,5.62341325190349,2021-10
2021-10,1,C,ridge_C_cvmin,0.46031321551620596,0.4091664729208259,69,0,5.62341325190349,2021-11
2021-11,1,C,ridge_C_cvmin,0.424559350130993,0.384938068507398,70,0,5.62341325190349,2021-12
2021-12,1,C,ridge_C_cvmin,0.31243624588939145,0.3085063987620596,71,0,5.62341325190349,2022-01
2022-01,1,C,ridge_C_cvmin,0.21501009709488095,0.1737483307897008,72,0,7.498942093324557,2022-02
2022-02,1,C,ridge_C_cvmin,0.17949873653979598,0.17369480846134125,73,0,7.498942093324557,2022-03
2022-03,1,C,ridge_C_cvmin,0.19636682485921764,0.18777345901312595,74,0,7.498942093324557,2022-04
2022-04,1,C,ridge_C_cvmin,0.21007621283730682,0.18906360277562723,75,0,7.498942093324557,2022-05
2022-05,1,C,ridge_C_cvmin,0.22138988054904996,0.18794283101101802,76,0,7.498942093324557,2022-06
2022-06,1,C,ridge_C_cvmin,0.21216069746505806,0.16170869906775606,77,0,7.498942093324557,2022-07
2022-07,1,C,ridge_C_cvmin,0.21946916030606278,0.12509085802263467,78,0,7.498942093324557,2022-08
2022-08,1,C,ridge_C_cvmin,0.1967644961301307,0.13153831272273409,79,0,7.498942093324557,2022-09
2022-09,1,C,ridge_C_cvmin,0.13277133400173557,0.13763328443765915,80,0,7.498942093324557,2022-10
2022-10,1,C,ridge_C_cvmin,0.05491709679865675,0.10163234123906886,81,0,7.498942093324557,2022-11
2022-11,1,C,ridge_C_cvmin,-0.17768328288736424,0.022396321213002265,82,0,7.498942093324557,2022-12
2022-12,1,C,ridge_C_cvmin,-0.4107880886783044,-0.15786974073347104,83,0,7.498942093324557,2023-01
2023-01,1,C,ridge_C_cvmin,-0.4620141510913722,-0.4162350435416511,84,0,10.0,2023-02
2023-02,1,C,ridge_C_cvmin,-0.4211035956119935,-0.4686801385520523,85,0,10.0,2023-03
2023-03,1,C,ridge_C_cvmin,-0.32588359957661517,-0.4156955157961633,86,0,10.0,2023-04
2023-04,1,C,ridge_C_cvmin,-0.25575742857266714,-0.3047543924822156,87,0,10.0,2023-05
2023-05,1,C,ridge_C_cvmin,-0.197116647525708,-0.20953336289162844,88,0,10.0,2023-06
2023-06,1,C,ridge_C_cvmin,-0.1250315522920764,-0.15242751019084044,89,0,10.0,2023-07
2023-07,1,C,ridge_C_cvmin,-0.05880840322426417,-0.08132912935274123,90,0,10.0,2023-08
2023-08,1,C,ridge_C_cvmin,0.06228909216658973,-0.07488624047478862,91,0,10.0,2023-09
2023-09,1,C,ridge_C_cvmin,0.13227165160660803,0.03946159079292971,92,0,10.0,2023-10
2023-10,1,C,ridge_C_cvmin,0.1949102945888015,0.14331512134704133,93,0,10.0,2023-11
2023-11,1,C,ridge_C_cvmin,0.2060724808009784,0.2161374664298686,94,0,10.0,2023-12
2023-12,1,C,ridge_C_cvmin,0.13813272450948766,0.1822589673284887,95,0,10.0,2024-01
2024-01,1,C,ridge_C_cvmin,0.09924565589742862,0.09941818016812182,96,0,1.7782794100389228,2024-02
2024-02,1,C,ridge_C_cvmin,0.13659955198097595,0.06663325194503432,97,0,1.7782794100389228,2024-03
2024-03,1,C,ridge_C_cvmin,0.12168219661830015,0.10359758835700993,98,0,1.7782794100389228,2024-04
2024-04,1,C,ridge_C_cvmin,0.10769118799980326,0.12517461999787574,99,0,1.7782794100389228,2024-05
2024-05,1,C,ridge_C_cvmin,0.12553245066484475,0.06914735682335019,100,0,1.7782794100389228,2024-06
2024-06,1,C,ridge_C_cvmin,0.10030768270483659,0.0942735807714347,101,0,1.7782794100389228,2024-07
2024-07,1,C,ridge_C_cvmin,0.11435029659720986,0.09436329791685984,102,0,1.7782794100389228,2024-08
2024-08,1,C,ridge_C_cvmin,0.1523395845498099,0.1500944286405159,103,0,1.7782794100389228,2024-09
2024-09,1,C,ridge_C_cvmin,0.13844516016519037,0.18240002949120024,104,0,1.7782794100389228,2024-10
2024-10,1,C,ridge_C_cvmin,0.1625603690382338,0.1228079028516082,105,0,1.7782794100389228,2024-11
2024-11,1,C,ridge_C_cvmin,0.1526939011305295,0.14765300178316115,106,0,1.7782794100389228,2024-12
2024-12,1,C,ridge_C_cvmin,0.1202386874939787,0.13317449937645598,107,0,1.7782794100389228,2025-01
2025-01,1,C,ridge_C_cvmin,0.10468238130205698,0.06293930786992578,108,0,31.622776601683793,2025-02
2025-02,1,C,ridge_C_cvmin,0.09714579768220766,0.051482378353515636,109,0,31.622776601683793,2025-03
2025-03,1,C,ridge_C_cvmin,0.11381069587248493,0.08096288304185614,110,0,31.622776601683793,2025-04
2025-04,1,C,ridge_C_cvmin,0.046442237222099614,0.12423707302052614,111,0,31.622776601683793,2025-05
2025-05,1,C,ridge_C_cvmin,0.05046482712716127,0.10968092092287181,112,0,31.622776601683793,2025-06
2025-06,1,C,ridge_C_cvmin,0.06793961764903766,0.12354409687912137,113,0,31.622776601683793,2025-07
2025-07,1,C,ridge_C_cvmin,0.1001488750851598,0.11300496511958473,114,0,31.622776601683793,2025-08
2025-08,1,C,ridge_C_cvmin,0.12693673269572603,0.10067898743637818,115,0,31.622776601683793,2025-09
2025-09,1,C,ridge_C_cvmin,0.15664259438721295,0.11330277855023851,116,0,31.622776601683793,2025-10
2025-10,1,C,ridge_C_cvmin,0.24338896549118694,0.15219333046738615,117,0,31.622776601683793,2025-11
2025-11,1,C,ridge_C_cvmin,0.2927016374251856,0.2057382791285121,118,0,31.622776601683793,2025-12
2025-12,1,C,ridge_C_cvmin,0.34040157988664,0.251822674554002,119,0,31.622776601683793,2026-01
2018-01,1,C,ridge_C_fixed10,-0.05542145035064561,-0.0658168821536132,24,0,10.0,2018-02
2018-02,1,C,ridge_C_fixed10,-0.08328308861044187,-0.06668223581532826,25,0,10.0,2018-03
2018-03,1,C,ridge_C_fixed10,-0.10025158139785884,-0.09414366787209968,26,0,10.0,2018-04
2018-04,1,C,ridge_C_fixed10,-0.14103272996206506,-0.08151184730567307,27,0,10.0,2018-05
2018-05,1,C,ridge_C_fixed10,-0.17440395268754072,-0.1269328964448338,28,0,10.0,2018-06
2018-06,1,C,ridge_C_fixed10,-0.16503891083751165,-0.17404160403813201,29,0,10.0,2018-07
2018-07,1,C,ridge_C_fixed10,-0.15838096868782126,-0.18742872065304,30,0,10.0,2018-08
2018-08,1,C,ridge_C_fixed10,-0.170063075500948,-0.1732530184353921,31,0,10.0,2018-09
2018-09,1,C,ridge_C_fixed10,-0.127894349129698,-0.1513824834985217,32,0,10.0,2018-10
2018-10,1,C,ridge_C_fixed10,-0.10601849871688662,-0.13468772733772633,33,0,10.0,2018-11
2018-11,1,C,ridge_C_fixed10,-0.10854096195465068,-0.11344596724120835,34,0,10.0,2018-12
2018-12,1,C,ridge_C_fixed10,-0.1554600699111064,-0.15332646811501277,35,0,10.0,2019-01
2019-01,1,C,ridge_C_fixed10,-0.12716759625159835,-0.14279597212930614,36,0,10.0,2019-02
2019-02,1,C,ridge_C_fixed10,-0.1264333178229715,-0.128394974598127,37,0,10.0,2019-03
2019-03,1,C,ridge_C_fixed10,-0.1442930531058373,-0.10353435942831621,38,0,10.0,2019-04
2019-04,1,C,ridge_C_fixed10,-0.17522419846556225,-0.12016103056232613,39,0,10.0,2019-05
2019-05,1,C,ridge_C_fixed10,-0.162019995996443,-0.13018985635331304,40,0,10.0,2019-06
2019-06,1,C,ridge_C_fixed10,-0.1699489503105278,-0.19120032376230128,41,0,10.0,2019-07
2019-07,1,C,ridge_C_fixed10,-0.13254149313806085,-0.17562107255878734,42,0,10.0,2019-08
2019-08,1,C,ridge_C_fixed10,-0.10635929945697065,-0.14658191316794242,43,0,10.0,2019-09
2019-09,1,C,ridge_C_fixed10,-0.05779475632724518,-0.11502325850965546,44,0,10.0,2019-10
2019-10,1,C,ridge_C_fixed10,-0.00018093141609387686,-0.057015873722507784,45,0,10.0,2019-11
2019-11,1,C,ridge_C_fixed10,0.015401496669076309,0.015270491175998338,46,0,10.0,2019-12
2019-12,1,C,ridge_C_fixed10,0.053302980614478024,0.04851859432925841,47,0,10.0,2020-01
2020-01,1,C,ridge_C_fixed10,0.06788635397216858,0.07964999418061715,48,0,10.0,2020-02
2020-02,1,C,ridge_C_fixed10,0.06131364395711714,0.1004577784230293,49,0,10.0,2020-03
2020-03,1,C,ridge_C_fixed10,0.061685489464946563,0.11510756551305765,50,0,10.0,2020-04
2020-04,1,C,ridge_C_fixed10,0.027643100408258903,0.06056007100455711,51,0,10.0,2020-05
2020-05,1,C,ridge_C_fixed10,0.02015637207568588,0.02961267123344124,52,0,10.0,2020-06
2020-06,1,C,ridge_C_fixed10,0.07902427028130266,0.058732511391274916,53,0,10.0,2020-07
2020-07,1,C,ridge_C_fixed10,0.11273027613878384,0.12325486593921947,54,0,10.0,2020-08
2020-08,1,C,ridge_C_fixed10,0.1662708030834681,0.13543880577942383,55,0,10.0,2020-09
2020-09,1,C,ridge_C_fixed10,0.20084180997002044,0.145139929553892,56,0,10.0,2020-10
2020-10,1,C,ridge_C_fixed10,0.18897717735197883,0.18136148453285153,57,0,10.0,2020-11
2020-11,1,C,ridge_C_fixed10,0.2770440950022879,0.21715968503741215,58,0,10.0,2020-12
2020-12,1,C,ridge_C_fixed10,0.50785746326929,0.27706734501638713,59,0,10.0,2021-01
2021-01,1,C,ridge_C_fixed10,0.38488391683708656,0.45304449963340454,60,0,10.0,2021-02
2021-02,1,C,ridge_C_fixed10,0.29375509750915185,0.3912519892545294,61,0,10.0,2021-03
2021-03,1,C,ridge_C_fixed10,0.21857472698838531,0.36549061495676727,62,0,10.0,2021-04
2021-04,1,C,ridge_C_fixed10,0.1828552381360593,0.28841493468606155,63,0,10.0,2021-05
2021-05,1,C,ridge_C_fixed10,0.1783960194572387,0.21048772082760056,64,0,10.0,2021-06
2021-06,1,C,ridge_C_fixed10,0.30249391682379834,0.17618604325017306,65,0,10.0,2021-07
2021-07,1,C,ridge_C_fixed10,0.27918265831892164,0.265821258149231,66,0,10.0,2021-08
2021-08,1,C,ridge_C_fixed10,0.37343034970567235,0.26254610961191366,67,0,10.0,2021-09
2021-09,1,C,ridge_C_fixed10,0.414295768888584,0.3449554116510308,68,0,10.0,2021-10
2021-10,1,C,ridge_C_fixed10,0.46031321551620596,0.3968336161072415,69,0,10.0,2021-11
2021-11,1,C,ridge_C_fixed10,0.424559350130993,0.3801834652591962,70,0,10.0,2021-12
2021-12,1,C,ridge_C_fixed10,0.31243624588939145,0.3199276621036423,71,0,10.0,2022-01
2022-01,1,C,ridge_C_fixed10,0.21501009709488095,0.1785355245389102,72,0,10.0,2022-02
2022-02,1,C,ridge_C_fixed10,0.17949873653979598,0.17423058156883847,73,0,10.0,2022-03
2022-03,1,C,ridge_C_fixed10,0.19636682485921764,0.18890011449301944,74,0,10.0,2022-04
2022-04,1,C,ridge_C_fixed10,0.21007621283730682,0.1900042779507015,75,0,10.0,2022-05
2022-05,1,C,ridge_C_fixed10,0.22138988054904996,0.18869042682714354,76,0,10.0,2022-06
2022-06,1,C,ridge_C_fixed10,0.21216069746505806,0.16063318602941368,77,0,10.0,2022-07
2022-07,1,C,ridge_C_fixed10,0.21946916030606278,0.12374538848166208,78,0,10.0,2022-08
2022-08,1,C,ridge_C_fixed10,0.1967644961301307,0.13263834413677647,79,0,10.0,2022-09
2022-09,1,C,ridge_C_fixed10,0.13277133400173557,0.13724114913723562,80,0,10.0,2022-10
2022-10,1,C,ridge_C_fixed10,0.05491709679865675,0.09951046874525044,81,0,10.0,2022-11
2022-11,1,C,ridge_C_fixed10,-0.17768328288736424,0.023997675409931734,82,0,10.0,2022-12
2022-12,1,C,ridge_C_fixed10,-0.4107880886783044,-0.15328171078802497,83,0,10.0,2023-01
2023-01,1,C,ridge_C_fixed10,-0.4620141510913722,-0.4162350435416511,84,0,10.0,2023-02
2023-02,1,C,ridge_C_fixed10,-0.4211035956119935,-0.4686801385520523,85,0,10.0,2023-03
2023-03,1,C,ridge_C_fixed10,-0.32588359957661517,-0.4156955157961633,86,0,10.0,2023-04
2023-04,1,C,ridge_C_fixed10,-0.25575742857266714,-0.3047543924822156,87,0,10.0,2023-05
2023-05,1,C,ridge_C_fixed10,-0.197116647525708,-0.20953336289162844,88,0,10.0,2023-06
2023-06,1,C,ridge_C_fixed10,-0.1250315522920764,-0.15242751019084044,89,0,10.0,2023-07
2023-07,1,C,ridge_C_fixed10,-0.05880840322426417,-0.08132912935274123,90,0,10.0,2023-08
2023-08,1,C,ridge_C_fixed10,0.06228909216658973,-0.07488624047478862,91,0,10.0,2023-09
2023-09,1,C,ridge_C_fixed10,0.13227165160660803,0.03946159079292971,92,0,10.0,2023-10
2023-10,1,C,ridge_C_fixed10,0.1949102945888015,0.14331512134704133,93,0,10.0,2023-11
2023-11,1,C,ridge_C_fixed10,0.2060724808009784,0.2161374664298686,94,0,10.0,2023-12
2023-12,1,C,ridge_C_fixed10,0.13813272450948766,0.1822589673284887,95,0,10.0,2024-01
2024-01,1,C,ridge_C_fixed10,0.09924565589742862,0.11432658496652114,96,0,10.0,2024-02
2024-02,1,C,ridge_C_fixed10,0.13659955198097595,0.07847383364579963,97,0,10.0,2024-03
2024-03,1,C,ridge_C_fixed10,0.12168219661830015,0.10488209470303135,98,0,10.0,2024-04
2024-04,1,C,ridge_C_fixed10,0.10769118799980326,0.10853371628027654,99,0,10.0,2024-05
2024-05,1,C,ridge_C_fixed10,0.12553245066484475,0.0635012385251083,100,0,10.0,2024-06
2024-06,1,C,ridge_C_fixed10,0.10030768270483659,0.08752356165224223,101,0,10.0,2024-07
2024-07,1,C,ridge_C_fixed10,0.11435029659720986,0.09638898801904067,102,0,10.0,2024-08
2024-08,1,C,ridge_C_fixed10,0.1523395845498099,0.14255798673082803,103,0,10.0,2024-09
2024-09,1,C,ridge_C_fixed10,0.13844516016519037,0.173229210479858,104,0,10.0,2024-10
2024-10,1,C,ridge_C_fixed10,0.1625603690382338,0.13419339070795117,105,0,10.0,2024-11
2024-11,1,C,ridge_C_fixed10,0.1526939011305295,0.14597906534751368,106,0,10.0,2024-12
2024-12,1,C,ridge_C_fixed10,0.1202386874939787,0.12573897596020867,107,0,10.0,2025-01
2025-01,1,C,ridge_C_fixed10,0.10468238130205698,0.05771046624579693,108,0,10.0,2025-02
2025-02,1,C,ridge_C_fixed10,0.09714579768220766,0.054213470995526813,109,0,10.0,2025-03
2025-03,1,C,ridge_C_fixed10,0.11381069587248493,0.09016863248771728,110,0,10.0,2025-04
2025-04,1,C,ridge_C_fixed10,0.046442237222099614,0.14267897372839516,111,0,10.0,2025-05
2025-05,1,C,ridge_C_fixed10,0.05046482712716127,0.10946168239756753,112,0,10.0,2025-06
2025-06,1,C,ridge_C_fixed10,0.06793961764903766,0.12504068533780235,113,0,10.0,2025-07
2025-07,1,C,ridge_C_fixed10,0.1001488750851598,0.11451953391485412,114,0,10.0,2025-08
2025-08,1,C,ridge_C_fixed10,0.12693673269572603,0.09791298966991818,115,0,10.0,2025-09
2025-09,1,C,ridge_C_fixed10,0.15664259438721295,0.10836735373892015,116,0,10.0,2025-10
2025-10,1,C,ridge_C_fixed10,0.24338896549118694,0.14861982659279202,117,0,10.0,2025-11
2025-11,1,C,ridge_C_fixed10,0.2927016374251856,0.22571814230496687,118,0,10.0,2025-12
2025-12,1,C,ridge_C_fixed10,0.34040157988664,0.27152169948593763,119,0,10.0,2026-01
2018-01,1,C,ridge_C_1se,-0.05542145035064561,-0.04416656039906651,24,0,562.341325190349,2018-02
2018-02,1,C,ridge_C_1se,-0.08328308861044187,-0.04507863666132494,25,0,562.341325190349,2018-03
2018-03,1,C,ridge_C_1se,-0.10025158139785884,-0.050616086199667426,26,0,562.341325190349,2018-04
2018-04,1,C,ridge_C_1se,-0.14103272996206506,-0.055036210490276904,27,0,562.341325190349,2018-05
2018-05,1,C,ridge_C_1se,-0.17440395268754072,-0.07096940830895594,28,0,562.341325190349,2018-06
2018-06,1,C,ridge_C_1se,-0.16503891083751165,-0.08819519158426964,29,0,562.341325190349,2018-07
2018-07,1,C,ridge_C_1se,-0.15838096868782126,-0.09884025474849999,30,0,562.341325190349,2018-08
2018-08,1,C,ridge_C_1se,-0.170063075500948,-0.10572281963886104,31,0,562.341325190349,2018-09
2018-09,1,C,ridge_C_1se,-0.127894349129698,-0.10849395917861078,32,0,562.341325190349,2018-10
2018-10,1,C,ridge_C_1se,-0.10601849871688662,-0.1049352111706991,33,0,562.341325190349,2018-11
2018-11,1,C,ridge_C_1se,-0.10854096195465068,-0.1030039771504501,34,0,562.341325190349,2018-12
2018-12,1,C,ridge_C_1se,-0.1554600699111064,-0.10600295464222495,35,0,562.341325190349,2019-01
2019-01,1,C,ridge_C_1se,-0.12716759625159835,-0.143992967344902,36,0,31.622776601683793,2019-02
2019-02,1,C,ridge_C_1se,-0.1264333178229715,-0.1356863021052448,37,0,31.622776601683793,2019-03
2019-03,1,C,ridge_C_1se,-0.1442930531058373,-0.11141320222204854,38,0,31.622776601683793,2019-04
2019-04,1,C,ridge_C_1se,-0.17522419846556225,-0.124803315399184,39,0,31.622776601683793,2019-05
2019-05,1,C,ridge_C_1se,-0.162019995996443,-0.13321552951365911,40,0,31.622776601683793,2019-06
2019-06,1,C,ridge_C_1se,-0.1699489503105278,-0.17496830628184368,41,0,31.622776601683793,2019-07
2019-07,1,C,ridge_C_1se,-0.13254149313806085,-0.17052302220602167,42,0,31.622776601683793,2019-08
2019-08,1,C,ridge_C_1se,-0.10635929945697065,-0.15206709724742917,43,0,31.622776601683793,2019-09
2019-09,1,C,ridge_C_1se,-0.05779475632724518,-0.12468434758823407,44,0,31.622776601683793,2019-10
2019-10,1,C,ridge_C_1se,-0.00018093141609387686,-0.07879999851468575,45,0,31.622776601683793,2019-11
2019-11,1,C,ridge_C_1se,0.015401496669076309,-0.018113945666990476,46,0,31.622776601683793,2019-12
2019-12,1,C,ridge_C_1se,0.053302980614478024,0.020035622287949764,47,0,31.622776601683793,2020-01
2020-01,1,C,ridge_C_1se,0.06788635397216858,0.06728778078582186,48,0,17.78279410038923,2020-02
2020-02,1,C,ridge_C_1se,0.06131364395711714,0.09148487439874523,49,0,17.78279410038923,2020-03
2020-03,1,C,ridge_C_1se,0.061685489464946563,0.11005516032797469,50,0,17.78279410038923,2020-04
2020-04,1,C,ridge_C_1se,0.027643100408258903,0.06051800288990755,51,0,17.78279410038923,2020-05
2020-05,1,C,ridge_C_1se,0.02015637207568588,0.03456326215579502,52,0,17.78279410038923,2020-06
2020-06,1,C,ridge_C_1se,0.07902427028130266,0.06057954053939367,53,0,17.78279410038923,2020-07
2020-07,1,C,ridge_C_1se,0.11273027613878384,0.11823606913352713,54,0,17.78279410038923,2020-08
2020-08,1,C,ridge_C_1se,0.1662708030834681,0.13121149745865865,55,0,17.78279410038923,2020-09
2020-09,1,C,ridge_C_1se,0.20084180997002044,0.14002668525004955,56,0,17.78279410038923,2020-10
2020-10,1,C,ridge_C_1se,0.18897717735197883,0.1738732952712344,57,0,17.78279410038923,2020-11
2020-11,1,C,ridge_C_1se,0.2770440950022879,0.21025288197573874,58,0,17.78279410038923,2020-12
2020-12,1,C,ridge_C_1se,0.50785746326929,0.26619121703562937,59,0,17.78279410038923,2021-01
2021-01,1,C,ridge_C_1se,0.38488391683708656,0.3245222335870913,60,0,100.0,2021-02
2021-02,1,C,ridge_C_1se,0.29375509750915185,0.3275859402195225,61,0,100.0,2021-03
2021-03,1,C,ridge_C_1se,0.21857472698838531,0.30334730371348745,62,0,100.0,2021-04
2021-04,1,C,ridge_C_1se,0.1828552381360593,0.2539429446866094,63,0,100.0,2021-05
2021-05,1,C,ridge_C_1se,0.1783960194572387,0.20414283458873653,64,0,100.0,2021-06
2021-06,1,C,ridge_C_1se,0.30249391682379834,0.18738278693490587,65,0,100.0,2021-07
2021-07,1,C,ridge_C_1se,0.27918265831892164,0.2190355281320755,66,0,100.0,2021-08
2021-08,1,C,ridge_C_1se,0.37343034970567235,0.2206359020101829,67,0,100.0,2021-09
2021-09,1,C,ridge_C_1se,0.414295768888584,0.27091524015217344,68,0,100.0,2021-10
2021-10,1,C,ridge_C_1se,0.46031321551620596,0.30732043203956994,69,0,100.0,2021-11
2021-11,1,C,ridge_C_1se,0.424559350130993,0.29411760622447114,70,0,100.0,2021-12
2021-12,1,C,ridge_C_1se,0.31243624588939145,0.2853753646187841,71,0,100.0,2022-01
2022-01,1,C,ridge_C_1se,0.21501009709488095,0.18850864140649676,72,0,56.23413251903491,2022-02
2022-02,1,C,ridge_C_1se,0.17949873653979598,0.178129643835091,73,0,56.23413251903491,2022-03
2022-03,1,C,ridge_C_1se,0.19636682485921764,0.1891306194271467,74,0,56.23413251903491,2022-04
2022-04,1,C,ridge_C_1se,0.21007621283730682,0.18831785497256348,75,0,56.23413251903491,2022-05
2022-05,1,C,ridge_C_1se,0.22138988054904996,0.18450500509494266,76,0,56.23413251903491,2022-06
2022-06,1,C,ridge_C_1se,0.21216069746505806,0.1511098157374199,77,0,56.23413251903491,2022-07
2022-07,1,C,ridge_C_1se,0.21946916030606278,0.12599627782871228,78,0,56.23413251903491,2022-08
2022-08,1,C,ridge_C_1se,0.1967644961301307,0.13576891056235546,79,0,56.23413251903491,2022-09
2022-09,1,C,ridge_C_1se,0.13277133400173557,0.13232146967482197,80,0,56.23413251903491,2022-10
2022-10,1,C,ridge_C_1se,0.05491709679865675,0.09077371009867219,81,0,56.23413251903491,2022-11
2022-11,1,C,ridge_C_1se,-0.17768328288736424,0.03373050631747817,82,0,56.23413251903491,2022-12
2022-12,1,C,ridge_C_1se,-0.4107880886783044,-0.10284167298464292,83,0,56.23413251903491,2023-01
2023-01,1,C,ridge_C_1se,-0.4620141510913722,-0.21282911322203854,84,0,177.82794100389228,2023-02
2023-02,1,C,ridge_C_1se,-0.4211035956119935,-0.3067777333077237,85,0,177.82794100389228,2023-03
2023-03,1,C,ridge_C_1se,-0.32588359957661517,-0.3398813852973366,86,0,177.82794100389228,2023-04
2023-04,1,C,ridge_C_1se,-0.25575742857266714,-0.2997677740247602,87,0,177.82794100389228,2023-05
2023-05,1,C,ridge_C_1se,-0.197116647525708,-0.25360799083167807,88,0,177.82794100389228,2023-06
2023-06,1,C,ridge_C_1se,-0.1250315522920764,-0.20297130094235305,89,0,177.82794100389228,2023-07
2023-07,1,C,ridge_C_1se,-0.05880840322426417,-0.13910150190980133,90,0,177.82794100389228,2023-08
2023-08,1,C,ridge_C_1se,0.06228909216658973,-0.10701156536182832,91,0,177.82794100389228,2023-09
2023-09,1,C,ridge_C_1se,0.13227165160660803,-0.04157634506225545,92,0,177.82794100389228,2023-10
2023-10,1,C,ridge_C_1se,0.1949102945888015,0.02509963765640539,93,0,177.82794100389228,2023-11
2023-11,1,C,ridge_C_1se,0.2060724808009784,0.08447332285892176,94,0,177.82794100389228,2023-12
2023-12,1,C,ridge_C_1se,0.13813272450948766,0.09551486921620987,95,0,177.82794100389228,2024-01
2024-01,1,C,ridge_C_1se,0.09924565589742862,0.10927861322275256,96,0,5.62341325190349,2024-02
2024-02,1,C,ridge_C_1se,0.13659955198097595,0.07196536991351203,97,0,5.62341325190349,2024-03
2024-03,1,C,ridge_C_1se,0.12168219661830015,0.10204646678188689,98,0,5.62341325190349,2024-04
2024-04,1,C,ridge_C_1se,0.10769118799980326,0.11155367220515112,99,0,5.62341325190349,2024-05
2024-05,1,C,ridge_C_1se,0.12553245066484475,0.06306986520040506,100,0,5.62341325190349,2024-06
2024-06,1,C,ridge_C_1se,0.10030768270483659,0.08817317486688402,101,0,5.62341325190349,2024-07
2024-07,1,C,ridge_C_1se,0.11435029659720986,0.09585877231091353,102,0,5.62341325190349,2024-08
2024-08,1,C,ridge_C_1se,0.1523395845498099,0.14521341984988562,103,0,5.62341325190349,2024-09
2024-09,1,C,ridge_C_1se,0.13844516016519037,0.17787010852296764,104,0,5.62341325190349,2024-10
2024-10,1,C,ridge_C_1se,0.1625603690382338,0.13054284725386517,105,0,5.62341325190349,2024-11
2024-11,1,C,ridge_C_1se,0.1526939011305295,0.14678772616037902,106,0,5.62341325190349,2024-12
2024-12,1,C,ridge_C_1se,0.1202386874939787,0.12848372688670506,107,0,5.62341325190349,2025-01
2025-01,1,C,ridge_C_1se,0.10468238130205698,0.0723676654888559,108,0,100.0,2025-02
2025-02,1,C,ridge_C_1se,0.09714579768220766,0.057567069264743906,109,0,100.0,2025-03
2025-03,1,C,ridge_C_1se,0.11381069587248493,0.07773316671627539,110,0,100.0,2025-04
2025-04,1,C,ridge_C_1se,0.046442237222099614,0.10835326028496875,111,0,100.0,2025-05
2025-05,1,C,ridge_C_1se,0.05046482712716127,0.1019557977397983,112,0,100.0,2025-06
2025-06,1,C,ridge_C_1se,0.06793961764903766,0.11409757419310965,113,0,100.0,2025-07
2025-07,1,C,ridge_C_1se,0.1001488750851598,0.10874551621988254,114,0,100.0,2025-08
2025-08,1,C,ridge_C_1se,0.12693673269572603,0.10376642538212424,115,0,100.0,2025-09
2025-09,1,C,ridge_C_1se,0.15664259438721295,0.11768334231958866,116,0,100.0,2025-10
2025-10,1,C,ridge_C_1se,0.24338896549118694,0.15356948878175425,117,0,100.0,2025-11
2025-11,1,C,ridge_C_1se,0.2927016374251856,0.1878895689346024,118,0,100.0,2025-12
2025-12,1,C,ridge_C_1se,0.34040157988664,0.22816372933706827,119,0,100.0,2026-01
2018-01,3,C,ridge_C_cvmin,-0.2387709564423801,-0.1872445142930817,22,0,17.78279410038923,2018-04
2018-02,3,C,ridge_C_cvmin,-0.3242251811533703,-0.20095603271575224,23,0,17.78279410038923,2018-05
2018-03,3,C,ridge_C_cvmin,-0.41512631371463105,-0.20793300962180405,24,0,17.78279410038923,2018-06
2018-04,3,C,ridge_C_cvmin,-0.47970943950674805,-0.2127942778690199,25,0,17.78279410038923,2018-07
2018-05,3,C,ridge_C_cvmin,-0.4969988408083936,-0.2735296014565922,26,0,17.78279410038923,2018-08
2018-06,3,C,ridge_C_cvmin,-0.4926719915349431,-0.3880103663574625,27,0,17.78279410038923,2018-09
2018-07,3,C,ridge_C_cvmin,-0.4556493288798369,-0.5107423358002626,28,0,17.78279410038923,2018-10
2018-08,3,C,ridge_C_cvmin,-0.4034427628869741,-0.5592298836739112,29,0,17.78279410038923,2018-11
2018-09,3,C,ridge_C_cvmin,-0.34206447404965257,-0.5190355049468107,30,0,17.78279410038923,2018-12
2018-10,3,C,ridge_C_cvmin,-0.3695710816900566,-0.4605183231285465,31,0,17.78279410038923,2019-01
2018-11,3,C,ridge_C_cvmin,-0.39066438107558943,-0.41136316513251436,32,0,17.78279410038923,2019-02
2018-12,3,C,ridge_C_cvmin,-0.40850620356835954,-0.43207583846941744,33,0,17.78279410038923,2019-03
2019-01,3,C,ridge_C_cvmin,-0.39736748846520564,-0.4042327404765124,34,0,42.16965034285822,2019-04
2019-02,3,C,ridge_C_cvmin,-0.44529407645581554,-0.4139243226037044,35,0,42.16965034285822,2019-05
2019-03,3,C,ridge_C_cvmin,-0.48076713902932555,-0.3548603882543524,36,0,42.16965034285822,2019-06
2019-04,3,C,ridge_C_cvmin,-0.5063365860468072,-0.3298597748100617,37,0,42.16965034285822,2019-07
2019-05,3,C,ridge_C_cvmin,-0.46379545651905607,-0.3520754788682543,38,0,42.16965034285822,2019-08
2019-06,3,C,ridge_C_cvmin,-0.4083030028900536,-0.4259897252175888,39,0,42.16965034285822,2019-09
2019-07,3,C,ridge_C_cvmin,-0.29641658806113247,-0.4706959556429716,40,0,42.16965034285822,2019-10
2019-08,3,C,ridge_C_cvmin,-0.1642732202073227,-0.47047151216095634,41,0,42.16965034285822,2019-11
2019-09,3,C,ridge_C_cvmin,-0.0425830156128959,-0.4230676328416969,42,0,42.16965034285822,2019-12
2019-10,3,C,ridge_C_cvmin,0.06853163100140058,-0.31768855901409404,43,0,42.16965034285822,2020-01
2019-11,3,C,ridge_C_cvmin,0.1366456872502475,-0.16405915223021553,44,0,42.16965034285822,2020-02
2019-12,3,C,ridge_C_cvmin,0.18261349177759456,-0.022161498518114692,45,0,42.16965034285822,2020-03
2020-01,3,C,ridge_C_cvmin,0.19100683431843013,-0.03674988848874264,46,0,100.0,2020-04
2020-02,3,C,ridge_C_cvmin,0.15071406668072385,0.03877213710575117,47,0,100.0,2020-05
2020-03,3,C,ridge_C_cvmin,0.10952002257063054,0.1336744603950431,48,0,100.0,2020-06
2020-04,3,C,ridge_C_cvmin,0.12686709219884573,0.11606093438966461,49,0,100.0,2020-07
2020-05,3,C,ridge_C_cvmin,0.2120386714898892,0.13459364905810234,50,0,100.0,2020-08
2020-06,3,C,ridge_C_cvmin,0.35843341372709947,0.19181867008986656,51,0,100.0,2020-09
2020-07,3,C,ridge_C_cvmin,0.48059105399802515,0.29293453269346226,52,0,100.0,2020-10
2020-08,3,C,ridge_C_cvmin,0.5571181218225085,0.3564723708631903,53,0,100.0,2020-11
2020-09,3,C,ridge_C_cvmin,0.6683236495008016,0.36325108674559553,54,0,100.0,2020-12
2020-10,3,C,ridge_C_cvmin,0.9767716684346839,0.38511773976294195,55,0,100.0,2021-01
2020-11,3,C,ridge_C_cvmin,1.1742188393572883,0.4973120606411928,56,0,100.0,2021-02
2020-12,3,C,ridge_C_cvmin,1.1910793545421239,0.5998655080112926,57,0,100.0,2021-03
2021-01,3,C,ridge_C_cvmin,0.8998301620737781,1.1031626801366734,58,0,10.0,2021-04
2021-02,3,C,ridge_C_cvmin,0.6967651330233027,1.188354595732259,59,0,10.0,2021-05
2021-03,3,C,ridge_C_cvmin,0.5809425080028019,1.2456234625103584,60,0,10.0,2021-06
2021-04,3,C,ridge_C_cvmin,0.6651651307166828,0.9647063508925258,61,0,10.0,2021-07
2021-05,3,C,ridge_C_cvmin,0.7619562995875961,0.7662243563344657,62,0,10.0,2021-08
2021-06,3,C,ridge_C_cvmin,0.9581267459340737,0.5698253329323598,63,0,10.0,2021-09
2021-07,3,C,ridge_C_cvmin,1.0706593970219558,0.5932402658487514,64,0,10.0,2021-10
2021-08,3,C,ridge_C_cvmin,1.2532195692090076,0.6538028603632287,65,0,10.0,2021-11
2021-09,3,C,ridge_C_cvmin,1.3047967235254587,0.792014158104865,66,0,10.0,2021-12
2021-10,3,C,ridge_C_cvmin,1.2020338829082489,0.9126620979228569,67,0,10.0,2022-01
2021-11,3,C,ridge_C_cvmin,0.9549196374170732,0.8718063113969552,68,0,10.0,2022-02
2021-12,3,C,ridge_C_cvmin,0.7085648143390078,0.817325750265532,69,0,10.0,2022-03
2022-01,3,C,ridge_C_cvmin,0.5920370412309417,0.36135313379937567,70,0,31.622776601683793,2022-04
2022-02,3,C,ridge_C_cvmin,0.5870845948108272,0.24827011401912724,71,0,31.622776601683793,2022-05
2022-03,3,C,ridge_C_cvmin,0.6291461752676586,0.21349877921581134,72,0,31.622776601683793,2022-06
2022-04,3,C,ridge_C_cvmin,0.6450082665339529,0.4460581448508009,73,0,31.622776601683793,2022-07
2022-05,3,C,ridge_C_cvmin,0.6544419812996471,0.45059056814467674,74,0,31.622776601683793,2022-08
2022-06,3,C,ridge_C_cvmin,0.6297101917064563,0.3873364005952361,75,0,31.622776601683793,2022-09
2022-07,3,C,ridge_C_cvmin,0.5499900401598534,0.34697024141203353,76,0,31.622776601683793,2022-10
2022-08,3,C,ridge_C_cvmin,0.3848952887568702,0.28712528564839745,77,0,31.622776601683793,2022-11
2022-09,3,C,ridge_C_cvmin,0.009744441553327654,0.2542169047083549,78,0,31.622776601683793,2022-12
2022-10,3,C,ridge_C_cvmin,-0.5331471435572444,0.1305457234736822,79,0,31.622776601683793,2023-01
2022-11,3,C,ridge_C_cvmin,-1.0470401721330402,0.0728207639263365,80,0,31.622776601683793,2023-02
2022-12,3,C,ridge_C_cvmin,-1.2883405267880788,-0.18081162984791938,81,0,31.622776601683793,2023-03
2023-01,3,C,ridge_C_cvmin,-1.2041841924311347,-0.6133547447906135,82,0,42.16965034285822,2023-04
2023-02,3,C,ridge_C_cvmin,-0.999465350742279,-1.0501334794146617,83,0,42.16965034285822,2023-05
2023-03,3,C,ridge_C_cvmin,-0.7767793357763564,-1.2715515251324376,84,0,42.16965034285822,2023-06
2023-04,3,C,ridge_C_cvmin,-0.5768358827688225,-1.0946390362772234,85,0,42.16965034285822,2023-07
2023-05,3,C,ridge_C_cvmin,-0.3805208397635207,-0.8454988646829665,86,0,42.16965034285822,2023-08
2023-06,3,C,ridge_C_cvmin,-0.12159180072907061,-0.630378945009653,87,0,42.16965034285822,2023-09
2023-07,3,C,ridge_C_cvmin,0.1357202648404776,-0.38767076220178304,88,0,42.16965034285822,2023-10
2023-08,3,C,ridge_C_cvmin,0.3899328086800047,-0.26331572317431523,89,0,42.16965034285822,2023-11
2023-09,3,C,ridge_C_cvmin,0.5341870012931071,0.009365697987000189,90,0,42.16965034285822,2023-12
2023-10,3,C,ridge_C_cvmin,0.5400715996301875,0.2301321844024973,91,0,42.16965034285822,2024-01
2023-11,3,C,ridge_C_cvmin,0.44407740595999723,0.4394418756263852,92,0,42.16965034285822,2024-02
2023-12,3,C,ridge_C_cvmin,0.3744394681857832,0.44061445494447377,93,0,42.16965034285822,2024-03
2024-01,3,C,ridge_C_cvmin,0.357950120211048,0.11234806404607767,94,0,3.1622776601683795,2024-04
2024-02,3,C,ridge_C_cvmin,0.3664174796193853,-0.0245962804524614,95,0,3.1622776601683795,2024-05
2024-03,3,C,ridge_C_cvmin,0.3553249788159185,-0.03192961235643864,96,0,3.1622776601683795,2024-06
2024-04,3,C,ridge_C_cvmin,0.33390058558773195,0.16219127634281721,97,0,3.1622776601683795,2024-07
2024-05,3,C,ridge_C_cvmin,0.34057474150994693,0.10215288315306373,98,0,3.1622776601683795,2024-08
2024-06,3,C,ridge_C_cvmin,0.3674394497951594,0.09567439627670664,99,0,3.1622776601683795,2024-09
2024-07,3,C,ridge_C_cvmin,0.405678702484602,0.1757845823358044,100,0,3.1622776601683795,2024-10
2024-08,3,C,ridge_C_cvmin,0.45402906414000466,0.3911297434248828,101,0,3.1622776601683795,2024-11
2024-09,3,C,ridge_C_cvmin,0.4543844480306314,0.5843045091005508,102,0,3.1622776601683795,2024-12
2024-10,3,C,ridge_C_cvmin,0.4361205334848295,0.4457982160015515,103,0,3.1622776601683795,2025-01
2024-11,3,C,ridge_C_cvmin,0.37808447159615177,0.4138296380575047,104,0,3.1622776601683795,2025-02
2024-12,3,C,ridge_C_cvmin,0.3224113588421673,0.2731651905752759,105,0,3.1622776601683795,2025-03
2025-01,3,C,ridge_C_cvmin,0.3159703871853159,0.1015170781120672,106,0,56.23413251903491,2025-04
2025-02,3,C,ridge_C_cvmin,0.25760731734791875,0.05626764136349936,107,0,56.23413251903491,2025-05
2025-03,3,C,ridge_C_cvmin,0.21085151449455886,0.13849164700844196,108,0,56.23413251903491,2025-06
2025-04,3,C,ridge_C_cvmin,0.16493597320501596,0.3021831147252837,109,0,56.23413251903491,2025-07
2025-05,3,C,ridge_C_cvmin,0.21870622052808653,0.3492527562767458,110,0,56.23413251903491,2025-08
2025-06,3,C,ridge_C_cvmin,0.29530671860216184,0.45262026897092056,111,0,56.23413251903491,2025-09
2025-07,3,C,ridge_C_cvmin,0.38421123979845984,0.3946273681933866,112,0,56.23413251903491,2025-10
2025-08,3,C,ridge_C_cvmin,0.5278578143032675,0.36841142806077537,113,0,56.23413251903491,2025-11
2025-09,3,C,ridge_C_cvmin,0.694286462946847,0.3624057449023923,114,0,56.23413251903491,2025-12
2025-10,3,C,ridge_C_cvmin,0.8790318722049939,0.4643670232905379,115,0,56.23413251903491,2026-01
2025-11,3,C,ridge_C_cvmin,0.9657730216603877,0.513177215635864,116,0,56.23413251903491,2026-02
2025-12,3,C,ridge_C_cvmin,0.9713880758105198,0.5800357707602857,117,0,56.23413251903491,2026-03
2018-01,3,C,ridge_C_fixed10,-0.2387709564423801,-0.18958388097309137,22,0,10.0,2018-04
2018-02,3,C,ridge_C_fixed10,-0.3242251811533703,-0.20786331661864282,23,0,10.0,2018-05
2018-03,3,C,ridge_C_fixed10,-0.41512631371463105,-0.2129408879134105,24,0,10.0,2018-06
2018-04,3,C,ridge_C_fixed10,-0.47970943950674805,-0.2157463467750238,25,0,10.0,2018-07
2018-05,3,C,ridge_C_fixed10,-0.4969988408083936,-0.27681532633228795,26,0,10.0,2018-08
2018-06,3,C,ridge_C_fixed10,-0.4926719915349431,-0.3983000171938772,27,0,10.0,2018-09
2018-07,3,C,ridge_C_fixed10,-0.4556493288798369,-0.5385069113406354,28,0,10.0,2018-10
2018-08,3,C,ridge_C_fixed10,-0.4034427628869741,-0.579132120206911,29,0,10.0,2018-11
2018-09,3,C,ridge_C_fixed10,-0.34206447404965257,-0.5284418060640292,30,0,10.0,2018-12
2018-10,3,C,ridge_C_fixed10,-0.3695710816900566,-0.4615084394857505,31,0,10.0,2019-01
2018-11,3,C,ridge_C_fixed10,-0.39066438107558943,-0.3982073288442989,32,0,10.0,2019-02
2018-12,3,C,ridge_C_fixed10,-0.40850620356835954,-0.42702760666023887,33,0,10.0,2019-03
2019-01,3,C,ridge_C_fixed10,-0.39736748846520564,-0.37241421280556614,34,0,10.0,2019-04
2019-02,3,C,ridge_C_fixed10,-0.44529407645581554,-0.37453203691882914,35,0,10.0,2019-05
2019-03,3,C,ridge_C_fixed10,-0.48076713902932555,-0.28624944672376157,36,0,10.0,2019-06
2019-04,3,C,ridge_C_fixed10,-0.5063365860468072,-0.26077878960375944,37,0,10.0,2019-07
2019-05,3,C,ridge_C_fixed10,-0.46379545651905607,-0.3134192638244833,38,0,10.0,2019-08
2019-06,3,C,ridge_C_fixed10,-0.4083030028900536,-0.4232483370957816,39,0,10.0,2019-09
2019-07,3,C,ridge_C_fixed10,-0.29641658806113247,-0.5062339459815582,40,0,10.0,2019-10
2019-08,3,C,ridge_C_fixed10,-0.1642732202073227,-0.49072274079470235,41,0,10.0,2019-11
2019-09,3,C,ridge_C_fixed10,-0.0425830156128959,-0.4142121628035548,42,0,10.0,2019-12
2019-10,3,C,ridge_C_fixed10,0.06853163100140058,-0.25942503149683566,43,0,10.0,2020-01
2019-11,3,C,ridge_C_fixed10,0.1366456872502475,-0.032827420458712786,44,0,10.0,2020-02
2019-12,3,C,ridge_C_fixed10,0.18261349177759456,0.1495937016394402,45,0,10.0,2020-03
2020-01,3,C,ridge_C_fixed10,0.19100683431843013,0.2616159453885827,46,0,10.0,2020-04
2020-02,3,C,ridge_C_fixed10,0.15071406668072385,0.3021218496734033,47,0,10.0,2020-05
2020-03,3,C,ridge_C_fixed10,0.10952002257063054,0.39114784899655647,48,0,10.0,2020-06
2020-04,3,C,ridge_C_fixed10,0.12686709219884573,0.28793836480525337,49,0,10.0,2020-07
2020-05,3,C,ridge_C_fixed10,0.2120386714898892,0.22842624135352546,50,0,10.0,2020-08
2020-06,3,C,ridge_C_fixed10,0.35843341372709947,0.2445063320153785,51,0,10.0,2020-09
2020-07,3,C,ridge_C_fixed10,0.48059105399802515,0.3941971134683424,52,0,10.0,2020-10
2020-08,3,C,ridge_C_fixed10,0.5571181218225085,0.5067925680737833,53,0,10.0,2020-11
2020-09,3,C,ridge_C_fixed10,0.6683236495008016,0.4997115930056259,54,0,10.0,2020-12
2020-10,3,C,ridge_C_fixed10,0.9767716684346839,0.5009490790455735,55,0,10.0,2021-01
2020-11,3,C,ridge_C_fixed10,1.1742188393572883,0.6132363712498905,56,0,10.0,2021-02
2020-12,3,C,ridge_C_fixed10,1.1910793545421239,0.7611811875648677,57,0,10.0,2021-03
2021-01,3,C,ridge_C_fixed10,0.8998301620737781,1.1031626801366734,58,0,10.0,2021-04
2021-02,3,C,ridge_C_fixed10,0.6967651330233027,1.188354595732259,59,0,10.0,2021-05
2021-03,3,C,ridge_C_fixed10,0.5809425080028019,1.2456234625103584,60,0,10.0,2021-06
2021-04,3,C,ridge_C_fixed10,0.6651651307166828,0.9647063508925258,61,0,10.0,2021-07
2021-05,3,C,ridge_C_fixed10,0.7619562995875961,0.7662243563344657,62,0,10.0,2021-08
2021-06,3,C,ridge_C_fixed10,0.9581267459340737,0.5698253329323598,63,0,10.0,2021-09
2021-07,3,C,ridge_C_fixed10,1.0706593970219558,0.5932402658487514,64,0,10.0,2021-10
2021-08,3,C,ridge_C_fixed10,1.2532195692090076,0.6538028603632287,65,0,10.0,2021-11
2021-09,3,C,ridge_C_fixed10,1.3047967235254587,0.792014158104865,66,0,10.0,2021-12
2021-10,3,C,ridge_C_fixed10,1.2020338829082489,0.9126620979228569,67,0,10.0,2022-01
2021-11,3,C,ridge_C_fixed10,0.9549196374170732,0.8718063113969552,68,0,10.0,2022-02
2021-12,3,C,ridge_C_fixed10,0.7085648143390078,0.817325750265532,69,0,10.0,2022-03
2022-01,3,C,ridge_C_fixed10,0.5920370412309417,0.30632499755816606,70,0,10.0,2022-04
2022-02,3,C,ridge_C_fixed10,0.5870845948108272,0.1504360836093879,71,0,10.0,2022-05
2022-03,3,C,ridge_C_fixed10,0.6291461752676586,0.10163915453580992,72,0,10.0,2022-06
2022-04,3,C,ridge_C_fixed10,0.6450082665339529,0.44520135256282645,73,0,10.0,2022-07
2022-05,3,C,ridge_C_fixed10,0.6544419812996471,0.42339441811512785,74,0,10.0,2022-08
2022-06,3,C,ridge_C_fixed10,0.6297101917064563,0.3756321677050784,75,0,10.0,2022-09
2022-07,3,C,ridge_C_fixed10,0.5499900401598534,0.3125982560002438,76,0,10.0,2022-10
2022-08,3,C,ridge_C_fixed10,0.3848952887568702,0.22036100736074027,77,0,10.0,2022-11
2022-09,3,C,ridge_C_fixed10,0.009744441553327654,0.18499126563633073,78,0,10.0,2022-12
2022-10,3,C,ridge_C_fixed10,-0.5331471435572444,0.0744529380765386,79,0,10.0,2023-01
2022-11,3,C,ridge_C_fixed10,-1.0470401721330402,0.06777246405503849,80,0,10.0,2023-02
2022-12,3,C,ridge_C_fixed10,-1.2883405267880788,-0.1776759603574546,81,0,10.0,2023-03
2023-01,3,C,ridge_C_fixed10,-1.2041841924311347,-0.7194208467582609,82,0,10.0,2023-04
2023-02,3,C,ridge_C_fixed10,-0.999465350742279,-1.1988466424737312,83,0,10.0,2023-05
2023-03,3,C,ridge_C_fixed10,-0.7767793357763564,-1.3335594477083166,84,0,10.0,2023-06
2023-04,3,C,ridge_C_fixed10,-0.5768358827688225,-0.9689362451556129,85,0,10.0,2023-07
2023-05,3,C,ridge_C_fixed10,-0.3805208397635207,-0.6417780066464513,86,0,10.0,2023-08
2023-06,3,C,ridge_C_fixed10,-0.12159180072907061,-0.49628086595692666,87,0,10.0,2023-09
2023-07,3,C,ridge_C_fixed10,0.1357202648404776,-0.3113426016932621,88,0,10.0,2023-10
2023-08,3,C,ridge_C_fixed10,0.3899328086800047,-0.2510668824260637,89,0,10.0,2023-11
2023-09,3,C,ridge_C_fixed10,0.5341870012931071,0.060795206500144104,90,0,10.0,2023-12
2023-10,3,C,ridge_C_fixed10,0.5400715996301875,0.3172299127485267,91,0,10.0,2024-01
2023-11,3,C,ridge_C_fixed10,0.44407740595999723,0.5763298607433569,92,0,10.0,2024-02
2023-12,3,C,ridge_C_fixed10,0.3744394681857832,0.5051782146730422,93,0,10.0,2024-03
2024-01,3,C,ridge_C_fixed10,0.357950120211048,0.2275897556258471,94,0,10.0,2024-04
2024-02,3,C,ridge_C_fixed10,0.3664174796193853,0.10433541511657614,95,0,10.0,2024-05
2024-03,3,C,ridge_C_fixed10,0.3553249788159185,0.08112179960112177,96,0,10.0,2024-06
2024-04,3,C,ridge_C_fixed10,0.33390058558773195,0.18255142694462426,97,0,10.0,2024-07
2024-05,3,C,ridge_C_fixed10,0.34057474150994693,0.12416846588531906,98,0,10.0,2024-08
2024-06,3,C,ridge_C_fixed10,0.3674394497951594,0.13599365859886842,99,0,10.0,2024-09
2024-07,3,C,ridge_C_fixed10,0.405678702484602,0.2055569425549101,100,0,10.0,2024-10
2024-08,3,C,ridge_C_fixed10,0.45402906414000466,0.3730556780920592,101,0,10.0,2024-11
2024-09,3,C,ridge_C_fixed10,0.4543844480306314,0.5172539672008976,102,0,10.0,2024-12
2024-10,3,C,ridge_C_fixed10,0.4361205334848295,0.42062278602385633,103,0,10.0,2025-01
2024-11,3,C,ridge_C_fixed10,0.37808447159615177,0.3845524231817053,104,0,10.0,2025-02
2024-12,3,C,ridge_C_fixed10,0.3224113588421673,0.2555208032938311,105,0,10.0,2025-03
2025-01,3,C,ridge_C_fixed10,0.3159703871853159,0.026472791921868036,106,0,10.0,2025-04
2025-02,3,C,ridge_C_fixed10,0.25760731734791875,-0.02442220543007534,107,0,10.0,2025-05
2025-03,3,C,ridge_C_fixed10,0.21085151449455886,0.09741105705164121,108,0,10.0,2025-06
2025-04,3,C,ridge_C_fixed10,0.16493597320501596,0.38092375677256757,109,0,10.0,2025-07
2025-05,3,C,ridge_C_fixed10,0.21870622052808653,0.46025730364379897,110,0,10.0,2025-08
2025-06,3,C,ridge_C_fixed10,0.29530671860216184,0.6358093099401249,111,0,10.0,2025-09
2025-07,3,C,ridge_C_fixed10,0.38421123979845984,0.48962036317418195,112,0,10.0,2025-10
2025-08,3,C,ridge_C_fixed10,0.5278578143032675,0.43927461938047097,113,0,10.0,2025-11
2025-09,3,C,ridge_C_fixed10,0.694286462946847,0.34986674650786354,114,0,10.0,2025-12
2025-10,3,C,ridge_C_fixed10,0.8790318722049939,0.41703832586610934,115,0,10.0,2026-01
2025-11,3,C,ridge_C_fixed10,0.9657730216603877,0.48058720161355006,116,0,10.0,2026-02
2025-12,3,C,ridge_C_fixed10,0.9713880758105198,0.5301718780155299,117,0,10.0,2026-03
2018-01,3,C,ridge_C_1se,-0.2387709564423801,-0.15338211454278997,22,0,177.82794100389228,2018-04
2018-02,3,C,ridge_C_1se,-0.3242251811533703,-0.16038897212029446,23,0,177.82794100389228,2018-05
2018-03,3,C,ridge_C_1se,-0.41512631371463105,-0.17053697788677852,24,0,177.82794100389228,2018-06
2018-04,3,C,ridge_C_1se,-0.47970943950674805,-0.181324881302876,25,0,177.82794100389228,2018-07
2018-05,3,C,ridge_C_1se,-0.4969988408083936,-0.22486493436850058,26,0,177.82794100389228,2018-08
2018-06,3,C,ridge_C_1se,-0.4926719915349431,-0.2936353126627288,27,0,177.82794100389228,2018-09
2018-07,3,C,ridge_C_1se,-0.4556493288798369,-0.35908467008602957,28,0,177.82794100389228,2018-10
2018-08,3,C,ridge_C_1se,-0.4034427628869741,-0.40729031853268344,29,0,177.82794100389228,2018-11
2018-09,3,C,ridge_C_1se,-0.34206447404965257,-0.4105628899217776,30,0,177.82794100389228,2018-12
2018-10,3,C,ridge_C_1se,-0.3695710816900566,-0.3925823672990871,31,0,177.82794100389228,2019-01
2018-11,3,C,ridge_C_1se,-0.39066438107558943,-0.3815814197086363,32,0,177.82794100389228,2019-02
2018-12,3,C,ridge_C_1se,-0.40850620356835954,-0.38594806711069185,33,0,177.82794100389228,2019-03
2019-01,3,C,ridge_C_1se,-0.39736748846520564,-0.3461054407673434,34,0,316.2277660168379,2019-04
2019-02,3,C,ridge_C_1se,-0.44529407645581554,-0.3578626789498012,35,0,316.2277660168379,2019-05
2019-03,3,C,ridge_C_1se,-0.48076713902932555,-0.33803956315757777,36,0,316.2277660168379,2019-06
2019-04,3,C,ridge_C_1se,-0.5063365860468072,-0.34190857469072927,37,0,316.2277660168379,2019-07
2019-05,3,C,ridge_C_1se,-0.46379545651905607,-0.36005190282656374,38,0,316.2277660168379,2019-08
2019-06,3,C,ridge_C_1se,-0.4083030028900536,-0.3911967378401502,39,0,316.2277660168379,2019-09
2019-07,3,C,ridge_C_1se,-0.29641658806113247,-0.4113214706632441,40,0,316.2277660168379,2019-10
2019-08,3,C,ridge_C_1se,-0.1642732202073227,-0.4142249040151373,41,0,316.2277660168379,2019-11
2019-09,3,C,ridge_C_1se,-0.0425830156128959,-0.3931394666275444,42,0,316.2277660168379,2019-12
2019-10,3,C,ridge_C_1se,0.06853163100140058,-0.34075756109729627,43,0,316.2277660168379,2020-01
2019-11,3,C,ridge_C_1se,0.1366456872502475,-0.2714934583194394,44,0,316.2277660168379,2020-02
2019-12,3,C,ridge_C_1se,0.18261349177759456,-0.20001523643828772,45,0,316.2277660168379,2020-03
2020-01,3,C,ridge_C_1se,0.19100683431843013,-0.21509482820461168,46,0,1778.2794100389228,2020-04
2020-02,3,C,ridge_C_1se,0.15071406668072385,-0.18794824432287915,47,0,1778.2794100389228,2020-05
2020-03,3,C,ridge_C_1se,0.10952002257063054,-0.15633513922935957,48,0,1778.2794100389228,2020-06
2020-04,3,C,ridge_C_1se,0.12686709219884573,-0.1465903814219558,49,0,1778.2794100389228,2020-07
2020-05,3,C,ridge_C_1se,0.2120386714898892,-0.1264963169934825,50,0,1778.2794100389228,2020-08
2020-06,3,C,ridge_C_1se,0.35843341372709947,-0.09873319839104573,51,0,1778.2794100389228,2020-09
2020-07,3,C,ridge_C_1se,0.48059105399802515,-0.06409845892127541,52,0,1778.2794100389228,2020-10
2020-08,3,C,ridge_C_1se,0.5571181218225085,-0.03329874263139554,53,0,1778.2794100389228,2020-11
2020-09,3,C,ridge_C_1se,0.6683236495008016,-0.013104744901652948,54,0,1778.2794100389228,2020-12
2020-10,3,C,ridge_C_1se,0.9767716684346839,0.011978842844527743,55,0,1778.2794100389228,2021-01
2020-11,3,C,ridge_C_1se,1.1742188393572883,0.062974289927443,56,0,1778.2794100389228,2021-02
2020-12,3,C,ridge_C_1se,1.1910793545421239,0.11014360503620671,57,0,1778.2794100389228,2021-03
2021-01,3,C,ridge_C_1se,0.8998301620737781,0.8827988156524951,58,0,56.23413251903491,2021-04
2021-02,3,C,ridge_C_1se,0.6967651330233027,0.964002271296745,59,0,56.23413251903491,2021-05
2021-03,3,C,ridge_C_1se,0.5809425080028019,1.0215082516315188,60,0,56.23413251903491,2021-06
2021-04,3,C,ridge_C_1se,0.6651651307166828,0.8602896082559983,61,0,56.23413251903491,2021-07
2021-05,3,C,ridge_C_1se,0.7619562995875961,0.6946725769259126,62,0,56.23413251903491,2021-08
2021-06,3,C,ridge_C_1se,0.9581267459340737,0.6081125731019659,63,0,56.23413251903491,2021-09
2021-07,3,C,ridge_C_1se,1.0706593970219558,0.599190814042216,64,0,56.23413251903491,2021-10
2021-08,3,C,ridge_C_1se,1.2532195692090076,0.6225914453476316,65,0,56.23413251903491,2021-11
2021-09,3,C,ridge_C_1se,1.3047967235254587,0.740365998190622,66,0,56.23413251903491,2021-12
2021-10,3,C,ridge_C_1se,1.2020338829082489,0.8243971614454202,67,0,56.23413251903491,2022-01
2021-11,3,C,ridge_C_1se,0.9549196374170732,0.7542498622592022,68,0,56.23413251903491,2022-02
2021-12,3,C,ridge_C_1se,0.7085648143390078,0.7427493243437637,69,0,56.23413251903491,2022-03
2022-01,3,C,ridge_C_1se,0.5920370412309417,0.35083171332931123,70,0,177.82794100389228,2022-04
2022-02,3,C,ridge_C_1se,0.5870845948108272,0.2887338405423517,71,0,177.82794100389228,2022-05
2022-03,3,C,ridge_C_1se,0.6291461752676586,0.2846833362860414,72,0,177.82794100389228,2022-06
2022-04,3,C,ridge_C_1se,0.6450082665339529,0.4039303656518934,73,0,177.82794100389228,2022-07
2022-05,3,C,ridge_C_1se,0.6544419812996471,0.40531234067014316,74,0,177.82794100389228,2022-08
2022-06,3,C,ridge_C_1se,0.6297101917064563,0.3344165760278017,75,0,177.82794100389228,2022-09
2022-07,3,C,ridge_C_1se,0.5499900401598534,0.321152955367898,76,0,177.82794100389228,2022-10
2022-08,3,C,ridge_C_1se,0.3848952887568702,0.2993447670179288,77,0,177.82794100389228,2022-11
2022-09,3,C,ridge_C_1se,0.009744441553327654,0.2742798930826712,78,0,177.82794100389228,2022-12
2022-10,3,C,ridge_C_1se,-0.5331471435572444,0.17075905555137896,79,0,177.82794100389228,2023-01
2022-11,3,C,ridge_C_1se,-1.0470401721330402,0.08684080630705981,80,0,177.82794100389228,2023-02
2022-12,3,C,ridge_C_1se,-1.2883405267880788,-0.13452436509829468,81,0,177.82794100389228,2023-03
2023-01,3,C,ridge_C_1se,-1.2041841924311347,-0.45090140638044607,82,0,177.82794100389228,2023-04
2023-02,3,C,ridge_C_1se,-0.999465350742279,-0.7611355652412107,83,0,177.82794100389228,2023-05
2023-03,3,C,ridge_C_1se,-0.7767793357763564,-0.975878282279852,84,0,177.82794100389228,2023-06
2023-04,3,C,ridge_C_1se,-0.5768358827688225,-0.9422779208545888,85,0,177.82794100389228,2023-07
2023-05,3,C,ridge_C_1se,-0.3805208397635207,-0.8204148422740773,86,0,177.82794100389228,2023-08
2023-06,3,C,ridge_C_1se,-0.12159180072907061,-0.6478290472889173,87,0,177.82794100389228,2023-09
2023-07,3,C,ridge_C_1se,0.1357202648404776,-0.446482748123748,88,0,177.82794100389228,2023-10
2023-08,3,C,ridge_C_1se,0.3899328086800047,-0.31256470207137343,89,0,177.82794100389228,2023-11
2023-09,3,C,ridge_C_1se,0.5341870012931071,-0.11693915053125953,90,0,177.82794100389228,2023-12
2023-10,3,C,ridge_C_1se,0.5400715996301875,0.04935540428405817,91,0,177.82794100389228,2024-01
2023-11,3,C,ridge_C_1se,0.44407740595999723,0.1951184690587381,92,0,177.82794100389228,2024-02
2023-12,3,C,ridge_C_1se,0.3744394681857832,0.23631282349601862,93,0,177.82794100389228,2024-03
2024-01,3,C,ridge_C_1se,0.357950120211048,0.09392028284739284,94,0,562.341325190349,2024-04
2024-02,3,C,ridge_C_1se,0.3664174796193853,0.12079300163262173,95,0,562.341325190349,2024-05
2024-03,3,C,ridge_C_1se,0.3553249788159185,0.13734253702722382,96,0,562.341325190349,2024-06
2024-04,3,C,ridge_C_1se,0.33390058558773195,0.13098092676851775,97,0,562.341325190349,2024-07
2024-05,3,C,ridge_C_1se,0.34057474150994693,0.12563239393325243,98,0,562.341325190349,2024-08
2024-06,3,C,ridge_C_1se,0.3674394497951594,0.15766147167459926,99,0,562.341325190349,2024-09
2024-07,3,C,ridge_C_1se,0.405678702484602,0.17862081685080483,100,0,562.341325190349,2024-10
2024-08,3,C,ridge_C_1se,0.45402906414000466,0.21525759898357238,101,0,562.341325190349,2024-11
2024-09,3,C,ridge_C_1se,0.4543844480306314,0.2489912277395498,102,0,562.341325190349,2024-12
2024-10,3,C,ridge_C_1se,0.4361205334848295,0.2510236772442266,103,0,562.341325190349,2025-01
2024-11,3,C,ridge_C_1se,0.37808447159615177,0.2381072970721798,104,0,562.341325190349,2025-02
2024-12,3,C,ridge_C_1se,0.3224113588421673,0.20286194631155324,105,0,562.341325190349,2025-03
2025-01,3,C,ridge_C_1se,0.3159703871853159,0.1015170781120672,106,0,56.23413251903491,2025-04
2025-02,3,C,ridge_C_1se,0.25760731734791875,0.05626764136349936,107,0,56.23413251903491,2025-05
2025-03,3,C,ridge_C_1se,0.21085151449455886,0.13849164700844196,108,0,56.23413251903491,2025-06
2025-04,3,C,ridge_C_1se,0.16493597320501596,0.3021831147252837,109,0,56.23413251903491,2025-07
2025-05,3,C,ridge_C_1se,0.21870622052808653,0.3492527562767458,110,0,56.23413251903491,2025-08
2025-06,3,C,ridge_C_1se,0.29530671860216184,0.45262026897092056,111,0,56.23413251903491,2025-09
2025-07,3,C,ridge_C_1se,0.38421123979845984,0.3946273681933866,112,0,56.23413251903491,2025-10
2025-08,3,C,ridge_C_1se,0.5278578143032675,0.36841142806077537,113,0,56.23413251903491,2025-11
2025-09,3,C,ridge_C_1se,0.694286462946847,0.3624057449023923,114,0,56.23413251903491,2025-12
2025-10,3,C,ridge_C_1se,0.8790318722049939,0.4643670232905379,115,0,56.23413251903491,2026-01
2025-11,3,C,ridge_C_1se,0.9657730216603877,0.513177215635864,116,0,56.23413251903491,2026-02
2025-12,3,C,ridge_C_1se,0.9713880758105198,0.5800357707602857,117,0,56.23413251903491,2026-03
2018-01,6,C,ridge_C_cvmin,-0.7173349891322678,-0.3490951411260066,19,0,10.0,2018-07
2018-02,6,C,ridge_C_cvmin,-0.8196126265698211,-0.3464262178750241,20,0,10.0,2018-08
2018-03,6,C,ridge_C_cvmin,-0.9057530941724012,-0.36211913841095844,21,0,10.0,2018-09
2018-04,6,C,ridge_C_cvmin,-0.9331729755448936,-0.40925594684776573,22,0,10.0,2018-10
2018-05,6,C,ridge_C_cvmin,-0.8984364978404935,-0.5416898035465503,23,0,10.0,2018-11
2018-06,6,C,ridge_C_cvmin,-0.8330512097279641,-0.6369405987710971,24,0,10.0,2018-12
2018-07,6,C,ridge_C_cvmin,-0.823536462416441,-0.7101501762239306,25,0,10.0,2019-01
2018-08,6,C,ridge_C_cvmin,-0.7925310367899341,-0.8120346241882582,26,0,10.0,2019-02
2018-09,6,C,ridge_C_cvmin,-0.7491733230213127,-0.9683642918658002,27,0,10.0,2019-03
2018-10,6,C,ridge_C_cvmin,-0.765470014829861,-1.0216883400307242,28,0,10.0,2019-04
2018-11,6,C,ridge_C_cvmin,-0.8342188521836547,-0.9672035488992701,29,0,10.0,2019-05
2018-12,6,C,ridge_C_cvmin,-0.8873093790100262,-0.946383332837427,30,0,10.0,2019-06
2019-01,6,C,ridge_C_cvmin,-0.9016920575368514,-0.8158808704732171,31,0,10.0,2019-07
2019-02,6,C,ridge_C_cvmin,-0.907024279280122,-0.8189179965184438,32,0,10.0,2019-08
2019-03,6,C,ridge_C_cvmin,-0.887107155253819,-0.7455973617291145,33,0,10.0,2019-09
2019-04,6,C,ridge_C_cvmin,-0.8012523084754641,-0.6366640763590918,34,0,10.0,2019-10
2019-05,6,C,ridge_C_cvmin,-0.6273067849947855,-0.6622595937440737,35,0,10.0,2019-11
2019-06,6,C,ridge_C_cvmin,-0.45071215077149285,-0.7087948316589094,36,0,10.0,2019-12
2019-07,6,C,ridge_C_cvmin,-0.22808809618207748,-0.7775248892460629,37,0,10.0,2020-01
2019-08,6,C,ridge_C_cvmin,-0.027852005227801957,-0.7896529661021763,38,0,10.0,2020-02
2019-09,6,C,ridge_C_cvmin,0.13995271383298036,-0.8008852932667189,39,0,10.0,2020-03
2019-10,6,C,ridge_C_cvmin,0.2596693654187021,-0.7464325367963711,40,0,10.0,2020-04
2019-11,6,C,ridge_C_cvmin,0.2875656982031627,-0.5910763443105874,41,0,10.0,2020-05
2019-12,6,C,ridge_C_cvmin,0.29233351268564967,-0.32540166946529747,42,0,10.0,2020-06
2020-01,6,C,ridge_C_cvmin,0.31811625133388866,-0.35486911096771295,43,0,74.98942093324558,2020-07
2020-02,6,C,ridge_C_cvmin,0.3630723102753475,-0.1990393966339401,44,0,74.98942093324558,2020-08
2020-03,6,C,ridge_C_cvmin,0.46834599265335175,0.01875236279323056,45,0,74.98942093324558,2020-09
2020-04,6,C,ridge_C_cvmin,0.6080678580924648,0.02213139221588789,46,0,74.98942093324558,2020-10
2020-05,6,C,ridge_C_cvmin,0.7703380991765485,0.14624298051396423,47,0,74.98942093324558,2020-11
2020-06,6,C,ridge_C_cvmin,1.0291525584995576,0.33626849975649936,48,0,74.98942093324558,2020-12
2020-07,6,C,ridge_C_cvmin,1.4620569996891986,0.536606294798872,49,0,74.98942093324558,2021-01
2020-08,6,C,ridge_C_cvmin,1.7378787471237,0.5889878765863688,50,0,74.98942093324558,2021-02
2020-09,6,C,ridge_C_cvmin,1.8673632690536568,0.5768239136862898,51,0,74.98942093324558,2021-03
2020-10,6,C,ridge_C_cvmin,1.8853911165956472,0.6837317848685649,52,0,74.98942093324558,2021-04
2020-11,6,C,ridge_C_cvmin,1.8791655198386215,0.9847722866129736,53,0,74.98942093324558,2021-05
2020-12,6,C,ridge_C_cvmin,1.7789413488195294,1.0576800684743766,54,0,74.98942093324558,2021-06
2021-01,6,C,ridge_C_cvmin,1.570980649264242,1.136409737910315,55,0,0.5623413251903491,2021-07
2021-02,6,C,ridge_C_cvmin,1.4640304784353075,1.0305589199338168,56,0,0.5623413251903491,2021-08
2021-03,6,C,ridge_C_cvmin,1.5446354194845524,1.2622104315789344,57,0,0.5623413251903491,2021-09
2021-04,6,C,ridge_C_cvmin,1.7429461807163538,1.4110013501270262,58,0,0.5623413251903491,2021-10
2021-05,6,C,ridge_C_cvmin,2.024724854251847,1.1505371563781066,59,0,0.5623413251903491,2021-11
2021-06,6,C,ridge_C_cvmin,2.2754250758477035,0.9224626159732235,60,0,0.5623413251903491,2021-12
2021-07,6,C,ridge_C_cvmin,2.2855629686529433,0.829664339127538,61,0,0.5623413251903491,2022-01
2021-08,6,C,ridge_C_cvmin,2.2201064463924114,0.7831437767103682,62,0,0.5623413251903491,2022-02
2021-09,6,C,ridge_C_cvmin,2.022606868346033,0.9256981968282567,63,0,0.5623413251903491,2022-03
2021-10,6,C,ridge_C_cvmin,1.8011874099741476,0.9594404523067368,64,0,0.5623413251903491,2022-04
2021-11,6,C,ridge_C_cvmin,1.5476104183120176,0.8302313607719403,65,0,0.5623413251903491,2022-05
2021-12,6,C,ridge_C_cvmin,1.3421688980353785,0.7081589667428698,66,0,0.5623413251903491,2022-06
2022-01,6,C,ridge_C_cvmin,1.2408639956217549,0.645979649767108,67,0,0.01333521432163324,2022-07
2022-02,6,C,ridge_C_cvmin,1.2453687041646733,0.2684197873489502,68,0,0.01333521432163324,2022-08
2022-03,6,C,ridge_C_cvmin,1.2628181645605085,-0.3715670454922295,69,0,0.01333521432163324,2022-09
2022-04,6,C,ridge_C_cvmin,1.1985457879179373,-0.46989201762250254,70,0,0.01333521432163324,2022-10
2022-05,6,C,ridge_C_cvmin,1.041856186410195,-0.15003978750598326,71,0,0.01333521432163324,2022-11
2022-06,6,C,ridge_C_cvmin,0.6395159950013829,-0.16705935866412552,72,0,0.01333521432163324,2022-12
2022-07,6,C,ridge_C_cvmin,0.0139106404136502,0.8748431652168238,73,0,0.01333521432163324,2023-01
2022-08,6,C,ridge_C_cvmin,-0.6661748916700905,0.6980575467052742,74,0,0.01333521432163324,2023-02
2022-09,6,C,ridge_C_cvmin,-1.2787216268243973,0.4577265415151179,75,0,0.01333521432163324,2023-03
2022-10,6,C,ridge_C_cvmin,-1.730911262363266,-0.20630125188848747,76,0,0.01333521432163324,2023-04
2022-11,6,C,ridge_C_cvmin,-2.0360407191464924,-0.02312762180036876,77,0,0.01333521432163324,2023-05
2022-12,6,C,ridge_C_cvmin,-2.0551122995779103,-0.1633631597467043,78,0,0.01333521432163324,2023-06
2023-01,6,C,ridge_C_cvmin,-1.7740739086833934,-0.8667372227890735,79,0,56.23413251903491,2023-07
2023-02,6,C,ridge_C_cvmin,-1.3761830165600064,-1.394146675668801,80,0,56.23413251903491,2023-08
2023-03,6,C,ridge_C_cvmin,-0.8974266365233574,-1.7083927874696192,81,0,56.23413251903491,2023-09
2023-04,6,C,ridge_C_cvmin,-0.4418985011161447,-1.7585741681363949,82,0,56.23413251903491,2023-10
2023-05,6,C,ridge_C_cvmin,0.007928193318385013,-1.9225657094423199,83,0,56.23413251903491,2023-11
2023-06,6,C,ridge_C_cvmin,0.4119456729699156,-1.8409117080172581,84,0,56.23413251903491,2023-12
2023-07,6,C,ridge_C_cvmin,0.676524851075988,-1.3190884335330701,85,0,56.23413251903491,2024-01
2023-08,6,C,ridge_C_cvmin,0.8357418181417664,-0.7951689347492358,86,0,56.23413251903491,2024-02
2023-09,6,C,ridge_C_cvmin,0.9106266764456583,-0.25509564214326214,87,0,56.23413251903491,2024-03
2023-10,6,C,ridge_C_cvmin,0.8999549067813417,0.1328360316205421,88,0,56.23413251903491,2024-04
2023-11,6,C,ridge_C_cvmin,0.812122062817866,0.3218290096213837,89,0,56.23413251903491,2024-05
2023-12,6,C,ridge_C_cvmin,0.7310949239627273,0.42090096498201734,90,0,56.23413251903491,2024-06
2024-01,6,C,ridge_C_cvmin,0.6930459033462899,0.6653686685649444,91,0,0.5623413251903491,2024-07
2024-02,6,C,ridge_C_cvmin,0.7082401465133614,0.6764327610881254,92,0,0.5623413251903491,2024-08
2024-03,6,C,ridge_C_cvmin,0.7240700327582505,0.14350453262045199,93,0,0.5623413251903491,2024-09
2024-04,6,C,ridge_C_cvmin,0.740933851635539,-0.2491955789546514,94,0,0.5623413251903491,2024-10
2024-05,6,C,ridge_C_cvmin,0.7961501139615024,-0.5345992736185989,95,0,0.5623413251903491,2024-11
2024-06,6,C,ridge_C_cvmin,0.8234934855416043,-0.40150185795996446,96,0,0.5623413251903491,2024-12
2024-07,6,C,ridge_C_cvmin,0.8435684840909508,0.18688199077444712,97,0,0.5623413251903491,2025-01
2024-08,6,C,ridge_C_cvmin,0.833830149124215,0.5908650127003454,98,0,0.5623413251903491,2025-02
2024-09,6,C,ridge_C_cvmin,0.7782607939460728,0.8882073373432461,99,0,0.5623413251903491,2025-03
2024-10,6,C,ridge_C_cvmin,0.7534689324083965,0.9264566255524163,100,0,0.5623413251903491,2025-04
2024-11,6,C,ridge_C_cvmin,0.6366657622086658,1.1558830689145778,101,0,0.5623413251903491,2025-05
2024-12,6,C,ridge_C_cvmin,0.5339426825697657,1.0493464652694793,102,0,0.5623413251903491,2025-06
2025-01,6,C,ridge_C_cvmin,0.48142750922348654,0.19576076850131713,103,0,31.622776601683793,2025-07
2025-02,6,C,ridge_C_cvmin,0.4768769411035878,0.12536859112705884,104,0,31.622776601683793,2025-08
2025-03,6,C,ridge_C_cvmin,0.5067808917852856,0.23349625136496038,105,0,31.622776601683793,2025-09
2025-04,6,C,ridge_C_cvmin,0.5497809155510014,0.43911118153133444,106,0,31.622776601683793,2025-10
2025-05,6,C,ridge_C_cvmin,0.7477184927067837,0.5573243950415168,107,0,31.622776601683793,2025-11
2025-06,6,C,ridge_C_cvmin,0.991643456120439,0.8225323051497124,108,0,31.622776601683793,2025-12
2025-07,6,C,ridge_C_cvmin,1.2666204512578716,0.7809862372466242,109,0,31.622776601683793,2026-01
2025-08,6,C,ridge_C_cvmin,1.498728744326927,0.8449556646429907,110,0,31.622776601683793,2026-02
2025-09,6,C,ridge_C_cvmin,1.6724187546704128,0.869009570881617,111,0,31.622776601683793,2026-03
2025-10,6,C,ridge_C_cvmin,1.8829151584920156,1.1321259667044536,112,0,31.622776601683793,2026-04
2025-11,6,C,ridge_C_cvmin,2.061311429774393,1.0592426588000512,113,0,31.622776601683793,2026-05
2025-12,6,C,ridge_C_cvmin,2.203678453213631,1.0541063848827397,114,0,31.622776601683793,2026-06
2018-01,6,C,ridge_C_fixed10,-0.7173349891322678,-0.3490951411260066,19,0,10.0,2018-07
2018-02,6,C,ridge_C_fixed10,-0.8196126265698211,-0.3464262178750241,20,0,10.0,2018-08
2018-03,6,C,ridge_C_fixed10,-0.9057530941724012,-0.36211913841095844,21,0,10.0,2018-09
2018-04,6,C,ridge_C_fixed10,-0.9331729755448936,-0.40925594684776573,22,0,10.0,2018-10
2018-05,6,C,ridge_C_fixed10,-0.8984364978404935,-0.5416898035465503,23,0,10.0,2018-11
2018-06,6,C,ridge_C_fixed10,-0.8330512097279641,-0.6369405987710971,24,0,10.0,2018-12
2018-07,6,C,ridge_C_fixed10,-0.823536462416441,-0.7101501762239306,25,0,10.0,2019-01
2018-08,6,C,ridge_C_fixed10,-0.7925310367899341,-0.8120346241882582,26,0,10.0,2019-02
2018-09,6,C,ridge_C_fixed10,-0.7491733230213127,-0.9683642918658002,27,0,10.0,2019-03
2018-10,6,C,ridge_C_fixed10,-0.765470014829861,-1.0216883400307242,28,0,10.0,2019-04
2018-11,6,C,ridge_C_fixed10,-0.8342188521836547,-0.9672035488992701,29,0,10.0,2019-05
2018-12,6,C,ridge_C_fixed10,-0.8873093790100262,-0.946383332837427,30,0,10.0,2019-06
2019-01,6,C,ridge_C_fixed10,-0.9016920575368514,-0.8158808704732171,31,0,10.0,2019-07
2019-02,6,C,ridge_C_fixed10,-0.907024279280122,-0.8189179965184438,32,0,10.0,2019-08
2019-03,6,C,ridge_C_fixed10,-0.887107155253819,-0.7455973617291145,33,0,10.0,2019-09
2019-04,6,C,ridge_C_fixed10,-0.8012523084754641,-0.6366640763590918,34,0,10.0,2019-10
2019-05,6,C,ridge_C_fixed10,-0.6273067849947855,-0.6622595937440737,35,0,10.0,2019-11
2019-06,6,C,ridge_C_fixed10,-0.45071215077149285,-0.7087948316589094,36,0,10.0,2019-12
2019-07,6,C,ridge_C_fixed10,-0.22808809618207748,-0.7775248892460629,37,0,10.0,2020-01
2019-08,6,C,ridge_C_fixed10,-0.027852005227801957,-0.7896529661021763,38,0,10.0,2020-02
2019-09,6,C,ridge_C_fixed10,0.13995271383298036,-0.8008852932667189,39,0,10.0,2020-03
2019-10,6,C,ridge_C_fixed10,0.2596693654187021,-0.7464325367963711,40,0,10.0,2020-04
2019-11,6,C,ridge_C_fixed10,0.2875656982031627,-0.5910763443105874,41,0,10.0,2020-05
2019-12,6,C,ridge_C_fixed10,0.29233351268564967,-0.32540166946529747,42,0,10.0,2020-06
2020-01,6,C,ridge_C_fixed10,0.31811625133388866,-0.11611852186941196,43,0,10.0,2020-07
2020-02,6,C,ridge_C_fixed10,0.3630723102753475,0.18596608206534138,44,0,10.0,2020-08
2020-03,6,C,ridge_C_fixed10,0.46834599265335175,0.6005508176463565,45,0,10.0,2020-09
2020-04,6,C,ridge_C_fixed10,0.6080678580924648,0.5585113563000239,46,0,10.0,2020-10
2020-05,6,C,ridge_C_fixed10,0.7703380991765485,0.533492828666382,47,0,10.0,2020-11
2020-06,6,C,ridge_C_fixed10,1.0291525584995576,0.6234000137471762,48,0,10.0,2020-12
2020-07,6,C,ridge_C_fixed10,1.4620569996891986,0.809548121485365,49,0,10.0,2021-01
2020-08,6,C,ridge_C_fixed10,1.7378787471237,0.8350067020017966,50,0,10.0,2021-02
2020-09,6,C,ridge_C_fixed10,1.8673632690536568,0.7663186109753504,51,0,10.0,2021-03
2020-10,6,C,ridge_C_fixed10,1.8853911165956472,0.9047743403933117,52,0,10.0,2021-04
2020-11,6,C,ridge_C_fixed10,1.8791655198386215,1.1915472052786733,53,0,10.0,2021-05
2020-12,6,C,ridge_C_fixed10,1.7789413488195294,1.1973322591882347,54,0,10.0,2021-06
2021-01,6,C,ridge_C_fixed10,1.570980649264242,1.2953098620233106,55,0,10.0,2021-07
2021-02,6,C,ridge_C_fixed10,1.4640304784353075,1.3586209311653792,56,0,10.0,2021-08
2021-03,6,C,ridge_C_fixed10,1.5446354194845524,1.5269949212326606,57,0,10.0,2021-09
2021-04,6,C,ridge_C_fixed10,1.7429461807163538,1.638471224726305,58,0,10.0,2021-10
2021-05,6,C,ridge_C_fixed10,2.024724854251847,1.3911333004015085,59,0,10.0,2021-11
2021-06,6,C,ridge_C_fixed10,2.2754250758477035,1.3064486347382793,60,0,10.0,2021-12
2021-07,6,C,ridge_C_fixed10,2.2855629686529433,1.1677288356694089,61,0,10.0,2022-01
2021-08,6,C,ridge_C_fixed10,2.2201064463924114,1.092422758436978,62,0,10.0,2022-02
2021-09,6,C,ridge_C_fixed10,2.022606868346033,1.1333094343182228,63,0,10.0,2022-03
2021-10,6,C,ridge_C_fixed10,1.8011874099741476,1.1999595342642326,64,0,10.0,2022-04
2021-11,6,C,ridge_C_fixed10,1.5476104183120176,1.0173500822545982,65,0,10.0,2022-05
2021-12,6,C,ridge_C_fixed10,1.3421688980353785,1.0252727395359216,66,0,10.0,2022-06
2022-01,6,C,ridge_C_fixed10,1.2408639956217549,0.2437050586654341,67,0,10.0,2022-07
2022-02,6,C,ridge_C_fixed10,1.2453687041646733,0.1886451071789565,68,0,10.0,2022-08
2022-03,6,C,ridge_C_fixed10,1.2628181645605085,0.1504885924142539,69,0,10.0,2022-09
2022-04,6,C,ridge_C_fixed10,1.1985457879179373,0.11321859413805747,70,0,10.0,2022-10
2022-05,6,C,ridge_C_fixed10,1.041856186410195,0.043947177236584034,71,0,10.0,2022-11
2022-06,6,C,ridge_C_fixed10,0.6395159950013829,-0.13298977023400868,72,0,10.0,2022-12
2022-07,6,C,ridge_C_fixed10,0.0139106404136502,0.5899519338860701,73,0,10.0,2023-01
2022-08,6,C,ridge_C_fixed10,-0.6661748916700905,0.504884048020593,74,0,10.0,2023-02
2022-09,6,C,ridge_C_fixed10,-1.2787216268243973,0.3173287459167838,75,0,10.0,2023-03
2022-10,6,C,ridge_C_fixed10,-1.730911262363266,-0.08727796608537325,76,0,10.0,2023-04
2022-11,6,C,ridge_C_fixed10,-2.0360407191464924,0.06443274636384808,77,0,10.0,2023-05
2022-12,6,C,ridge_C_fixed10,-2.0551122995779103,-0.30078719612524213,78,0,10.0,2023-06
2023-01,6,C,ridge_C_fixed10,-1.7740739086833934,-0.9832814698240426,79,0,10.0,2023-07
2023-02,6,C,ridge_C_fixed10,-1.3761830165600064,-1.5633440973921209,80,0,10.0,2023-08
2023-03,6,C,ridge_C_fixed10,-0.8974266365233574,-1.7236076770961215,81,0,10.0,2023-09
2023-04,6,C,ridge_C_fixed10,-0.4418985011161447,-1.8136144310178295,82,0,10.0,2023-10
2023-05,6,C,ridge_C_fixed10,0.007928193318385013,-2.0574477934419817,83,0,10.0,2023-11
2023-06,6,C,ridge_C_fixed10,0.4119456729699156,-2.01293421287087,84,0,10.0,2023-12
2023-07,6,C,ridge_C_fixed10,0.676524851075988,-1.3915942215327888,85,0,10.0,2024-01
2023-08,6,C,ridge_C_fixed10,0.8357418181417664,-0.8202092425641414,86,0,10.0,2024-02
2023-09,6,C,ridge_C_fixed10,0.9106266764456583,-0.21608652367664533,87,0,10.0,2024-03
2023-10,6,C,ridge_C_fixed10,0.8999549067813417,0.17052900447942632,88,0,10.0,2024-04
2023-11,6,C,ridge_C_fixed10,0.812122062817866,0.3869091667619925,89,0,10.0,2024-05
2023-12,6,C,ridge_C_fixed10,0.7310949239627273,0.5647960835102043,90,0,10.0,2024-06
2024-01,6,C,ridge_C_fixed10,0.6930459033462899,0.4623777105368987,91,0,10.0,2024-07
2024-02,6,C,ridge_C_fixed10,0.7082401465133614,0.6020640268930091,92,0,10.0,2024-08
2024-03,6,C,ridge_C_fixed10,0.7240700327582505,0.3607653300680852,93,0,10.0,2024-09
2024-04,6,C,ridge_C_fixed10,0.740933851635539,0.16641472215747047,94,0,10.0,2024-10
2024-05,6,C,ridge_C_fixed10,0.7961501139615024,0.016047777187701284,95,0,10.0,2024-11
2024-06,6,C,ridge_C_fixed10,0.8234934855416043,0.09910337352236943,96,0,10.0,2024-12
2024-07,6,C,ridge_C_fixed10,0.8435684840909508,0.34611704618772665,97,0,10.0,2025-01
2024-08,6,C,ridge_C_fixed10,0.833830149124215,0.5761436065439927,98,0,10.0,2025-02
2024-09,6,C,ridge_C_fixed10,0.7782607939460728,0.7348331245087028,99,0,10.0,2025-03
2024-10,6,C,ridge_C_fixed10,0.7534689324083965,0.7180594018489088,100,0,10.0,2025-04
2024-11,6,C,ridge_C_fixed10,0.6366657622086658,0.6545790136448488,101,0,10.0,2025-05
2024-12,6,C,ridge_C_fixed10,0.5339426825697657,0.47757888480440636,102,0,10.0,2025-06
2025-01,6,C,ridge_C_fixed10,0.48142750922348654,0.19267960003771983,103,0,10.0,2025-07
2025-02,6,C,ridge_C_fixed10,0.4768769411035878,0.08560850991420066,104,0,10.0,2025-08
2025-03,6,C,ridge_C_fixed10,0.5067808917852856,0.1830400415544921,105,0,10.0,2025-09
2025-04,6,C,ridge_C_fixed10,0.5497809155510014,0.4388942736507453,106,0,10.0,2025-10
2025-05,6,C,ridge_C_fixed10,0.7477184927067837,0.6212697798686599,107,0,10.0,2025-11
2025-06,6,C,ridge_C_fixed10,0.991643456120439,1.0308621625970193,108,0,10.0,2025-12
2025-07,6,C,ridge_C_fixed10,1.2666204512578716,0.9623629095260732,109,0,10.0,2026-01
2025-08,6,C,ridge_C_fixed10,1.498728744326927,1.0763323635749864,110,0,10.0,2026-02
2025-09,6,C,ridge_C_fixed10,1.6724187546704128,1.0407803009327352,111,0,10.0,2026-03
2025-10,6,C,ridge_C_fixed10,1.8829151584920156,1.2730327859729142,112,0,10.0,2026-04
2025-11,6,C,ridge_C_fixed10,2.061311429774393,1.1285858500049082,113,0,10.0,2026-05
2025-12,6,C,ridge_C_fixed10,2.203678453213631,1.0267368838714426,114,0,10.0,2026-06
2018-01,6,C,ridge_C_1se,-0.7173349891322678,-0.3490951411260066,19,0,10.0,2018-07
2018-02,6,C,ridge_C_1se,-0.8196126265698211,-0.3464262178750241,20,0,10.0,2018-08
2018-03,6,C,ridge_C_1se,-0.9057530941724012,-0.36211913841095844,21,0,10.0,2018-09
2018-04,6,C,ridge_C_1se,-0.9331729755448936,-0.40925594684776573,22,0,10.0,2018-10
2018-05,6,C,ridge_C_1se,-0.8984364978404935,-0.5416898035465503,23,0,10.0,2018-11
2018-06,6,C,ridge_C_1se,-0.8330512097279641,-0.6369405987710971,24,0,10.0,2018-12
2018-07,6,C,ridge_C_1se,-0.823536462416441,-0.7101501762239306,25,0,10.0,2019-01
2018-08,6,C,ridge_C_1se,-0.7925310367899341,-0.8120346241882582,26,0,10.0,2019-02
2018-09,6,C,ridge_C_1se,-0.7491733230213127,-0.9683642918658002,27,0,10.0,2019-03
2018-10,6,C,ridge_C_1se,-0.765470014829861,-1.0216883400307242,28,0,10.0,2019-04
2018-11,6,C,ridge_C_1se,-0.8342188521836547,-0.9672035488992701,29,0,10.0,2019-05
2018-12,6,C,ridge_C_1se,-0.8873093790100262,-0.946383332837427,30,0,10.0,2019-06
2019-01,6,C,ridge_C_1se,-0.9016920575368514,-0.8159733751709405,31,0,100.0,2019-07
2019-02,6,C,ridge_C_1se,-0.907024279280122,-0.8301100254912169,32,0,100.0,2019-08
2019-03,6,C,ridge_C_1se,-0.887107155253819,-0.7679422043583792,33,0,100.0,2019-09
2019-04,6,C,ridge_C_1se,-0.8012523084754641,-0.7149227908084408,34,0,100.0,2019-10
2019-05,6,C,ridge_C_1se,-0.6273067849947855,-0.7284378075667164,35,0,100.0,2019-11
2019-06,6,C,ridge_C_1se,-0.45071215077149285,-0.7597674471660023,36,0,100.0,2019-12
2019-07,6,C,ridge_C_1se,-0.22808809618207748,-0.7973438604661542,37,0,100.0,2020-01
2019-08,6,C,ridge_C_1se,-0.027852005227801957,-0.8136843858140935,38,0,100.0,2020-02
2019-09,6,C,ridge_C_1se,0.13995271383298036,-0.8027899873957827,39,0,100.0,2020-03
2019-10,6,C,ridge_C_1se,0.2596693654187021,-0.7377528112532075,40,0,100.0,2020-04
2019-11,6,C,ridge_C_1se,0.2875656982031627,-0.6234175106387749,41,0,100.0,2020-05
2019-12,6,C,ridge_C_1se,0.29233351268564967,-0.4806141820351212,42,0,100.0,2020-06
2020-01,6,C,ridge_C_1se,0.31811625133388866,-0.4632154663976659,43,0,316.2277660168379,2020-07
2020-02,6,C,ridge_C_1se,0.3630723102753475,-0.3713489150448603,44,0,316.2277660168379,2020-08
2020-03,6,C,ridge_C_1se,0.46834599265335175,-0.2525239525019036,45,0,316.2277660168379,2020-09
2020-04,6,C,ridge_C_1se,0.6080678580924648,-0.2339601856213513,46,0,316.2277660168379,2020-10
2020-05,6,C,ridge_C_1se,0.7703380991765485,-0.13312955750184535,47,0,316.2277660168379,2020-11
2020-06,6,C,ridge_C_1se,1.0291525584995576,0.023276975749768003,48,0,316.2277660168379,2020-12
2020-07,6,C,ridge_C_1se,1.4620569996891986,0.17392514680923787,49,0,316.2277660168379,2021-01
2020-08,6,C,ridge_C_1se,1.7378787471237,0.2404669949180805,50,0,316.2277660168379,2021-02
2020-09,6,C,ridge_C_1se,1.8673632690536568,0.2648867204408086,51,0,316.2277660168379,2021-03
2020-10,6,C,ridge_C_1se,1.8853911165956472,0.3493847626043666,52,0,316.2277660168379,2021-04
2020-11,6,C,ridge_C_1se,1.8791655198386215,0.5910550213731097,53,0,316.2277660168379,2021-05
2020-12,6,C,ridge_C_1se,1.7789413488195294,0.6944129935275976,54,0,316.2277660168379,2021-06
2021-01,6,C,ridge_C_1se,1.570980649264242,1.2953098620233106,55,0,10.0,2021-07
2021-02,6,C,ridge_C_1se,1.4640304784353075,1.3586209311653792,56,0,10.0,2021-08
2021-03,6,C,ridge_C_1se,1.5446354194845524,1.5269949212326606,57,0,10.0,2021-09
2021-04,6,C,ridge_C_1se,1.7429461807163538,1.638471224726305,58,0,10.0,2021-10
2021-05,6,C,ridge_C_1se,2.024724854251847,1.3911333004015085,59,0,10.0,2021-11
2021-06,6,C,ridge_C_1se,2.2754250758477035,1.3064486347382793,60,0,10.0,2021-12
2021-07,6,C,ridge_C_1se,2.2855629686529433,1.1677288356694089,61,0,10.0,2022-01
2021-08,6,C,ridge_C_1se,2.2201064463924114,1.092422758436978,62,0,10.0,2022-02
2021-09,6,C,ridge_C_1se,2.022606868346033,1.1333094343182228,63,0,10.0,2022-03
2021-10,6,C,ridge_C_1se,1.8011874099741476,1.1999595342642326,64,0,10.0,2022-04
2021-11,6,C,ridge_C_1se,1.5476104183120176,1.0173500822545982,65,0,10.0,2022-05
2021-12,6,C,ridge_C_1se,1.3421688980353785,1.0252727395359216,66,0,10.0,2022-06
2022-01,6,C,ridge_C_1se,1.2408639956217549,0.3706742297442259,67,0,56.23413251903491,2022-07
2022-02,6,C,ridge_C_1se,1.2453687041646733,0.2722002090775813,68,0,56.23413251903491,2022-08
2022-03,6,C,ridge_C_1se,1.2628181645605085,0.27869030936854594,69,0,56.23413251903491,2022-09
2022-04,6,C,ridge_C_1se,1.1985457879179373,0.2965260300458644,70,0,56.23413251903491,2022-10
2022-05,6,C,ridge_C_1se,1.041856186410195,0.18372635125172743,71,0,56.23413251903491,2022-11
2022-06,6,C,ridge_C_1se,0.6395159950013829,-0.002914374183454055,72,0,56.23413251903491,2022-12
2022-07,6,C,ridge_C_1se,0.0139106404136502,0.5063041097993395,73,0,56.23413251903491,2023-01
2022-08,6,C,ridge_C_1se,-0.6661748916700905,0.5339235549602069,74,0,56.23413251903491,2023-02
2022-09,6,C,ridge_C_1se,-1.2787216268243973,0.4166113925146585,75,0,56.23413251903491,2023-03
2022-10,6,C,ridge_C_1se,-1.730911262363266,0.08695258904500242,76,0,56.23413251903491,2023-04
2022-11,6,C,ridge_C_1se,-2.0360407191464924,0.09780981410350925,77,0,56.23413251903491,2023-05
2022-12,6,C,ridge_C_1se,-2.0551122995779103,-0.26589241971736566,78,0,56.23413251903491,2023-06
2023-01,6,C,ridge_C_1se,-1.7740739086833934,-0.6310567298324969,79,0,316.2277660168379,2023-07
2023-02,6,C,ridge_C_1se,-1.3761830165600064,-0.9834556374330863,80,0,316.2277660168379,2023-08
2023-03,6,C,ridge_C_1se,-0.8974266365233574,-1.2621837666799405,81,0,316.2277660168379,2023-09
2023-04,6,C,ridge_C_1se,-0.4418985011161447,-1.3187473002383994,82,0,316.2277660168379,2023-10
2023-05,6,C,ridge_C_1se,0.007928193318385013,-1.3914189093392113,83,0,316.2277660168379,2023-11
2023-06,6,C,ridge_C_1se,0.4119456729699156,-1.3080218939794162,84,0,316.2277660168379,2023-12
2023-07,6,C,ridge_C_1se,0.676524851075988,-1.0115644467227334,85,0,316.2277660168379,2024-01
2023-08,6,C,ridge_C_1se,0.8357418181417664,-0.6870988396737431,86,0,316.2277660168379,2024-02
2023-09,6,C,ridge_C_1se,0.9106266764456583,-0.36081533867025445,87,0,316.2277660168379,2024-03
2023-10,6,C,ridge_C_1se,0.8999549067813417,-0.09839840355955921,88,0,316.2277660168379,2024-04
2023-11,6,C,ridge_C_1se,0.812122062817866,0.05463734461072128,89,0,316.2277660168379,2024-05
2023-12,6,C,ridge_C_1se,0.7310949239627273,0.1440343660165086,90,0,316.2277660168379,2024-06
2024-01,6,C,ridge_C_1se,0.6930459033462899,0.10817309621829893,91,0,10000.0,2024-07
2024-02,6,C,ridge_C_1se,0.7082401465133614,0.12719314003997612,92,0,10000.0,2024-08
2024-03,6,C,ridge_C_1se,0.7240700327582505,0.1406252629285213,93,0,10000.0,2024-09
2024-04,6,C,ridge_C_1se,0.740933851635539,0.14472546231876915,94,0,10000.0,2024-10
2024-05,6,C,ridge_C_1se,0.7961501139615024,0.15418869800550877,95,0,10000.0,2024-11
2024-06,6,C,ridge_C_1se,0.8234934855416043,0.17033318581140253,96,0,10000.0,2024-12
2024-07,6,C,ridge_C_1se,0.8435684840909508,0.18202652670558073,97,0,10000.0,2025-01
2024-08,6,C,ridge_C_1se,0.833830149124215,0.19350393675249228,98,0,10000.0,2025-02
2024-09,6,C,ridge_C_1se,0.7782607939460728,0.20646485435962045,99,0,10000.0,2025-03
2024-10,6,C,ridge_C_1se,0.7534689324083965,0.2153265428887809,100,0,10000.0,2025-04
2024-11,6,C,ridge_C_1se,0.6366657622086658,0.21635043263311807,101,0,10000.0,2025-05
2024-12,6,C,ridge_C_1se,0.5339426825697657,0.2127787338946635,102,0,10000.0,2025-06
2025-01,6,C,ridge_C_1se,0.48142750922348654,0.319239182797262,103,0,177.82794100389228,2025-07
2025-02,6,C,ridge_C_1se,0.4768769411035878,0.2667573962729397,104,0,177.82794100389228,2025-08
2025-03,6,C,ridge_C_1se,0.5067808917852856,0.3379466766097552,105,0,177.82794100389228,2025-09
2025-04,6,C,ridge_C_1se,0.5497809155510014,0.500717456139792,106,0,177.82794100389228,2025-10
2025-05,6,C,ridge_C_1se,0.7477184927067837,0.5410943515201972,107,0,177.82794100389228,2025-11
2025-06,6,C,ridge_C_1se,0.991643456120439,0.6380286408760603,108,0,177.82794100389228,2025-12
2025-07,6,C,ridge_C_1se,1.2666204512578716,0.6141787216162511,109,0,177.82794100389228,2026-01
2025-08,6,C,ridge_C_1se,1.498728744326927,0.6470179121175242,110,0,177.82794100389228,2026-02
2025-09,6,C,ridge_C_1se,1.6724187546704128,0.7477803664907496,111,0,177.82794100389228,2026-03
2025-10,6,C,ridge_C_1se,1.8829151584920156,0.9385937332511564,112,0,177.82794100389228,2026-04
2025-11,6,C,ridge_C_1se,2.061311429774393,0.9565268060705905,113,0,177.82794100389228,2026-05
2025-12,6,C,ridge_C_1se,2.203678453213631,1.05997881332784,114,0,177.82794100389228,2026-06
