시점,블록,동인,하위묶음,입력,유지,제외이유,관측률,예상부호,적용부호,부호근거,표준편차,개념,개념내구성수,묶음내가중,동인내묶음가중,동인지수유지,동인제외이유,h
2018-01,regional,①,인구세대,D|V009|로그Δ12,True,,1.0,+,1.0,사전 +,4.4551,총량,2.0,0.167,0.333,True,,3
2018-01,regional,①,인구세대,D|V010|로그Δ12,True,,1.0,+,1.0,사전 +,3.9316,총량,2.0,0.167,0.333,True,,3
2018-01,regional,①,인구세대,D|V011a|로그Δ12,True,,1.0,+,1.0,사전 +,4.2411,청년,2.0,0.167,0.333,True,,3
2018-01,regional,①,인구세대,D|V011b|로그Δ12,True,,1.0,+,1.0,사전 +,5.4732,청년,2.0,0.167,0.333,True,,3
2018-01,regional,①,인구세대,D|V011c|수준,True,,1.0,+,1.0,사전 +,2.3545,비중,2.0,0.167,0.333,True,,3
2018-01,regional,①,인구세대,D|V011c|Δ12,True,,1.0,+,1.0,사전 +,0.1649,비중,2.0,0.167,0.333,True,,3
2018-01,regional,①,이동,D|V012|12개월합_천명당,True,,1.0,+,1.0,사전 +,38.7231,V012,1.0,1.0,0.333,True,,3
2018-01,regional,①,고용소득,D|V013|수준,True,,0.965,+,1.0,사전 +,3.0176,V013,2.0,0.167,0.333,True,,3
2018-01,regional,①,고용소득,D|V013|Δ12,True,,0.941,+,1.0,사전 +,0.924,V013,2.0,0.167,0.333,True,,3
2018-01,regional,①,고용소득,D|V015|수준,True,,1.0,+,1.0,사전 +,0.374,V015,2.0,0.167,0.333,True,,3
2018-01,regional,①,고용소득,D|V015|Δ12,True,,1.0,+,1.0,사전 +,0.0975,V015,2.0,0.167,0.333,True,,3
2018-01,regional,①,고용소득,D|V017|수준,True,,1.0,+,1.0,사전 +,0.121,V017,2.0,0.167,0.333,True,,3
2018-01,regional,①,고용소득,D|V017|Δ12,True,,1.0,+,1.0,사전 +,0.0577,V017,2.0,0.167,0.333,True,,3
2018-01,regional,②,공급흐름,D|V021|12개월합_천세대당,True,,1.0,-,-1.0,사전 −,28.6507,V021,1.0,0.333,0.5,True,,3
2018-01,regional,②,공급흐름,D|V022|12개월합_천세대당,True,,1.0,-,-1.0,사전 −,31.9843,V022,1.0,0.333,0.5,True,,3
2018-01,regional,②,공급흐름,D|V023|12개월합_천세대당,True,,1.0,-,-1.0,사전 −,32.7305,V023,1.0,0.333,0.5,True,,3
2018-01,regional,②,재고,D|V038|잔량_천세대당_log1p,True,,1.0,±,-1.0,순위상관 -0.24,0.6654,V038,1.0,0.5,0.5,True,,3
2018-01,regional,②,재고,D|V072|수준,True,,0.968,±,-1.0,순위상관 -0.25,5.3053,V072,2.0,0.25,0.5,True,,3
2018-01,regional,②,재고,D|V072|Δ12,True,,0.941,±,-1.0,순위상관 -0.33,0.6848,V072,2.0,0.25,0.5,True,,3
2018-01,regional,③,상대가격,D|V003|수준,True,,1.0,±,1.0,순위상관 +0.08,4.9291,V003,2.0,0.25,0.333,True,,3
2018-01,regional,③,상대가격,D|V003|Δ12,True,,1.0,±,-1.0,순위상관 -0.13,1.9114,V003,2.0,0.25,0.333,True,,3
2018-01,regional,③,상대가격,D|V004|수준,True,,1.0,±,1.0,순위상관 +0.05,0.9019,V004,2.0,0.25,0.333,True,,3
2018-01,regional,③,상대가격,D|V004|Δ12,True,,1.0,±,1.0,순위상관 +0.03,0.3891,V004,2.0,0.25,0.333,True,,3
2018-01,regional,③,매매수급거래,D|V031|수준,True,,1.0,+,1.0,사전 +,9.7177,V031,1.0,0.5,0.333,True,,3
2018-01,regional,③,매매수급거래,D|V036|12개월합_천세대당,True,,1.0,±,1.0,순위상관 +0.19,8.0199,V036,1.0,0.5,0.333,True,,3
2018-01,regional,③,지역대출,D|V050|로그Δ12,True,,1.0,±,-1.0,순위상관 -0.15,8.8706,V050,1.0,1.0,0.333,True,,3
2018-01,regional,④,수급,D|V005|수준,True,,1.0,+,1.0,사전 +,6.1003,V005,1.0,0.5,0.5,True,,3
2018-01,regional,④,수급,D|V032|수준,True,,1.0,+,1.0,사전 +,9.4391,V032,1.0,0.5,0.5,True,,3
2018-01,regional,④,거래,D|V035|12개월합_천세대당,True,,1.0,+,1.0,사전 +,54.036,V035,1.0,1.0,0.5,True,,3
2018-01,regional,⑤,심리,D|V037|수준,True,,0.882,+,1.0,사전 +,10.295,V037,1.0,1.0,0.5,True,,3
2018-01,regional,⑤,CSI,D|CSI|수준,True,,1.0,+,1.0,사전 +,2.064,CSI,1.0,1.0,0.5,True,,3
2018-01,extra,,,D|RT_mix|Δ12,True,,1.0,,,,20.0639,,,,,,,3
2018-01,extra,,,D|RT_act|Δ12,True,,1.0,,,,9.8914,,,,,,,3
2025-12,regional,①,인구세대,D|V009|로그Δ12,True,,1.0,+,1.0,사전 +,2.5294,총량,2.0,0.167,0.333,True,,3
2025-12,regional,①,인구세대,D|V010|로그Δ12,True,,1.0,+,1.0,사전 +,2.2645,총량,2.0,0.167,0.333,True,,3
2025-12,regional,①,인구세대,D|V011a|로그Δ12,True,,1.0,+,1.0,사전 +,2.5795,청년,2.0,0.167,0.333,True,,3
2025-12,regional,①,인구세대,D|V011b|로그Δ12,True,,1.0,+,1.0,사전 +,3.0486,청년,2.0,0.167,0.333,True,,3
2025-12,regional,①,인구세대,D|V011c|수준,True,,1.0,+,1.0,사전 +,2.5447,비중,2.0,0.167,0.333,True,,3
2025-12,regional,①,인구세대,D|V011c|Δ12,True,,1.0,+,1.0,사전 +,0.162,비중,2.0,0.167,0.333,True,,3
2025-12,regional,①,이동,D|V012|12개월합_천명당,True,,1.0,+,1.0,사전 +,21.9652,V012,1.0,1.0,0.333,True,,3
2025-12,regional,①,고용소득,D|V013|수준,True,,0.993,+,1.0,사전 +,2.9545,V013,2.0,0.167,0.333,True,,3
2025-12,regional,①,고용소득,D|V013|Δ12,True,,0.987,+,1.0,사전 +,0.9459,V013,2.0,0.167,0.333,True,,3
2025-12,regional,①,고용소득,D|V015|수준,True,,1.0,+,1.0,사전 +,0.2947,V015,2.0,0.167,0.333,True,,3
2025-12,regional,①,고용소득,D|V015|Δ12,True,,1.0,+,1.0,사전 +,0.0566,V015,2.0,0.167,0.333,True,,3
2025-12,regional,①,고용소득,D|V017|수준,True,,1.0,+,1.0,사전 +,0.0877,V017,2.0,0.167,0.333,True,,3
2025-12,regional,①,고용소득,D|V017|Δ12,True,,1.0,+,1.0,사전 +,0.0276,V017,2.0,0.167,0.333,True,,3
2025-12,regional,②,공급흐름,D|V021|12개월합_천세대당,True,,1.0,-,-1.0,사전 −,14.7951,V021,1.0,0.333,0.5,True,,3
2025-12,regional,②,공급흐름,D|V022|12개월합_천세대당,True,,1.0,-,-1.0,사전 −,16.3059,V022,1.0,0.333,0.5,True,,3
2025-12,regional,②,공급흐름,D|V023|12개월합_천세대당,True,,1.0,-,-1.0,사전 −,19.6527,V023,1.0,0.333,0.5,True,,3
2025-12,regional,②,재고,D|V038|잔량_천세대당_log1p,True,,0.974,±,-1.0,순위상관 -0.25,0.6307,V038,1.0,0.5,0.5,True,,3
2025-12,regional,②,재고,D|V072|수준,True,,0.994,±,-1.0,순위상관 -0.09,5.4435,V072,2.0,0.25,0.5,True,,3
2025-12,regional,②,재고,D|V072|Δ12,True,,0.988,±,-1.0,순위상관 -0.15,1.4351,V072,2.0,0.25,0.5,True,,3
2025-12,regional,③,상대가격,D|V003|수준,True,,1.0,±,-1.0,순위상관 -0.00,7.5679,V003,2.0,0.25,0.333,True,,3
2025-12,regional,③,상대가격,D|V003|Δ12,True,,1.0,±,-1.0,순위상관 -0.02,1.9698,V003,2.0,0.25,0.333,True,,3
2025-12,regional,③,상대가격,D|V004|수준,True,,1.0,±,-1.0,순위상관 -0.09,0.7037,V004,2.0,0.25,0.333,True,,3
2025-12,regional,③,상대가격,D|V004|Δ12,True,,1.0,±,-1.0,순위상관 -0.06,0.2845,V004,2.0,0.25,0.333,True,,3
2025-12,regional,③,매매수급거래,D|V031|수준,True,,1.0,+,1.0,사전 +,10.7702,V031,1.0,0.5,0.333,True,,3
2025-12,regional,③,매매수급거래,D|V036|12개월합_천세대당,True,,1.0,±,1.0,순위상관 +0.32,8.7338,V036,1.0,0.5,0.333,True,,3
2025-12,regional,③,지역대출,D|V050|로그Δ12,True,,1.0,±,-1.0,순위상관 -0.02,5.4881,V050,1.0,1.0,0.333,True,,3
2025-12,regional,④,수급,D|V005|수준,True,,1.0,+,1.0,사전 +,9.0583,V005,1.0,0.5,0.5,True,,3
2025-12,regional,④,수급,D|V032|수준,True,,1.0,+,1.0,사전 +,10.2809,V032,1.0,0.5,0.5,True,,3
2025-12,regional,④,거래,D|V035|12개월합_천세대당,True,,1.0,+,1.0,사전 +,33.8136,V035,1.0,1.0,0.5,True,,3
2025-12,regional,⑤,심리,D|V037|수준,True,,0.964,+,1.0,사전 +,9.2035,V037,1.0,1.0,0.5,True,,3
2025-12,regional,⑤,CSI,D|CSI|수준,True,,1.0,+,1.0,사전 +,1.8543,CSI,1.0,1.0,0.5,True,,3
2025-12,extra,,,D|RT_mix|Δ12,True,,0.88,,,,18.7074,,,,,,,3
2025-12,extra,,,D|RT_act|Δ12,True,,0.88,,,,10.462,,,,,,,3
