모형,h,목표빈도(사건비율배수),행수,사건수,경보수,경보빈도_실제,경보적중률,급락포착률,F1,동월지역쌍_AUC,AUC_유효월수,국면시작수,국면포착률,평균선행개월(포착분)
panel_down_A,1,1,1387,49,90,0.06488824801730353,0.18888888888888888,0.3469387755102041,0.2446043165467626,0.828493524993525,25,28,0.21428571428571427,0.6666666666666666
panel_down_A,1,2,1387,49,259,0.18673395818312905,0.14671814671814673,0.7755102040816326,0.24675324675324675,0.828493524993525,25,28,0.6428571428571429,1.4444444444444444
panel_down_A,3,1,1401,69,94,0.06709493219129194,0.22340425531914893,0.30434782608695654,0.25766871165644173,0.8416158713572508,29,22,0.13636363636363635,1.6666666666666667
panel_down_A,3,2,1401,69,261,0.18629550321199143,0.1724137931034483,0.6521739130434783,0.2727272727272727,0.8416158713572508,29,22,0.4090909090909091,2.0
panel_down_A,6,1,1401,100,120,0.08565310492505353,0.3,0.36,0.32727272727272727,0.8230740149642588,41,17,0.058823529411764705,5.0
panel_down_A,6,2,1401,100,268,0.19129193433261957,0.21641791044776118,0.58,0.31521739130434784,0.8230740149642588,41,17,0.29411764705882354,2.8
panel_down_B,1,1,1387,49,94,0.06777217015140591,0.24468085106382978,0.46938775510204084,0.32167832167832167,0.8407597587597587,25,28,0.32142857142857145,1.3333333333333333
panel_down_B,1,2,1387,49,263,0.18961788031723142,0.155893536121673,0.8367346938775511,0.26282051282051283,0.8407597587597587,25,28,0.75,2.1904761904761907
panel_down_B,3,1,1401,69,114,0.08137044967880086,0.2982456140350877,0.4927536231884058,0.37158469945355194,0.8456268667475564,29,22,0.3181818181818182,1.7142857142857142
panel_down_B,3,2,1401,69,261,0.18629550321199143,0.21455938697318008,0.8115942028985508,0.3393939393939394,0.8456268667475564,29,22,0.7272727272727273,1.8125
panel_down_B,6,1,1401,100,143,0.10206995003568879,0.40559440559440557,0.58,0.4773662551440329,0.8449639926469196,41,17,0.4117647058823529,1.8571428571428572
panel_down_B,6,2,1401,100,323,0.2305496074232691,0.25077399380804954,0.81,0.3829787234042553,0.8449639926469196,41,17,0.8235294117647058,3.0714285714285716
panel_down_B+RT,1,1,1387,49,97,0.06993511175198269,0.23711340206185566,0.46938775510204084,0.3150684931506849,0.8471840011840013,25,28,0.35714285714285715,1.2
panel_down_B+RT,1,2,1387,49,263,0.18961788031723142,0.1520912547528517,0.8163265306122449,0.2564102564102564,0.8471840011840013,25,28,0.75,2.4761904761904763
panel_down_B+RT,3,1,1401,69,110,0.07851534618129907,0.3,0.4782608695652174,0.3687150837988827,0.8348230154264639,29,22,0.2727272727272727,1.8333333333333333
panel_down_B+RT,3,2,1401,69,258,0.1841541755888651,0.20930232558139536,0.782608695652174,0.3302752293577982,0.8348230154264639,29,22,0.7272727272727273,1.75
panel_down_B+RT,6,1,1401,100,146,0.10421127765881513,0.3835616438356164,0.56,0.45528455284552843,0.8419360946190215,41,17,0.4117647058823529,2.0
panel_down_B+RT,6,2,1401,100,336,0.2398286937901499,0.24107142857142858,0.81,0.37155963302752293,0.8419360946190215,41,17,0.8235294117647058,3.642857142857143
