시점,블록,동인,하위묶음,입력,유지,제외이유,관측률,예상부호,적용부호,부호근거,표준편차,개념,개념내구성수,묶음내가중,동인내묶음가중,동인지수유지,동인제외이유,모형
2025-12,common,①,인구세대,C|V009|로그Δ12,True,,1.0,+,1.0,사전 +,0.6365,총량,2.0,0.167,0.333,True,,panel_up_B
2025-12,common,①,인구세대,C|V010|로그Δ12,True,,1.0,+,1.0,사전 +,0.6552,총량,2.0,0.167,0.333,True,,panel_up_B
2025-12,common,①,인구세대,C|V011b|로그Δ12,True,,1.0,+,1.0,사전 +,1.1252,청년,1.0,0.333,0.333,True,,panel_up_B
2025-12,common,①,인구세대,C|V011c|Δ12,True,,1.0,+,1.0,사전 +,0.1484,비중,1.0,0.333,0.333,True,,panel_up_B
2025-12,common,①,이동,C|V012|12개월합_천명당,True,,1.0,+,1.0,사전 +,3.8276,V012,1.0,1.0,0.333,True,,panel_up_B
2025-12,common,①,고용소득,C|V013|수준,True,,1.0,+,1.0,사전 +,1.3623,V013,2.0,0.167,0.333,True,,panel_up_B
2025-12,common,①,고용소득,C|V013|Δ12,True,,1.0,+,1.0,사전 +,0.6623,V013,2.0,0.167,0.333,True,,panel_up_B
2025-12,common,①,고용소득,C|V015|수준,True,,1.0,+,1.0,사전 +,0.0289,V015,2.0,0.167,0.333,True,,panel_up_B
2025-12,common,①,고용소득,C|V015|Δ12,True,,1.0,+,1.0,사전 +,0.0131,V015,2.0,0.167,0.333,True,,panel_up_B
2025-12,common,①,고용소득,C|V017|Δ12,True,,1.0,+,1.0,사전 +,0.0066,V017,1.0,0.333,0.333,True,,panel_up_B
2025-12,common,②,공급흐름,C|V021|12개월합_천세대당,True,,1.0,-,-1.0,사전 −,6.0038,V021,1.0,0.333,0.5,True,,panel_up_B
2025-12,common,②,공급흐름,C|V022|12개월합_천세대당,True,,1.0,-,-1.0,사전 −,6.5746,V022,1.0,0.333,0.5,True,,panel_up_B
2025-12,common,②,공급흐름,C|V023|12개월합_천세대당,True,,1.0,-,-1.0,사전 −,4.702,V023,1.0,0.333,0.5,True,,panel_up_B
2025-12,common,②,재고,C|V038|잔량_천세대당_log1p,True,,0.974,±,-1.0,순위상관 -0.33,0.2789,V038,1.0,0.5,0.5,True,,panel_up_B
2025-12,common,②,재고,C|V072|Δ12,True,,1.0,±,1.0,순위상관 +0.17,0.8726,V072,1.0,0.5,0.5,True,,panel_up_B
2025-12,common,③,상대가격,C|V003|Δ12,True,,1.0,±,-1.0,순위상관 -0.15,1.0506,V003,1.0,0.5,0.167,True,,panel_up_B
2025-12,common,③,상대가격,C|V004|Δ12,True,,1.0,±,1.0,순위상관 +0.01,0.3476,V004,1.0,0.5,0.167,True,,panel_up_B
2025-12,common,③,매매수급거래,C|V031|수준,True,,1.0,+,1.0,사전 +,9.8065,V031,1.0,0.5,0.167,True,,panel_up_B
2025-12,common,③,매매수급거래,C|V036|12개월합_천세대당,True,,1.0,±,1.0,순위상관 +0.34,7.3991,V036,1.0,0.5,0.167,True,,panel_up_B
2025-12,common,③,지역대출,C|V050|로그Δ12,True,,1.0,±,1.0,순위상관 +0.21,2.9721,V050,1.0,1.0,0.167,True,,panel_up_B
2025-12,common,③,대출금리,C|V056|Δ12,True,,1.0,±,-1.0,순위상관 -0.16,0.582,V056,1.0,0.333,0.167,True,,panel_up_B
2025-12,common,③,대출금리,C|V057|Δ12,True,,0.991,±,-1.0,순위상관 -0.36,0.5513,V057,1.0,0.333,0.167,True,,panel_up_B
2025-12,common,③,대출금리,C|V059|Δ12,True,,1.0,±,-1.0,순위상관 -0.42,0.8638,V059,1.0,0.333,0.167,True,,panel_up_B
2025-12,common,③,대출태도,C|V060|수준,True,,1.0,±,1.0,순위상관 +0.12,18.9062,V060,1.0,1.0,0.167,True,,panel_up_B
2025-12,common,③,대출,C|V069|로그Δ12,True,,1.0,±,1.0,순위상관 +0.23,2.5443,V069,1.0,0.5,0.167,True,,panel_up_B
2025-12,common,③,대출,C|V071|로그Δ12,True,,0.939,±,1.0,순위상관 +0.16,5.398,V071,1.0,0.5,0.167,True,,panel_up_B
2025-12,common,④,수급,C|V005|수준,True,,1.0,+,1.0,사전 +,7.3809,V005,1.0,0.5,0.5,True,,panel_up_B
2025-12,common,④,수급,C|V032|수준,True,,1.0,+,1.0,사전 +,10.1418,V032,1.0,0.5,0.5,True,,panel_up_B
2025-12,common,④,거래,C|V035|12개월합_천세대당,True,,1.0,+,1.0,사전 +,15.6701,V035,1.0,1.0,0.5,True,,panel_up_B
2025-12,common,⑤,심리,C|V037|수준,True,,1.0,+,1.0,사전 +,11.0712,V037,1.0,1.0,0.5,True,,panel_up_B
2025-12,common,⑤,CSI,C|CSI|수준,True,,1.0,+,1.0,사전 +,15.1734,CSI,1.0,1.0,0.5,True,,panel_up_B
2025-12,common,⑥,시장금리,C|V043|Δ12,True,,1.0,±,-1.0,순위상관 -0.36,0.8225,V043,1.0,0.5,0.25,True,,panel_up_B
2025-12,common,⑥,시장금리,C|V045|Δ12,True,,1.0,±,-1.0,순위상관 -0.19,0.7983,V045,1.0,0.5,0.25,True,,panel_up_B
2025-12,common,⑥,유동성신용,C|V046|로그Δ12,True,,1.0,±,1.0,순위상관 +0.27,2.7464,V046,1.0,0.5,0.25,True,,panel_up_B
2025-12,common,⑥,유동성신용,C|V047|로그Δ12,True,,1.0,±,-1.0,순위상관 -0.10,3.6436,V047,1.0,0.5,0.25,True,,panel_up_B
2025-12,common,⑥,물가임금소득,C|V048|로그Δ12,True,,1.0,±,1.0,순위상관 +0.04,1.4622,V048,1.0,0.25,0.25,True,,panel_up_B
2025-12,common,⑥,물가임금소득,C|V049|로그Δ12,True,,1.0,±,-1.0,순위상관 -0.20,2.8696,V049,1.0,0.25,0.25,True,,panel_up_B
2025-12,common,⑥,물가임금소득,C|V066|로그Δ12,True,,1.0,±,-1.0,순위상관 -0.18,4.2107,V066,1.0,0.25,0.25,True,,panel_up_B
2025-12,common,⑥,물가임금소득,C|V074|로그Δ12,True,,0.895,±,-1.0,순위상관 -0.03,3.0939,V074,1.0,0.25,0.25,True,,panel_up_B
2025-12,common,⑥,금융시장실물,C|V064|로그Δ12,True,,1.0,±,1.0,순위상관 +0.44,17.1184,V064,1.0,0.5,0.25,True,,panel_up_B
2025-12,common,⑥,금융시장실물,C|V070|로그Δ12,True,,1.0,±,1.0,순위상관 +0.26,13.5453,V070,1.0,0.5,0.25,True,,panel_up_B
2025-12,regional,①,인구세대,D|V009|로그Δ12,True,,1.0,+,1.0,사전 +,2.5606,총량,2.0,0.167,0.333,True,,panel_up_B
2025-12,regional,①,인구세대,D|V010|로그Δ12,True,,1.0,+,1.0,사전 +,2.2927,총량,2.0,0.167,0.333,True,,panel_up_B
2025-12,regional,①,인구세대,D|V011a|로그Δ12,True,,1.0,+,1.0,사전 +,2.6051,청년,2.0,0.167,0.333,True,,panel_up_B
2025-12,regional,①,인구세대,D|V011b|로그Δ12,True,,1.0,+,1.0,사전 +,3.0837,청년,2.0,0.167,0.333,True,,panel_up_B
2025-12,regional,①,인구세대,D|V011c|수준,True,,1.0,+,1.0,사전 +,2.5379,비중,2.0,0.167,0.333,True,,panel_up_B
2025-12,regional,①,인구세대,D|V011c|Δ12,True,,1.0,+,1.0,사전 +,0.1633,비중,2.0,0.167,0.333,True,,panel_up_B
2025-12,regional,①,이동,D|V012|12개월합_천명당,True,,1.0,+,1.0,사전 +,22.2397,V012,1.0,1.0,0.333,True,,panel_up_B
2025-12,regional,①,고용소득,D|V013|수준,True,,0.993,+,1.0,사전 +,2.9494,V013,2.0,0.167,0.333,True,,panel_up_B
2025-12,regional,①,고용소득,D|V013|Δ12,True,,0.987,+,1.0,사전 +,0.9497,V013,2.0,0.167,0.333,True,,panel_up_B
2025-12,regional,①,고용소득,D|V015|수준,True,,1.0,+,1.0,사전 +,0.2954,V015,2.0,0.167,0.333,True,,panel_up_B
2025-12,regional,①,고용소득,D|V015|Δ12,True,,1.0,+,1.0,사전 +,0.0572,V015,2.0,0.167,0.333,True,,panel_up_B
2025-12,regional,①,고용소득,D|V017|수준,True,,1.0,+,1.0,사전 +,0.0881,V017,2.0,0.167,0.333,True,,panel_up_B
2025-12,regional,①,고용소득,D|V017|Δ12,True,,1.0,+,1.0,사전 +,0.0279,V017,2.0,0.167,0.333,True,,panel_up_B
2025-12,regional,②,공급흐름,D|V021|12개월합_천세대당,True,,1.0,-,-1.0,사전 −,14.9199,V021,1.0,0.333,0.5,True,,panel_up_B
2025-12,regional,②,공급흐름,D|V022|12개월합_천세대당,True,,1.0,-,-1.0,사전 −,16.4843,V022,1.0,0.333,0.5,True,,panel_up_B
2025-12,regional,②,공급흐름,D|V023|12개월합_천세대당,True,,1.0,-,-1.0,사전 −,19.895,V023,1.0,0.333,0.5,True,,panel_up_B
2025-12,regional,②,재고,D|V038|잔량_천세대당_log1p,True,,0.974,±,-1.0,순위상관 -0.26,0.6328,V038,1.0,0.5,0.5,True,,panel_up_B
2025-12,regional,②,재고,D|V072|수준,True,,0.994,±,-1.0,순위상관 -0.09,5.4376,V072,2.0,0.25,0.5,True,,panel_up_B
2025-12,regional,②,재고,D|V072|Δ12,True,,0.988,±,-1.0,순위상관 -0.15,1.4492,V072,2.0,0.25,0.5,True,,panel_up_B
2025-12,regional,③,상대가격,D|V003|수준,True,,1.0,±,-1.0,순위상관 -0.01,7.534,V003,2.0,0.25,0.333,True,,panel_up_B
2025-12,regional,③,상대가격,D|V003|Δ12,True,,1.0,±,-1.0,순위상관 -0.07,1.9899,V003,2.0,0.25,0.333,True,,panel_up_B
2025-12,regional,③,상대가격,D|V004|수준,True,,1.0,±,-1.0,순위상관 -0.10,0.7074,V004,2.0,0.25,0.333,True,,panel_up_B
2025-12,regional,③,상대가격,D|V004|Δ12,True,,1.0,±,-1.0,순위상관 -0.07,0.2868,V004,2.0,0.25,0.333,True,,panel_up_B
2025-12,regional,③,매매수급거래,D|V031|수준,True,,1.0,+,1.0,사전 +,10.8574,V031,1.0,0.5,0.333,True,,panel_up_B
2025-12,regional,③,매매수급거래,D|V036|12개월합_천세대당,True,,1.0,±,1.0,순위상관 +0.34,8.7854,V036,1.0,0.5,0.333,True,,panel_up_B
2025-12,regional,③,지역대출,D|V050|로그Δ12,True,,1.0,±,-1.0,순위상관 -0.07,5.532,V050,1.0,1.0,0.333,True,,panel_up_B
2025-12,regional,④,수급,D|V005|수준,True,,1.0,+,1.0,사전 +,9.138,V005,1.0,0.5,0.5,True,,panel_up_B
2025-12,regional,④,수급,D|V032|수준,True,,1.0,+,1.0,사전 +,10.3763,V032,1.0,0.5,0.5,True,,panel_up_B
2025-12,regional,④,거래,D|V035|12개월합_천세대당,True,,1.0,+,1.0,사전 +,34.224,V035,1.0,1.0,0.5,True,,panel_up_B
2025-12,regional,⑤,심리,D|V037|수준,True,,0.963,+,1.0,사전 +,9.2611,V037,1.0,1.0,0.5,True,,panel_up_B
2025-12,regional,⑤,CSI,D|CSI|수준,True,,1.0,+,1.0,사전 +,1.8714,CSI,1.0,1.0,0.5,True,,panel_up_B
2025-12,common,①,인구세대,C|V009|로그Δ12,True,,1.0,+,1.0,사전 +,0.6365,총량,2.0,0.167,0.333,True,,panel_up_B+RT
2025-12,common,①,인구세대,C|V010|로그Δ12,True,,1.0,+,1.0,사전 +,0.6552,총량,2.0,0.167,0.333,True,,panel_up_B+RT
2025-12,common,①,인구세대,C|V011b|로그Δ12,True,,1.0,+,1.0,사전 +,1.1252,청년,1.0,0.333,0.333,True,,panel_up_B+RT
2025-12,common,①,인구세대,C|V011c|Δ12,True,,1.0,+,1.0,사전 +,0.1484,비중,1.0,0.333,0.333,True,,panel_up_B+RT
2025-12,common,①,이동,C|V012|12개월합_천명당,True,,1.0,+,1.0,사전 +,3.8276,V012,1.0,1.0,0.333,True,,panel_up_B+RT
2025-12,common,①,고용소득,C|V013|수준,True,,1.0,+,1.0,사전 +,1.3623,V013,2.0,0.167,0.333,True,,panel_up_B+RT
2025-12,common,①,고용소득,C|V013|Δ12,True,,1.0,+,1.0,사전 +,0.6623,V013,2.0,0.167,0.333,True,,panel_up_B+RT
2025-12,common,①,고용소득,C|V015|수준,True,,1.0,+,1.0,사전 +,0.0289,V015,2.0,0.167,0.333,True,,panel_up_B+RT
2025-12,common,①,고용소득,C|V015|Δ12,True,,1.0,+,1.0,사전 +,0.0131,V015,2.0,0.167,0.333,True,,panel_up_B+RT
2025-12,common,①,고용소득,C|V017|Δ12,True,,1.0,+,1.0,사전 +,0.0066,V017,1.0,0.333,0.333,True,,panel_up_B+RT
2025-12,common,②,공급흐름,C|V021|12개월합_천세대당,True,,1.0,-,-1.0,사전 −,6.0038,V021,1.0,0.333,0.5,True,,panel_up_B+RT
2025-12,common,②,공급흐름,C|V022|12개월합_천세대당,True,,1.0,-,-1.0,사전 −,6.5746,V022,1.0,0.333,0.5,True,,panel_up_B+RT
2025-12,common,②,공급흐름,C|V023|12개월합_천세대당,True,,1.0,-,-1.0,사전 −,4.702,V023,1.0,0.333,0.5,True,,panel_up_B+RT
2025-12,common,②,재고,C|V038|잔량_천세대당_log1p,True,,0.974,±,-1.0,순위상관 -0.33,0.2789,V038,1.0,0.5,0.5,True,,panel_up_B+RT
2025-12,common,②,재고,C|V072|Δ12,True,,1.0,±,1.0,순위상관 +0.17,0.8726,V072,1.0,0.5,0.5,True,,panel_up_B+RT
2025-12,common,③,상대가격,C|V003|Δ12,True,,1.0,±,-1.0,순위상관 -0.15,1.0506,V003,1.0,0.5,0.167,True,,panel_up_B+RT
2025-12,common,③,상대가격,C|V004|Δ12,True,,1.0,±,1.0,순위상관 +0.01,0.3476,V004,1.0,0.5,0.167,True,,panel_up_B+RT
2025-12,common,③,매매수급거래,C|V031|수준,True,,1.0,+,1.0,사전 +,9.8065,V031,1.0,0.5,0.167,True,,panel_up_B+RT
2025-12,common,③,매매수급거래,C|V036|12개월합_천세대당,True,,1.0,±,1.0,순위상관 +0.34,7.3991,V036,1.0,0.5,0.167,True,,panel_up_B+RT
2025-12,common,③,지역대출,C|V050|로그Δ12,True,,1.0,±,1.0,순위상관 +0.21,2.9721,V050,1.0,1.0,0.167,True,,panel_up_B+RT
2025-12,common,③,대출금리,C|V056|Δ12,True,,1.0,±,-1.0,순위상관 -0.16,0.582,V056,1.0,0.333,0.167,True,,panel_up_B+RT
2025-12,common,③,대출금리,C|V057|Δ12,True,,0.991,±,-1.0,순위상관 -0.36,0.5513,V057,1.0,0.333,0.167,True,,panel_up_B+RT
2025-12,common,③,대출금리,C|V059|Δ12,True,,1.0,±,-1.0,순위상관 -0.42,0.8638,V059,1.0,0.333,0.167,True,,panel_up_B+RT
2025-12,common,③,대출태도,C|V060|수준,True,,1.0,±,1.0,순위상관 +0.12,18.9062,V060,1.0,1.0,0.167,True,,panel_up_B+RT
2025-12,common,③,대출,C|V069|로그Δ12,True,,1.0,±,1.0,순위상관 +0.23,2.5443,V069,1.0,0.5,0.167,True,,panel_up_B+RT
2025-12,common,③,대출,C|V071|로그Δ12,True,,0.939,±,1.0,순위상관 +0.16,5.398,V071,1.0,0.5,0.167,True,,panel_up_B+RT
2025-12,common,④,수급,C|V005|수준,True,,1.0,+,1.0,사전 +,7.3809,V005,1.0,0.5,0.5,True,,panel_up_B+RT
2025-12,common,④,수급,C|V032|수준,True,,1.0,+,1.0,사전 +,10.1418,V032,1.0,0.5,0.5,True,,panel_up_B+RT
2025-12,common,④,거래,C|V035|12개월합_천세대당,True,,1.0,+,1.0,사전 +,15.6701,V035,1.0,1.0,0.5,True,,panel_up_B+RT
2025-12,common,⑤,심리,C|V037|수준,True,,1.0,+,1.0,사전 +,11.0712,V037,1.0,1.0,0.5,True,,panel_up_B+RT
2025-12,common,⑤,CSI,C|CSI|수준,True,,1.0,+,1.0,사전 +,15.1734,CSI,1.0,1.0,0.5,True,,panel_up_B+RT
2025-12,common,⑥,시장금리,C|V043|Δ12,True,,1.0,±,-1.0,순위상관 -0.36,0.8225,V043,1.0,0.5,0.25,True,,panel_up_B+RT
2025-12,common,⑥,시장금리,C|V045|Δ12,True,,1.0,±,-1.0,순위상관 -0.19,0.7983,V045,1.0,0.5,0.25,True,,panel_up_B+RT
2025-12,common,⑥,유동성신용,C|V046|로그Δ12,True,,1.0,±,1.0,순위상관 +0.27,2.7464,V046,1.0,0.5,0.25,True,,panel_up_B+RT
2025-12,common,⑥,유동성신용,C|V047|로그Δ12,True,,1.0,±,-1.0,순위상관 -0.10,3.6436,V047,1.0,0.5,0.25,True,,panel_up_B+RT
2025-12,common,⑥,물가임금소득,C|V048|로그Δ12,True,,1.0,±,1.0,순위상관 +0.04,1.4622,V048,1.0,0.25,0.25,True,,panel_up_B+RT
2025-12,common,⑥,물가임금소득,C|V049|로그Δ12,True,,1.0,±,-1.0,순위상관 -0.20,2.8696,V049,1.0,0.25,0.25,True,,panel_up_B+RT
2025-12,common,⑥,물가임금소득,C|V066|로그Δ12,True,,1.0,±,-1.0,순위상관 -0.18,4.2107,V066,1.0,0.25,0.25,True,,panel_up_B+RT
2025-12,common,⑥,물가임금소득,C|V074|로그Δ12,True,,0.895,±,-1.0,순위상관 -0.03,3.0939,V074,1.0,0.25,0.25,True,,panel_up_B+RT
2025-12,common,⑥,금융시장실물,C|V064|로그Δ12,True,,1.0,±,1.0,순위상관 +0.44,17.1184,V064,1.0,0.5,0.25,True,,panel_up_B+RT
2025-12,common,⑥,금융시장실물,C|V070|로그Δ12,True,,1.0,±,1.0,순위상관 +0.26,13.5453,V070,1.0,0.5,0.25,True,,panel_up_B+RT
2025-12,regional,①,인구세대,D|V009|로그Δ12,True,,1.0,+,1.0,사전 +,2.5606,총량,2.0,0.167,0.333,True,,panel_up_B+RT
2025-12,regional,①,인구세대,D|V010|로그Δ12,True,,1.0,+,1.0,사전 +,2.2927,총량,2.0,0.167,0.333,True,,panel_up_B+RT
2025-12,regional,①,인구세대,D|V011a|로그Δ12,True,,1.0,+,1.0,사전 +,2.6051,청년,2.0,0.167,0.333,True,,panel_up_B+RT
2025-12,regional,①,인구세대,D|V011b|로그Δ12,True,,1.0,+,1.0,사전 +,3.0837,청년,2.0,0.167,0.333,True,,panel_up_B+RT
2025-12,regional,①,인구세대,D|V011c|수준,True,,1.0,+,1.0,사전 +,2.5379,비중,2.0,0.167,0.333,True,,panel_up_B+RT
2025-12,regional,①,인구세대,D|V011c|Δ12,True,,1.0,+,1.0,사전 +,0.1633,비중,2.0,0.167,0.333,True,,panel_up_B+RT
2025-12,regional,①,이동,D|V012|12개월합_천명당,True,,1.0,+,1.0,사전 +,22.2397,V012,1.0,1.0,0.333,True,,panel_up_B+RT
2025-12,regional,①,고용소득,D|V013|수준,True,,0.993,+,1.0,사전 +,2.9494,V013,2.0,0.167,0.333,True,,panel_up_B+RT
2025-12,regional,①,고용소득,D|V013|Δ12,True,,0.987,+,1.0,사전 +,0.9497,V013,2.0,0.167,0.333,True,,panel_up_B+RT
2025-12,regional,①,고용소득,D|V015|수준,True,,1.0,+,1.0,사전 +,0.2954,V015,2.0,0.167,0.333,True,,panel_up_B+RT
2025-12,regional,①,고용소득,D|V015|Δ12,True,,1.0,+,1.0,사전 +,0.0572,V015,2.0,0.167,0.333,True,,panel_up_B+RT
2025-12,regional,①,고용소득,D|V017|수준,True,,1.0,+,1.0,사전 +,0.0881,V017,2.0,0.167,0.333,True,,panel_up_B+RT
2025-12,regional,①,고용소득,D|V017|Δ12,True,,1.0,+,1.0,사전 +,0.0279,V017,2.0,0.167,0.333,True,,panel_up_B+RT
2025-12,regional,②,공급흐름,D|V021|12개월합_천세대당,True,,1.0,-,-1.0,사전 −,14.9199,V021,1.0,0.333,0.5,True,,panel_up_B+RT
2025-12,regional,②,공급흐름,D|V022|12개월합_천세대당,True,,1.0,-,-1.0,사전 −,16.4843,V022,1.0,0.333,0.5,True,,panel_up_B+RT
2025-12,regional,②,공급흐름,D|V023|12개월합_천세대당,True,,1.0,-,-1.0,사전 −,19.895,V023,1.0,0.333,0.5,True,,panel_up_B+RT
2025-12,regional,②,재고,D|V038|잔량_천세대당_log1p,True,,0.974,±,-1.0,순위상관 -0.26,0.6328,V038,1.0,0.5,0.5,True,,panel_up_B+RT
2025-12,regional,②,재고,D|V072|수준,True,,0.994,±,-1.0,순위상관 -0.09,5.4376,V072,2.0,0.25,0.5,True,,panel_up_B+RT
2025-12,regional,②,재고,D|V072|Δ12,True,,0.988,±,-1.0,순위상관 -0.15,1.4492,V072,2.0,0.25,0.5,True,,panel_up_B+RT
2025-12,regional,③,상대가격,D|V003|수준,True,,1.0,±,-1.0,순위상관 -0.01,7.534,V003,2.0,0.25,0.333,True,,panel_up_B+RT
2025-12,regional,③,상대가격,D|V003|Δ12,True,,1.0,±,-1.0,순위상관 -0.07,1.9899,V003,2.0,0.25,0.333,True,,panel_up_B+RT
2025-12,regional,③,상대가격,D|V004|수준,True,,1.0,±,-1.0,순위상관 -0.10,0.7074,V004,2.0,0.25,0.333,True,,panel_up_B+RT
2025-12,regional,③,상대가격,D|V004|Δ12,True,,1.0,±,-1.0,순위상관 -0.07,0.2868,V004,2.0,0.25,0.333,True,,panel_up_B+RT
2025-12,regional,③,매매수급거래,D|V031|수준,True,,1.0,+,1.0,사전 +,10.8574,V031,1.0,0.5,0.333,True,,panel_up_B+RT
2025-12,regional,③,매매수급거래,D|V036|12개월합_천세대당,True,,1.0,±,1.0,순위상관 +0.34,8.7854,V036,1.0,0.5,0.333,True,,panel_up_B+RT
2025-12,regional,③,지역대출,D|V050|로그Δ12,True,,1.0,±,-1.0,순위상관 -0.07,5.532,V050,1.0,1.0,0.333,True,,panel_up_B+RT
2025-12,regional,④,수급,D|V005|수준,True,,1.0,+,1.0,사전 +,9.138,V005,1.0,0.5,0.5,True,,panel_up_B+RT
2025-12,regional,④,수급,D|V032|수준,True,,1.0,+,1.0,사전 +,10.3763,V032,1.0,0.5,0.5,True,,panel_up_B+RT
2025-12,regional,④,거래,D|V035|12개월합_천세대당,True,,1.0,+,1.0,사전 +,34.224,V035,1.0,1.0,0.5,True,,panel_up_B+RT
2025-12,regional,⑤,심리,D|V037|수준,True,,0.963,+,1.0,사전 +,9.2611,V037,1.0,1.0,0.5,True,,panel_up_B+RT
2025-12,regional,⑤,CSI,D|CSI|수준,True,,1.0,+,1.0,사전 +,1.8714,CSI,1.0,1.0,0.5,True,,panel_up_B+RT
2025-12,extra,,,D|RT_mix|Δ12,True,,0.877,,,,18.7732,,,,,,,panel_up_B+RT
2025-12,extra,,,D|RT_act|Δ12,True,,0.877,,,,10.2922,,,,,,,panel_up_B+RT
