region,시작,경보첫시점,선행개월,창내가용월수,모형,h,배수
강원,2020-10,,,1,panel_up_A,1,1
경기,2023-09,,,6,panel_up_A,1,1
경기,2025-11,,,6,panel_up_A,1,1
경남,2020-11,,,2,panel_up_A,1,1
경남,2021-08,2021-03,5.0,6,panel_up_A,1,1
경남,2025-11,,,6,panel_up_A,1,1
경북,2021-01,,,4,panel_up_A,1,1
경북,2021-08,2021-03,5.0,6,panel_up_A,1,1
광주,2020-12,,,3,panel_up_A,1,1
대구,2020-11,,,2,panel_up_A,1,1
대전,2023-10,,,6,panel_up_A,1,1
부산,2020-12,,,3,panel_up_A,1,1
부산,2025-12,,,6,panel_up_A,1,1
서울,2020-11,,,2,panel_up_A,1,1
서울,2021-09,,,6,panel_up_A,1,1
서울,2023-11,,,6,panel_up_A,1,1
서울,2025-06,,,6,panel_up_A,1,1
세종,2021-10,2021-05,5.0,6,panel_up_A,1,1
세종,2023-09,,,6,panel_up_A,1,1
세종,2025-09,,,6,panel_up_A,1,1
울산,2025-02,,,6,panel_up_A,1,1
인천,2020-11,,,2,panel_up_A,1,1
인천,2023-10,,,6,panel_up_A,1,1
인천,2025-11,,,6,panel_up_A,1,1
전남,2020-12,,,3,panel_up_A,1,1
전남,2021-08,,,6,panel_up_A,1,1
전남,2025-12,,,6,panel_up_A,1,1
전북,2021-09,,,6,panel_up_A,1,1
전북,2022-05,2021-12,5.0,6,panel_up_A,1,1
전북,2024-03,,,6,panel_up_A,1,1
전북,2025-12,,,6,panel_up_A,1,1
제주,2021-02,,,5,panel_up_A,1,1
충북,2023-10,,,6,panel_up_A,1,1
강원,2020-10,,,1,panel_up_A,1,2
경기,2023-09,,,6,panel_up_A,1,2
경기,2025-11,2025-10,1.0,6,panel_up_A,1,2
경남,2020-11,,,2,panel_up_A,1,2
경남,2021-08,2021-03,5.0,6,panel_up_A,1,2
경남,2025-11,2025-11,0.0,6,panel_up_A,1,2
경북,2021-01,2021-01,0.0,4,panel_up_A,1,2
경북,2021-08,2021-03,5.0,6,panel_up_A,1,2
광주,2020-12,,,3,panel_up_A,1,2
대구,2020-11,2020-11,0.0,2,panel_up_A,1,2
대전,2023-10,,,6,panel_up_A,1,2
부산,2020-12,2020-12,0.0,3,panel_up_A,1,2
부산,2025-12,2025-11,1.0,6,panel_up_A,1,2
서울,2020-11,2020-11,0.0,2,panel_up_A,1,2
서울,2021-09,2021-04,5.0,6,panel_up_A,1,2
서울,2023-11,2023-10,1.0,6,panel_up_A,1,2
서울,2025-06,2025-01,5.0,6,panel_up_A,1,2
세종,2021-10,2021-05,5.0,6,panel_up_A,1,2
세종,2023-09,2023-09,0.0,6,panel_up_A,1,2
세종,2025-09,2025-09,0.0,6,panel_up_A,1,2
울산,2025-02,2024-09,5.0,6,panel_up_A,1,2
인천,2020-11,2020-10,1.0,2,panel_up_A,1,2
인천,2023-10,,,6,panel_up_A,1,2
인천,2025-11,,,6,panel_up_A,1,2
전남,2020-12,,,3,panel_up_A,1,2
전남,2021-08,2021-03,5.0,6,panel_up_A,1,2
전남,2025-12,,,6,panel_up_A,1,2
전북,2021-09,2021-05,4.0,6,panel_up_A,1,2
전북,2022-05,2021-12,5.0,6,panel_up_A,1,2
전북,2024-03,2024-03,0.0,6,panel_up_A,1,2
전북,2025-12,2025-09,3.0,6,panel_up_A,1,2
제주,2021-02,,,5,panel_up_A,1,2
충북,2023-10,,,6,panel_up_A,1,2
강원,2020-10,,,1,panel_up_B,1,1
경기,2023-09,,,6,panel_up_B,1,1
경기,2025-11,,,6,panel_up_B,1,1
경남,2020-11,,,2,panel_up_B,1,1
경남,2021-08,2021-03,5.0,6,panel_up_B,1,1
경남,2025-11,,,6,panel_up_B,1,1
경북,2021-01,2021-01,0.0,4,panel_up_B,1,1
경북,2021-08,2021-03,5.0,6,panel_up_B,1,1
광주,2020-12,,,3,panel_up_B,1,1
대구,2020-11,2020-11,0.0,2,panel_up_B,1,1
대전,2023-10,,,6,panel_up_B,1,1
부산,2020-12,2020-12,0.0,3,panel_up_B,1,1
부산,2025-12,,,6,panel_up_B,1,1
서울,2020-11,,,2,panel_up_B,1,1
서울,2021-09,,,6,panel_up_B,1,1
서울,2023-11,,,6,panel_up_B,1,1
서울,2025-06,,,6,panel_up_B,1,1
세종,2021-10,2021-05,5.0,6,panel_up_B,1,1
세종,2023-09,,,6,panel_up_B,1,1
세종,2025-09,,,6,panel_up_B,1,1
울산,2025-02,,,6,panel_up_B,1,1
인천,2020-11,2020-11,0.0,2,panel_up_B,1,1
인천,2023-10,,,6,panel_up_B,1,1
인천,2025-11,,,6,panel_up_B,1,1
전남,2020-12,,,3,panel_up_B,1,1
전남,2021-08,,,6,panel_up_B,1,1
전남,2025-12,,,6,panel_up_B,1,1
전북,2021-09,,,6,panel_up_B,1,1
전북,2022-05,,,6,panel_up_B,1,1
전북,2024-03,,,6,panel_up_B,1,1
전북,2025-12,,,6,panel_up_B,1,1
제주,2021-02,,,5,panel_up_B,1,1
충북,2023-10,,,6,panel_up_B,1,1
강원,2020-10,,,1,panel_up_B,1,2
경기,2023-09,,,6,panel_up_B,1,2
경기,2025-11,2025-10,1.0,6,panel_up_B,1,2
경남,2020-11,,,2,panel_up_B,1,2
경남,2021-08,2021-03,5.0,6,panel_up_B,1,2
경남,2025-11,2025-10,1.0,6,panel_up_B,1,2
경북,2021-01,2020-12,1.0,4,panel_up_B,1,2
경북,2021-08,2021-03,5.0,6,panel_up_B,1,2
광주,2020-12,2020-12,0.0,3,panel_up_B,1,2
대구,2020-11,2020-10,1.0,2,panel_up_B,1,2
대전,2023-10,,,6,panel_up_B,1,2
부산,2020-12,2020-11,1.0,3,panel_up_B,1,2
부산,2025-12,2025-12,0.0,6,panel_up_B,1,2
서울,2020-11,2020-10,1.0,2,panel_up_B,1,2
서울,2021-09,2021-04,5.0,6,panel_up_B,1,2
서울,2023-11,,,6,panel_up_B,1,2
서울,2025-06,2025-01,5.0,6,panel_up_B,1,2
세종,2021-10,2021-05,5.0,6,panel_up_B,1,2
세종,2023-09,,,6,panel_up_B,1,2
세종,2025-09,2025-09,0.0,6,panel_up_B,1,2
울산,2025-02,2024-09,5.0,6,panel_up_B,1,2
인천,2020-11,2020-10,1.0,2,panel_up_B,1,2
인천,2023-10,,,6,panel_up_B,1,2
인천,2025-11,,,6,panel_up_B,1,2
전남,2020-12,2020-12,0.0,3,panel_up_B,1,2
전남,2021-08,2021-03,5.0,6,panel_up_B,1,2
전남,2025-12,,,6,panel_up_B,1,2
전북,2021-09,2021-04,5.0,6,panel_up_B,1,2
전북,2022-05,2021-12,5.0,6,panel_up_B,1,2
전북,2024-03,2024-03,0.0,6,panel_up_B,1,2
전북,2025-12,2025-09,3.0,6,panel_up_B,1,2
제주,2021-02,2021-02,0.0,5,panel_up_B,1,2
충북,2023-10,,,6,panel_up_B,1,2
강원,2020-10,,,1,panel_up_B+RT,1,1
경기,2023-09,,,6,panel_up_B+RT,1,1
경기,2025-11,,,6,panel_up_B+RT,1,1
경남,2020-11,,,2,panel_up_B+RT,1,1
경남,2021-08,2021-03,5.0,6,panel_up_B+RT,1,1
경남,2025-11,,,6,panel_up_B+RT,1,1
경북,2021-01,2021-01,0.0,4,panel_up_B+RT,1,1
경북,2021-08,2021-03,5.0,6,panel_up_B+RT,1,1
광주,2020-12,,,3,panel_up_B+RT,1,1
대구,2020-11,2020-11,0.0,2,panel_up_B+RT,1,1
대전,2023-10,,,6,panel_up_B+RT,1,1
부산,2020-12,2020-12,0.0,3,panel_up_B+RT,1,1
부산,2025-12,,,6,panel_up_B+RT,1,1
서울,2020-11,,,2,panel_up_B+RT,1,1
서울,2021-09,2021-09,0.0,6,panel_up_B+RT,1,1
서울,2023-11,,,6,panel_up_B+RT,1,1
서울,2025-06,,,6,panel_up_B+RT,1,1
세종,2021-10,2021-05,5.0,6,panel_up_B+RT,1,1
세종,2023-09,,,6,panel_up_B+RT,1,1
세종,2025-09,,,6,panel_up_B+RT,1,1
울산,2025-02,,,6,panel_up_B+RT,1,1
인천,2020-11,2020-11,0.0,2,panel_up_B+RT,1,1
인천,2023-10,,,6,panel_up_B+RT,1,1
인천,2025-11,,,6,panel_up_B+RT,1,1
전남,2020-12,,,3,panel_up_B+RT,1,1
전남,2021-08,,,6,panel_up_B+RT,1,1
전남,2025-12,,,6,panel_up_B+RT,1,1
전북,2021-09,2021-09,0.0,6,panel_up_B+RT,1,1
전북,2022-05,2021-12,5.0,6,panel_up_B+RT,1,1
전북,2024-03,,,6,panel_up_B+RT,1,1
전북,2025-12,,,6,panel_up_B+RT,1,1
제주,2021-02,,,5,panel_up_B+RT,1,1
충북,2023-10,,,6,panel_up_B+RT,1,1
강원,2020-10,,,1,panel_up_B+RT,1,2
경기,2023-09,,,6,panel_up_B+RT,1,2
경기,2025-11,2025-10,1.0,6,panel_up_B+RT,1,2
경남,2020-11,,,2,panel_up_B+RT,1,2
경남,2021-08,2021-03,5.0,6,panel_up_B+RT,1,2
경남,2025-11,2025-10,1.0,6,panel_up_B+RT,1,2
경북,2021-01,2020-12,1.0,4,panel_up_B+RT,1,2
경북,2021-08,2021-03,5.0,6,panel_up_B+RT,1,2
광주,2020-12,2020-12,0.0,3,panel_up_B+RT,1,2
대구,2020-11,2020-10,1.0,2,panel_up_B+RT,1,2
대전,2023-10,,,6,panel_up_B+RT,1,2
부산,2020-12,2020-11,1.0,3,panel_up_B+RT,1,2
부산,2025-12,2025-12,0.0,6,panel_up_B+RT,1,2
서울,2020-11,2020-10,1.0,2,panel_up_B+RT,1,2
서울,2021-09,2021-04,5.0,6,panel_up_B+RT,1,2
서울,2023-11,,,6,panel_up_B+RT,1,2
서울,2025-06,2025-01,5.0,6,panel_up_B+RT,1,2
세종,2021-10,2021-05,5.0,6,panel_up_B+RT,1,2
세종,2023-09,,,6,panel_up_B+RT,1,2
세종,2025-09,2025-09,0.0,6,panel_up_B+RT,1,2
울산,2025-02,,,6,panel_up_B+RT,1,2
인천,2020-11,2020-10,1.0,2,panel_up_B+RT,1,2
인천,2023-10,,,6,panel_up_B+RT,1,2
인천,2025-11,,,6,panel_up_B+RT,1,2
전남,2020-12,2020-12,0.0,3,panel_up_B+RT,1,2
전남,2021-08,2021-03,5.0,6,panel_up_B+RT,1,2
전남,2025-12,,,6,panel_up_B+RT,1,2
전북,2021-09,2021-04,5.0,6,panel_up_B+RT,1,2
전북,2022-05,2021-12,5.0,6,panel_up_B+RT,1,2
전북,2024-03,,,6,panel_up_B+RT,1,2
전북,2025-12,2025-09,3.0,6,panel_up_B+RT,1,2
제주,2021-02,2021-02,0.0,5,panel_up_B+RT,1,2
충북,2023-10,,,6,panel_up_B+RT,1,2
강원,2021-11,2021-06,5.0,6,panel_up_A,3,1
경기,2023-08,,,6,panel_up_A,3,1
경기,2025-09,,,6,panel_up_A,3,1
경남,2021-07,2021-04,3.0,6,panel_up_A,3,1
경남,2025-10,,,6,panel_up_A,3,1
경북,2021-07,2021-02,5.0,6,panel_up_A,3,1
대전,2023-09,,,6,panel_up_A,3,1
부산,2025-11,,,6,panel_up_A,3,1
서울,2021-08,,,6,panel_up_A,3,1
서울,2024-04,,,6,panel_up_A,3,1
서울,2025-05,,,6,panel_up_A,3,1
세종,2023-08,,,6,panel_up_A,3,1
세종,2025-08,,,6,panel_up_A,3,1
울산,2025-01,,,6,panel_up_A,3,1
인천,2022-07,,,6,panel_up_A,3,1
인천,2024-02,,,6,panel_up_A,3,1
인천,2025-10,,,6,panel_up_A,3,1
전남,2021-06,,,6,panel_up_A,3,1
전북,2021-08,,,6,panel_up_A,3,1
전북,2022-05,,,6,panel_up_A,3,1
전북,2025-11,,,6,panel_up_A,3,1
제주,2021-03,,,5,panel_up_A,3,1
충북,2021-05,2021-02,3.0,6,panel_up_A,3,1
강원,2021-11,2021-06,5.0,6,panel_up_A,3,2
경기,2023-08,,,6,panel_up_A,3,2
경기,2025-09,,,6,panel_up_A,3,2
경남,2021-07,2021-04,3.0,6,panel_up_A,3,2
경남,2025-10,,,6,panel_up_A,3,2
경북,2021-07,2021-02,5.0,6,panel_up_A,3,2
대전,2023-09,,,6,panel_up_A,3,2
부산,2025-11,,,6,panel_up_A,3,2
서울,2021-08,2021-04,4.0,6,panel_up_A,3,2
서울,2024-04,2023-11,5.0,6,panel_up_A,3,2
서울,2025-05,2025-01,4.0,6,panel_up_A,3,2
세종,2023-08,,,6,panel_up_A,3,2
세종,2025-08,,,6,panel_up_A,3,2
울산,2025-01,2024-09,4.0,6,panel_up_A,3,2
인천,2022-07,2022-04,3.0,6,panel_up_A,3,2
인천,2024-02,2023-11,3.0,6,panel_up_A,3,2
인천,2025-10,,,6,panel_up_A,3,2
전남,2021-06,2021-01,5.0,6,panel_up_A,3,2
전북,2021-08,2021-03,5.0,6,panel_up_A,3,2
전북,2022-05,2022-02,3.0,6,panel_up_A,3,2
전북,2025-11,2025-09,2.0,6,panel_up_A,3,2
제주,2021-03,2021-03,0.0,5,panel_up_A,3,2
충북,2021-05,2020-12,5.0,6,panel_up_A,3,2
강원,2021-11,2021-10,1.0,6,panel_up_B,3,1
경기,2023-08,,,6,panel_up_B,3,1
경기,2025-09,,,6,panel_up_B,3,1
경남,2021-07,2021-04,3.0,6,panel_up_B,3,1
경남,2025-10,,,6,panel_up_B,3,1
경북,2021-07,2021-02,5.0,6,panel_up_B,3,1
대전,2023-09,,,6,panel_up_B,3,1
부산,2025-11,,,6,panel_up_B,3,1
서울,2021-08,,,6,panel_up_B,3,1
서울,2024-04,,,6,panel_up_B,3,1
서울,2025-05,,,6,panel_up_B,3,1
세종,2023-08,,,6,panel_up_B,3,1
세종,2025-08,,,6,panel_up_B,3,1
울산,2025-01,,,6,panel_up_B,3,1
인천,2022-07,,,6,panel_up_B,3,1
인천,2024-02,,,6,panel_up_B,3,1
인천,2025-10,,,6,panel_up_B,3,1
전남,2021-06,2021-01,5.0,6,panel_up_B,3,1
전북,2021-08,,,6,panel_up_B,3,1
전북,2022-05,,,6,panel_up_B,3,1
전북,2025-11,,,6,panel_up_B,3,1
제주,2021-03,,,5,panel_up_B,3,1
충북,2021-05,2020-12,5.0,6,panel_up_B,3,1
강원,2021-11,2021-06,5.0,6,panel_up_B,3,2
경기,2023-08,,,6,panel_up_B,3,2
경기,2025-09,,,6,panel_up_B,3,2
경남,2021-07,2021-04,3.0,6,panel_up_B,3,2
경남,2025-10,2025-10,0.0,6,panel_up_B,3,2
경북,2021-07,2021-02,5.0,6,panel_up_B,3,2
대전,2023-09,,,6,panel_up_B,3,2
부산,2025-11,2025-11,0.0,6,panel_up_B,3,2
서울,2021-08,2021-04,4.0,6,panel_up_B,3,2
서울,2024-04,2024-04,0.0,6,panel_up_B,3,2
서울,2025-05,2025-01,4.0,6,panel_up_B,3,2
세종,2023-08,,,6,panel_up_B,3,2
세종,2025-08,2025-06,2.0,6,panel_up_B,3,2
울산,2025-01,2024-09,4.0,6,panel_up_B,3,2
인천,2022-07,,,6,panel_up_B,3,2
인천,2024-02,,,6,panel_up_B,3,2
인천,2025-10,,,6,panel_up_B,3,2
전남,2021-06,2021-01,5.0,6,panel_up_B,3,2
전북,2021-08,2021-03,5.0,6,panel_up_B,3,2
전북,2022-05,2022-05,0.0,6,panel_up_B,3,2
전북,2025-11,2025-09,2.0,6,panel_up_B,3,2
제주,2021-03,2021-02,1.0,5,panel_up_B,3,2
충북,2021-05,2020-12,5.0,6,panel_up_B,3,2
강원,2021-11,2021-10,1.0,6,panel_up_B+RT,3,1
경기,2023-08,,,6,panel_up_B+RT,3,1
경기,2025-09,,,6,panel_up_B+RT,3,1
경남,2021-07,,,6,panel_up_B+RT,3,1
경남,2025-10,,,6,panel_up_B+RT,3,1
경북,2021-07,2021-02,5.0,6,panel_up_B+RT,3,1
대전,2023-09,,,6,panel_up_B+RT,3,1
부산,2025-11,,,6,panel_up_B+RT,3,1
서울,2021-08,,,6,panel_up_B+RT,3,1
서울,2024-04,,,6,panel_up_B+RT,3,1
서울,2025-05,,,6,panel_up_B+RT,3,1
세종,2023-08,,,6,panel_up_B+RT,3,1
세종,2025-08,,,6,panel_up_B+RT,3,1
울산,2025-01,,,6,panel_up_B+RT,3,1
인천,2022-07,,,6,panel_up_B+RT,3,1
인천,2024-02,,,6,panel_up_B+RT,3,1
인천,2025-10,,,6,panel_up_B+RT,3,1
전남,2021-06,2021-01,5.0,6,panel_up_B+RT,3,1
전북,2021-08,,,6,panel_up_B+RT,3,1
전북,2022-05,,,6,panel_up_B+RT,3,1
전북,2025-11,,,6,panel_up_B+RT,3,1
제주,2021-03,,,5,panel_up_B+RT,3,1
충북,2021-05,2020-12,5.0,6,panel_up_B+RT,3,1
강원,2021-11,2021-06,5.0,6,panel_up_B+RT,3,2
경기,2023-08,,,6,panel_up_B+RT,3,2
경기,2025-09,2025-04,5.0,6,panel_up_B+RT,3,2
경남,2021-07,2021-04,3.0,6,panel_up_B+RT,3,2
경남,2025-10,2025-10,0.0,6,panel_up_B+RT,3,2
경북,2021-07,2021-02,5.0,6,panel_up_B+RT,3,2
대전,2023-09,,,6,panel_up_B+RT,3,2
부산,2025-11,,,6,panel_up_B+RT,3,2
서울,2021-08,2021-04,4.0,6,panel_up_B+RT,3,2
서울,2024-04,,,6,panel_up_B+RT,3,2
서울,2025-05,2025-01,4.0,6,panel_up_B+RT,3,2
세종,2023-08,,,6,panel_up_B+RT,3,2
세종,2025-08,2025-06,2.0,6,panel_up_B+RT,3,2
울산,2025-01,,,6,panel_up_B+RT,3,2
인천,2022-07,2022-04,3.0,6,panel_up_B+RT,3,2
인천,2024-02,,,6,panel_up_B+RT,3,2
인천,2025-10,,,6,panel_up_B+RT,3,2
전남,2021-06,2021-01,5.0,6,panel_up_B+RT,3,2
전북,2021-08,2021-03,5.0,6,panel_up_B+RT,3,2
전북,2022-05,2022-02,3.0,6,panel_up_B+RT,3,2
전북,2025-11,2025-09,2.0,6,panel_up_B+RT,3,2
제주,2021-03,2021-02,1.0,5,panel_up_B+RT,3,2
충북,2021-05,2020-12,5.0,6,panel_up_B+RT,3,2
강원,2021-08,2021-08,0.0,6,panel_up_A,6,1
경기,2023-07,,,6,panel_up_A,6,1
경기,2025-08,,,6,panel_up_A,6,1
경남,2021-06,2021-01,5.0,6,panel_up_A,6,1
경남,2025-09,,,6,panel_up_A,6,1
경북,2021-05,2021-02,3.0,5,panel_up_A,6,1
대전,2023-09,,,6,panel_up_A,6,1
부산,2025-10,,,6,panel_up_A,6,1
서울,2021-06,2021-04,2.0,6,panel_up_A,6,1
서울,2024-03,,,6,panel_up_A,6,1
서울,2025-04,,,6,panel_up_A,6,1
세종,2023-06,,,6,panel_up_A,6,1
세종,2025-05,,,6,panel_up_A,6,1
울산,2025-01,,,6,panel_up_A,6,1
인천,2023-12,,,6,panel_up_A,6,1
인천,2025-09,,,6,panel_up_A,6,1
전남,2025-12,,,6,panel_up_A,6,1
전북,2021-06,,,6,panel_up_A,6,1
전북,2025-10,,,6,panel_up_A,6,1
제주,2021-01,,,1,panel_up_A,6,1
충북,2021-03,,,3,panel_up_A,6,1
강원,2021-08,2021-08,0.0,6,panel_up_A,6,2
경기,2023-07,,,6,panel_up_A,6,2
경기,2025-08,,,6,panel_up_A,6,2
경남,2021-06,2021-01,5.0,6,panel_up_A,6,2
경남,2025-09,,,6,panel_up_A,6,2
경북,2021-05,2021-01,4.0,5,panel_up_A,6,2
대전,2023-09,,,6,panel_up_A,6,2
부산,2025-10,,,6,panel_up_A,6,2
서울,2021-06,2021-01,5.0,6,panel_up_A,6,2
서울,2024-03,2023-11,4.0,6,panel_up_A,6,2
서울,2025-04,2025-02,2.0,6,panel_up_A,6,2
세종,2023-06,,,6,panel_up_A,6,2
세종,2025-05,,,6,panel_up_A,6,2
울산,2025-01,2024-12,1.0,6,panel_up_A,6,2
인천,2023-12,2023-11,1.0,6,panel_up_A,6,2
인천,2025-09,,,6,panel_up_A,6,2
전남,2025-12,,,6,panel_up_A,6,2
전북,2021-06,2021-03,3.0,6,panel_up_A,6,2
전북,2025-10,2025-09,1.0,6,panel_up_A,6,2
제주,2021-01,,,1,panel_up_A,6,2
충북,2021-03,2021-01,2.0,3,panel_up_A,6,2
강원,2021-08,,,6,panel_up_B,6,1
경기,2023-07,,,6,panel_up_B,6,1
경기,2025-08,,,6,panel_up_B,6,1
경남,2021-06,2021-02,4.0,6,panel_up_B,6,1
경남,2025-09,,,6,panel_up_B,6,1
경북,2021-05,2021-02,3.0,5,panel_up_B,6,1
대전,2023-09,,,6,panel_up_B,6,1
부산,2025-10,,,6,panel_up_B,6,1
서울,2021-06,2021-02,4.0,6,panel_up_B,6,1
서울,2024-03,,,6,panel_up_B,6,1
서울,2025-04,,,6,panel_up_B,6,1
세종,2023-06,,,6,panel_up_B,6,1
세종,2025-05,,,6,panel_up_B,6,1
울산,2025-01,,,6,panel_up_B,6,1
인천,2023-12,,,6,panel_up_B,6,1
인천,2025-09,,,6,panel_up_B,6,1
전남,2025-12,,,6,panel_up_B,6,1
전북,2021-06,,,6,panel_up_B,6,1
전북,2025-10,,,6,panel_up_B,6,1
제주,2021-01,,,1,panel_up_B,6,1
충북,2021-03,2021-02,1.0,3,panel_up_B,6,1
강원,2021-08,2021-08,0.0,6,panel_up_B,6,2
경기,2023-07,,,6,panel_up_B,6,2
경기,2025-08,2025-04,4.0,6,panel_up_B,6,2
경남,2021-06,2021-01,5.0,6,panel_up_B,6,2
경남,2025-09,2025-09,0.0,6,panel_up_B,6,2
경북,2021-05,2021-02,3.0,5,panel_up_B,6,2
대전,2023-09,,,6,panel_up_B,6,2
부산,2025-10,2025-10,0.0,6,panel_up_B,6,2
서울,2021-06,2021-01,5.0,6,panel_up_B,6,2
서울,2024-03,,,6,panel_up_B,6,2
서울,2025-04,2025-02,2.0,6,panel_up_B,6,2
세종,2023-06,,,6,panel_up_B,6,2
세종,2025-05,2025-05,0.0,6,panel_up_B,6,2
울산,2025-01,2024-08,5.0,6,panel_up_B,6,2
인천,2023-12,,,6,panel_up_B,6,2
인천,2025-09,,,6,panel_up_B,6,2
전남,2025-12,,,6,panel_up_B,6,2
전북,2021-06,2021-02,4.0,6,panel_up_B,6,2
전북,2025-10,2025-10,0.0,6,panel_up_B,6,2
제주,2021-01,,,1,panel_up_B,6,2
충북,2021-03,2021-01,2.0,3,panel_up_B,6,2
강원,2021-08,,,6,panel_up_B+RT,6,1
경기,2023-07,,,6,panel_up_B+RT,6,1
경기,2025-08,,,6,panel_up_B+RT,6,1
경남,2021-06,2021-02,4.0,6,panel_up_B+RT,6,1
경남,2025-09,,,6,panel_up_B+RT,6,1
경북,2021-05,2021-02,3.0,5,panel_up_B+RT,6,1
대전,2023-09,,,6,panel_up_B+RT,6,1
부산,2025-10,,,6,panel_up_B+RT,6,1
서울,2021-06,2021-02,4.0,6,panel_up_B+RT,6,1
서울,2024-03,,,6,panel_up_B+RT,6,1
서울,2025-04,,,6,panel_up_B+RT,6,1
세종,2023-06,,,6,panel_up_B+RT,6,1
세종,2025-05,,,6,panel_up_B+RT,6,1
울산,2025-01,,,6,panel_up_B+RT,6,1
인천,2023-12,,,6,panel_up_B+RT,6,1
인천,2025-09,,,6,panel_up_B+RT,6,1
전남,2025-12,,,6,panel_up_B+RT,6,1
전북,2021-06,,,6,panel_up_B+RT,6,1
전북,2025-10,,,6,panel_up_B+RT,6,1
제주,2021-01,,,1,panel_up_B+RT,6,1
충북,2021-03,2021-02,1.0,3,panel_up_B+RT,6,1
강원,2021-08,2021-08,0.0,6,panel_up_B+RT,6,2
경기,2023-07,,,6,panel_up_B+RT,6,2
경기,2025-08,2025-04,4.0,6,panel_up_B+RT,6,2
경남,2021-06,2021-01,5.0,6,panel_up_B+RT,6,2
경남,2025-09,2025-09,0.0,6,panel_up_B+RT,6,2
경북,2021-05,2021-02,3.0,5,panel_up_B+RT,6,2
대전,2023-09,,,6,panel_up_B+RT,6,2
부산,2025-10,,,6,panel_up_B+RT,6,2
서울,2021-06,2021-01,5.0,6,panel_up_B+RT,6,2
서울,2024-03,,,6,panel_up_B+RT,6,2
서울,2025-04,2025-02,2.0,6,panel_up_B+RT,6,2
세종,2023-06,,,6,panel_up_B+RT,6,2
세종,2025-05,2025-05,0.0,6,panel_up_B+RT,6,2
울산,2025-01,2024-09,4.0,6,panel_up_B+RT,6,2
인천,2023-12,,,6,panel_up_B+RT,6,2
인천,2025-09,,,6,panel_up_B+RT,6,2
전남,2025-12,,,6,panel_up_B+RT,6,2
전북,2021-06,2021-02,4.0,6,panel_up_B+RT,6,2
전북,2025-10,,,6,panel_up_B+RT,6,2
제주,2021-01,,,1,panel_up_B+RT,6,2
충북,2021-03,2021-01,2.0,3,panel_up_B+RT,6,2
