모형,h,P,region,y,yhat,컷오프_1x,결과
panel_down_A,6,2018-01,세종,1.0,0.0478717505582047,0.0695606834911319,놓침
panel_down_A,6,2018-01,울산,1.0,0.0664078651146539,0.0695606834911319,놓침
panel_down_A,6,2018-01,충남,1.0,0.067058361514712,0.0695606834911319,놓침
panel_down_A,6,2018-02,세종,1.0,0.0414347974283639,0.0733425695034097,놓침
panel_down_A,6,2018-02,울산,1.0,0.0760449832413123,0.0733425695034097,적중
panel_down_A,6,2018-02,제주,1.0,0.0617134210074663,0.0733425695034097,놓침
panel_down_A,6,2018-02,충남,1.0,0.0700234538765031,0.0733425695034097,놓침
panel_down_A,6,2018-03,강원,1.0,0.0635509899669918,0.0814155076310258,놓침
panel_down_A,6,2018-03,세종,1.0,0.067442502998565,0.0814155076310258,놓침
panel_down_A,6,2018-03,제주,1.0,0.0635539910052981,0.0814155076310258,놓침
panel_down_A,6,2018-03,충남,1.0,0.0798254289071327,0.0814155076310258,놓침
panel_down_A,6,2018-04,강원,1.0,0.0683326652058424,0.0855895649702222,놓침
panel_down_A,6,2018-04,경북,1.0,0.087842599390123,0.0855895649702222,적중
panel_down_A,6,2018-04,세종,1.0,0.0654224901106851,0.0855895649702222,놓침
panel_down_A,6,2018-04,제주,1.0,0.070559157542204,0.0855895649702222,놓침
panel_down_A,6,2018-04,충남,1.0,0.0898091721950574,0.0855895649702222,적중
panel_down_A,6,2018-05,강원,1.0,0.0779110697365828,0.093617694433672,놓침
panel_down_A,6,2018-05,경북,1.0,0.1000759880723693,0.093617694433672,적중
panel_down_A,6,2018-05,세종,1.0,0.0740181084594942,0.093617694433672,놓침
panel_down_A,6,2018-05,제주,1.0,0.0870865027694949,0.093617694433672,놓침
panel_down_A,6,2018-05,충북,1.0,0.0863609668532909,0.093617694433672,놓침
panel_down_A,6,2018-06,강원,1.0,0.094671587842664,0.1014265839530344,놓침
panel_down_A,6,2018-06,경북,1.0,0.1168656850616247,0.1014265839530344,적중
panel_down_A,6,2018-06,제주,1.0,0.0985575356182469,0.1014265839530344,놓침
panel_down_A,6,2018-06,충북,1.0,0.1036034364227965,0.1014265839530344,적중
panel_down_A,6,2018-07,강원,1.0,0.118444026413233,0.1154550327285759,적중
panel_down_A,6,2018-07,제주,1.0,0.1296346788567554,0.1154550327285759,적중
panel_down_A,6,2018-07,충북,1.0,0.1240873083901727,0.1154550327285759,적중
panel_down_A,6,2018-08,강원,1.0,0.1443615322277073,0.1309540987793488,적중
panel_down_A,6,2018-08,충북,1.0,0.1440814313533023,0.1309540987793488,적중
panel_down_A,6,2018-09,부산,0.0,0.1519352320380622,0.1489799055705319,오경보
panel_down_A,6,2018-09,충북,1.0,0.1797087879892529,0.1489799055705319,적중
panel_down_A,6,2018-10,부산,0.0,0.17337083594667,0.1651101694222099,오경보
panel_down_A,6,2018-10,충북,1.0,0.2191699095458927,0.1651101694222099,적중
panel_down_A,6,2018-11,부산,0.0,0.1851491908979598,0.1757217907199361,오경보
panel_down_A,6,2018-11,충남,0.0,0.2128933853014565,0.1757217907199361,오경보
panel_down_A,6,2018-12,부산,0.0,0.1963307346535945,0.1872185551072164,오경보
panel_down_A,6,2018-12,충남,0.0,0.2090423523359528,0.1872185551072164,오경보
panel_down_A,6,2019-01,부산,0.0,0.2094901002851478,0.1988577167632371,오경보
panel_down_A,6,2019-01,충남,0.0,0.2449459275376326,0.1988577167632371,오경보
panel_down_A,6,2019-02,경기,1.0,0.1433814934826442,0.2118897574392424,놓침
panel_down_A,6,2019-02,부산,0.0,0.213391484710557,0.2118897574392424,오경보
panel_down_A,6,2019-02,세종,1.0,0.0235846359678783,0.2118897574392424,놓침
panel_down_A,6,2019-02,충남,0.0,0.2395927282308295,0.2118897574392424,오경보
panel_down_A,6,2019-03,경기,1.0,0.1466330370972238,0.2176764201445616,놓침
panel_down_A,6,2019-03,세종,1.0,0.033068988972571,0.2176764201445616,놓침
panel_down_A,6,2019-03,제주,1.0,0.2118511172116105,0.2176764201445616,놓침
panel_down_A,6,2019-03,충남,0.0,0.2368406540158677,0.2176764201445616,오경보
panel_down_A,6,2019-04,세종,1.0,0.0474767070093966,0.2240431274983812,놓침
panel_down_A,6,2019-04,제주,1.0,0.2149222485253923,0.2240431274983812,놓침
panel_down_A,6,2019-04,충남,0.0,0.2468642278882883,0.2240431274983812,오경보
panel_down_A,6,2019-05,부산,0.0,0.2294710747123149,0.2290685643853611,오경보
panel_down_A,6,2019-05,서울,0.0,0.2318038445197928,0.2290685643853611,오경보
panel_down_A,6,2019-05,제주,1.0,0.2192536768093043,0.2290685643853611,놓침
panel_down_A,6,2019-05,충남,0.0,0.2595449759753043,0.2290685643853611,오경보
panel_down_A,6,2019-06,경기,0.0,0.2600498447483149,0.2349775205945696,오경보
panel_down_A,6,2019-06,부산,0.0,0.2384614929467782,0.2349775205945696,오경보
panel_down_A,6,2019-06,서울,0.0,0.2366422351299986,0.2349775205945696,오경보
panel_down_A,6,2019-06,제주,1.0,0.2259692712738405,0.2349775205945696,놓침
panel_down_A,6,2019-06,충남,0.0,0.2544320176495662,0.2349775205945696,오경보
panel_down_A,6,2019-07,경기,0.0,0.278227213384352,0.2388700011312713,오경보
panel_down_A,6,2019-07,부산,0.0,0.2421974414554124,0.2388700011312713,오경보
panel_down_A,6,2019-07,세종,0.0,0.3465063711585223,0.2388700011312713,오경보
panel_down_A,6,2019-07,제주,1.0,0.2313031792654133,0.2388700011312713,놓침
panel_down_A,6,2019-07,충남,0.0,0.2604202426015503,0.2388700011312713,오경보
panel_down_A,6,2019-08,부산,0.0,0.2700153191737882,0.2475492199585964,오경보
panel_down_A,6,2019-08,전북,0.0,0.2554186059546254,0.2475492199585964,오경보
panel_down_A,6,2019-09,부산,0.0,0.2751866761392874,0.2542386149163298,오경보
panel_down_A,6,2019-09,전북,0.0,0.2802919774666998,0.2542386149163298,오경보
panel_down_A,6,2019-09,충남,0.0,0.2576567448258745,0.2542386149163298,오경보
panel_down_A,6,2019-10,부산,0.0,0.2872573315472275,0.2601641375167123,오경보
panel_down_A,6,2019-10,전북,0.0,0.2903436067858777,0.2601641375167123,오경보
panel_down_A,6,2019-11,경북,0.0,0.3111648620970673,0.2631694842143231,오경보
panel_down_A,6,2019-11,전북,0.0,0.2744085417384992,0.2631694842143231,오경보
panel_down_A,6,2019-12,경북,0.0,0.2966028859270586,0.265604366605517,오경보
panel_down_A,6,2019-12,전북,0.0,0.2742123977098116,0.265604366605517,오경보
panel_down_A,6,2020-01,경북,0.0,0.271706525685227,0.2663322549071082,오경보
panel_down_A,6,2021-08,세종,1.0,0.0701519752353048,0.2053735702683083,놓침
panel_down_A,6,2021-09,세종,1.0,0.111214712247944,0.203515965053752,놓침
panel_down_A,6,2021-10,세종,1.0,0.1375250236318437,0.2022494616792867,놓침
panel_down_A,6,2021-11,세종,1.0,0.082974614023574,0.2008689068785619,놓침
panel_down_A,6,2021-12,세종,1.0,0.1320972482652081,0.1998489771582114,놓침
panel_down_A,6,2022-01,세종,1.0,0.3215768594899267,0.1989130835137786,적중
panel_down_A,6,2022-03,대구,1.0,0.1236154552715079,0.1984461959595805,놓침
panel_down_A,6,2022-04,대구,1.0,0.1555386976118718,0.1982313030138115,놓침
panel_down_A,6,2022-05,대구,1.0,0.1780400829805204,0.1979454693879903,놓침
panel_down_A,6,2022-06,대구,1.0,0.2098425067797223,0.1974475197937547,적중
panel_down_A,6,2022-07,대구,1.0,0.2382639010429163,0.1981208370953391,적중
panel_down_A,6,2022-08,경기,1.0,0.0647512856091068,0.1989429707339132,놓침
panel_down_A,6,2022-08,대구,1.0,0.2453204716745297,0.1989429707339132,적중
panel_down_A,6,2022-08,전남,1.0,0.1183419476762123,0.1989429707339132,놓침
panel_down_A,6,2022-09,경기,1.0,0.0764468788462552,0.2000604474570436,놓침
panel_down_A,6,2022-09,광주,1.0,0.0978965916630296,0.2000604474570436,놓침
panel_down_A,6,2022-09,서울,1.0,0.1030962998428917,0.2000604474570436,놓침
panel_down_A,6,2022-09,인천,1.0,0.0932723077145806,0.2000604474570436,놓침
panel_down_A,6,2022-09,전남,1.0,0.12703003769289,0.2000604474570436,놓침
panel_down_A,6,2022-10,경기,1.0,0.0992923587255867,0.2004180888649216,놓침
panel_down_A,6,2022-10,광주,1.0,0.1235901780200863,0.2004180888649216,놓침
panel_down_A,6,2022-10,부산,1.0,0.096749454236529,0.2004180888649216,놓침
panel_down_A,6,2022-10,서울,1.0,0.1091483864421581,0.2004180888649216,놓침
panel_down_A,6,2022-10,인천,1.0,0.1037873361903961,0.2004180888649216,놓침
panel_down_A,6,2022-10,전남,1.0,0.1473513433694225,0.2004180888649216,놓침
panel_down_A,6,2022-11,경기,1.0,0.1507907691948846,0.2009470160507099,놓침
panel_down_A,6,2022-11,광주,1.0,0.1457664136310164,0.2009470160507099,놓침
panel_down_A,6,2022-11,대전,1.0,0.1824586604646302,0.2009470160507099,놓침
panel_down_A,6,2022-11,부산,1.0,0.1191268108963177,0.2009470160507099,놓침
panel_down_A,6,2022-11,서울,1.0,0.1262203455784238,0.2009470160507099,놓침
panel_down_A,6,2022-11,인천,1.0,0.1693890941418462,0.2009470160507099,놓침
panel_down_A,6,2022-11,전남,1.0,0.1738568278972126,0.2009470160507099,놓침
panel_down_A,6,2022-12,경기,1.0,0.3367972204419675,0.2020281362392104,적중
panel_down_A,6,2022-12,광주,1.0,0.2183267672609076,0.2020281362392104,적중
panel_down_A,6,2022-12,대전,0.0,0.2611269998109354,0.2020281362392104,오경보
panel_down_A,6,2022-12,부산,1.0,0.1880717499048995,0.2020281362392104,놓침
panel_down_A,6,2022-12,서울,1.0,0.2036855969956305,0.2020281362392104,적중
panel_down_A,6,2022-12,울산,1.0,0.1538246610490308,0.2020281362392104,놓침
panel_down_A,6,2022-12,인천,1.0,0.3798169374283806,0.2020281362392104,적중
panel_down_A,6,2022-12,전남,1.0,0.2084628553927171,0.2020281362392104,적중
panel_down_A,6,2023-01,경기,1.0,0.63513298950761,0.2031585491915699,적중
panel_down_A,6,2023-01,광주,1.0,0.3239024998176132,0.2031585491915699,적중
panel_down_A,6,2023-01,대전,0.0,0.4209011126766076,0.2031585491915699,오경보
panel_down_A,6,2023-01,부산,1.0,0.3067734228338921,0.2031585491915699,적중
panel_down_A,6,2023-01,서울,1.0,0.4225361255208341,0.2031585491915699,적중
panel_down_A,6,2023-01,울산,1.0,0.2710482819673968,0.2031585491915699,적중
panel_down_A,6,2023-01,인천,1.0,0.6551391495340053,0.2031585491915699,적중
panel_down_A,6,2023-01,전남,1.0,0.2740335997905804,0.2031585491915699,적중
panel_down_A,6,2023-02,경남,0.0,0.308435033377521,0.2048941741341399,오경보
panel_down_A,6,2023-02,광주,0.0,0.4162446498539117,0.2048941741341399,오경보
panel_down_A,6,2023-02,대전,0.0,0.4914623500251712,0.2048941741341399,오경보
panel_down_A,6,2023-02,부산,1.0,0.4241061940110855,0.2048941741341399,적중
panel_down_A,6,2023-02,서울,1.0,0.591860896665277,0.2048941741341399,적중
panel_down_A,6,2023-02,울산,1.0,0.3748593365017232,0.2048941741341399,적중
panel_down_A,6,2023-02,인천,1.0,0.7533494340587436,0.2048941741341399,적중
panel_down_A,6,2023-02,전북,0.0,0.2073036453175687,0.2048941741341399,오경보
panel_down_A,6,2023-02,충남,0.0,0.2281429635316925,0.2048941741341399,오경보
panel_down_A,6,2023-03,경남,0.0,0.3856499877064588,0.2105991841973616,오경보
panel_down_A,6,2023-03,대전,0.0,0.559332252017627,0.2105991841973616,오경보
panel_down_A,6,2023-03,부산,1.0,0.5852258228606265,0.2105991841973616,적중
panel_down_A,6,2023-03,울산,1.0,0.4766634117525107,0.2105991841973616,적중
panel_down_A,6,2023-03,전북,0.0,0.2496766859462206,0.2105991841973616,오경보
panel_down_A,6,2023-03,충남,0.0,0.268457981272871,0.2105991841973616,오경보
panel_down_A,6,2023-03,충북,0.0,0.244584242169128,0.2105991841973616,오경보
panel_down_A,6,2023-04,경남,0.0,0.4466442420600147,0.2169730096437168,오경보
panel_down_A,6,2023-04,경북,0.0,0.2209798577303752,0.2169730096437168,오경보
panel_down_A,6,2023-04,대전,0.0,0.5982796064688773,0.2169730096437168,오경보
panel_down_A,6,2023-04,울산,0.0,0.5489846333484867,0.2169730096437168,오경보
panel_down_A,6,2023-04,전북,0.0,0.303300635011031,0.2169730096437168,오경보
panel_down_A,6,2023-04,충남,0.0,0.3425302109962082,0.2169730096437168,오경보
panel_down_A,6,2023-04,충북,0.0,0.2798118828929589,0.2169730096437168,오경보
panel_down_A,6,2023-05,강원,0.0,0.2310348392613962,0.2223793175664313,오경보
panel_down_A,6,2023-05,경남,0.0,0.4682302002207438,0.2223793175664313,오경보
panel_down_A,6,2023-05,경북,0.0,0.239847995397312,0.2223793175664313,오경보
panel_down_A,6,2023-05,울산,0.0,0.6130659191362101,0.2223793175664313,오경보
panel_down_A,6,2023-05,전북,0.0,0.3525202773990053,0.2223793175664313,오경보
panel_down_A,6,2023-05,제주,0.0,0.2718258349692653,0.2223793175664313,오경보
panel_down_A,6,2023-05,충남,0.0,0.3716697001141693,0.2223793175664313,오경보
panel_down_A,6,2023-05,충북,0.0,0.2881172022878754,0.2223793175664313,오경보
panel_down_A,6,2023-06,강원,0.0,0.2620411938612026,0.2293899569336407,오경보
panel_down_A,6,2023-06,경남,0.0,0.4340204568386168,0.2293899569336407,오경보
panel_down_A,6,2023-06,경북,0.0,0.2488163596513071,0.2293899569336407,오경보
panel_down_A,6,2023-06,대전,0.0,0.5057836210330325,0.2293899569336407,오경보
panel_down_A,6,2023-06,전북,0.0,0.3561257705253438,0.2293899569336407,오경보
panel_down_A,6,2023-06,제주,0.0,0.3219907436692769,0.2293899569336407,오경보
panel_down_A,6,2023-06,충남,0.0,0.3615321039371855,0.2293899569336407,오경보
panel_down_A,6,2023-06,충북,0.0,0.3236552349425756,0.2293899569336407,오경보
panel_down_A,6,2023-07,경남,0.0,0.3343164186592456,0.2307547653337568,오경보
panel_down_A,6,2023-07,대전,0.0,0.3396752439456792,0.2307547653337568,오경보
panel_down_A,6,2023-07,세종,0.0,0.2838121750374262,0.2307547653337568,오경보
panel_down_A,6,2023-07,전북,0.0,0.2856686085946827,0.2307547653337568,오경보
panel_down_A,6,2023-07,제주,0.0,0.2990125856332116,0.2307547653337568,오경보
panel_down_A,6,2023-07,충남,0.0,0.2784585716457166,0.2307547653337568,오경보
panel_down_A,6,2023-07,충북,0.0,0.2395517716388266,0.2307547653337568,오경보
panel_down_A,6,2023-08,경남,0.0,0.2303139702919839,0.2292674759198122,오경보
panel_down_A,6,2023-08,광주,0.0,0.2687938284892063,0.2292674759198122,오경보
panel_down_A,6,2023-08,대전,0.0,0.2412206367860358,0.2292674759198122,오경보
panel_down_A,6,2023-08,전남,0.0,0.2608172391487634,0.2292674759198122,오경보
panel_down_A,6,2023-08,전북,0.0,0.2361403620843635,0.2292674759198122,오경보
panel_down_A,6,2023-08,제주,0.0,0.2730685412695005,0.2292674759198122,오경보
panel_down_A,6,2023-09,제주,0.0,0.2285162282900613,0.2264125108645719,오경보
panel_down_A,6,2023-12,세종,1.0,0.0377592451373336,0.2217085320306639,놓침
panel_down_A,6,2024-01,세종,1.0,0.0512587034416972,0.2236929490554522,놓침
panel_down_A,6,2024-02,세종,1.0,0.1075982846250162,0.2238702538325752,놓침
panel_down_A,6,2024-03,세종,1.0,0.1395552947346516,0.2224417722239862,놓침
panel_down_A,6,2024-04,세종,1.0,0.1961560105138482,0.2216889912488973,놓침
panel_down_A,6,2024-05,세종,1.0,0.3562540022677317,0.2209916215659736,적중
panel_down_B,6,2018-01,세종,1.0,0.0459183257183968,0.0934672157555606,놓침
panel_down_B,6,2018-01,울산,1.0,0.0976037453949009,0.0934672157555606,적중
panel_down_B,6,2018-01,제주,0.0,0.1053833380227144,0.0934672157555606,오경보
panel_down_B,6,2018-01,충남,1.0,0.093163301868684,0.0934672157555606,놓침
panel_down_B,6,2018-02,세종,1.0,0.0336703473206351,0.0967260395037227,놓침
panel_down_B,6,2018-02,울산,1.0,0.111100360140557,0.0967260395037227,적중
panel_down_B,6,2018-02,제주,1.0,0.1037253551705937,0.0967260395037227,적중
panel_down_B,6,2018-02,충남,1.0,0.0952460317590586,0.0967260395037227,놓침
panel_down_B,6,2018-03,강원,1.0,0.0978703552168198,0.1155708361363951,놓침
panel_down_B,6,2018-03,세종,1.0,0.0533399046918691,0.1155708361363951,놓침
panel_down_B,6,2018-03,제주,1.0,0.1107179709218827,0.1155708361363951,놓침
panel_down_B,6,2018-03,충남,1.0,0.1111714612105641,0.1155708361363951,놓침
panel_down_B,6,2018-04,강원,1.0,0.1095322294865923,0.1208439687245718,놓침
panel_down_B,6,2018-04,경북,1.0,0.1350337007923703,0.1208439687245718,적중
panel_down_B,6,2018-04,세종,1.0,0.0497238081146781,0.1208439687245718,놓침
panel_down_B,6,2018-04,제주,1.0,0.1241275257020985,0.1208439687245718,적중
panel_down_B,6,2018-04,충남,1.0,0.1201285961922931,0.1208439687245718,놓침
panel_down_B,6,2018-05,강원,1.0,0.1486431291842659,0.1270518092300109,적중
panel_down_B,6,2018-05,경북,1.0,0.1802138433906775,0.1270518092300109,적중
panel_down_B,6,2018-05,부산,0.0,0.129465130006238,0.1270518092300109,오경보
panel_down_B,6,2018-05,세종,1.0,0.0638670348929344,0.1270518092300109,놓침
panel_down_B,6,2018-05,제주,1.0,0.1904440954329747,0.1270518092300109,적중
panel_down_B,6,2018-05,충북,1.0,0.152661989352518,0.1270518092300109,적중
panel_down_B,6,2018-06,강원,1.0,0.1785608549879254,0.1428694698869002,적중
panel_down_B,6,2018-06,경북,1.0,0.2077405823022817,0.1428694698869002,적중
panel_down_B,6,2018-06,부산,0.0,0.14996056918316,0.1428694698869002,오경보
panel_down_B,6,2018-06,제주,1.0,0.2064843345487955,0.1428694698869002,적중
panel_down_B,6,2018-06,충북,1.0,0.175255898132652,0.1428694698869002,적중
panel_down_B,6,2018-07,강원,1.0,0.241888940045487,0.1547187812576957,적중
panel_down_B,6,2018-07,부산,0.0,0.2071199547493539,0.1547187812576957,오경보
panel_down_B,6,2018-07,제주,1.0,0.2618569694509078,0.1547187812576957,적중
panel_down_B,6,2018-07,충북,1.0,0.2178767615391753,0.1547187812576957,적중
panel_down_B,6,2018-08,강원,1.0,0.2691606189520888,0.1746522986105338,적중
panel_down_B,6,2018-08,부산,0.0,0.2592312197331974,0.1746522986105338,오경보
panel_down_B,6,2018-08,충북,1.0,0.2437325048418209,0.1746522986105338,적중
panel_down_B,6,2018-09,부산,0.0,0.2860308628227943,0.1950961889827932,오경보
panel_down_B,6,2018-09,충북,1.0,0.2960360798106384,0.1950961889827932,적중
panel_down_B,6,2018-10,부산,0.0,0.2831439867500908,0.2142189214419413,오경보
panel_down_B,6,2018-10,충북,1.0,0.3436180214698888,0.2142189214419413,적중
panel_down_B,6,2018-11,부산,0.0,0.3293611076387823,0.2317680027862766,오경보
panel_down_B,6,2018-11,전북,0.0,0.2669301884930989,0.2317680027862766,오경보
panel_down_B,6,2018-11,충남,0.0,0.3533271742942506,0.2317680027862766,오경보
panel_down_B,6,2018-12,부산,0.0,0.3786393625859394,0.2429337875792952,오경보
panel_down_B,6,2018-12,전북,0.0,0.2544627050780321,0.2429337875792952,오경보
panel_down_B,6,2018-12,충남,0.0,0.3553263423412595,0.2429337875792952,오경보
panel_down_B,6,2019-01,부산,0.0,0.3361744404699387,0.2500713791636088,오경보
panel_down_B,6,2019-01,충남,0.0,0.3212462112244972,0.2500713791636088,오경보
panel_down_B,6,2019-02,경기,1.0,0.1760262193793743,0.2687947488470069,놓침
panel_down_B,6,2019-02,부산,0.0,0.3807480288209926,0.2687947488470069,오경보
panel_down_B,6,2019-02,세종,1.0,0.0511074165034523,0.2687947488470069,놓침
panel_down_B,6,2019-02,충남,0.0,0.3103229671988887,0.2687947488470069,오경보
panel_down_B,6,2019-03,경기,1.0,0.1702769483226639,0.2733530991900988,놓침
panel_down_B,6,2019-03,부산,0.0,0.3498342109987973,0.2733530991900988,오경보
panel_down_B,6,2019-03,세종,1.0,0.0770553630343097,0.2733530991900988,놓침
panel_down_B,6,2019-03,제주,1.0,0.3875187344959341,0.2733530991900988,적중
panel_down_B,6,2019-03,충남,0.0,0.2759746231618979,0.2733530991900988,오경보
panel_down_B,6,2019-04,부산,0.0,0.3241918220624044,0.2786641580894139,오경보
panel_down_B,6,2019-04,세종,1.0,0.0921445273139439,0.2786641580894139,놓침
panel_down_B,6,2019-04,제주,1.0,0.3334827600138488,0.2786641580894139,적중
panel_down_B,6,2019-05,제주,1.0,0.2440773430208573,0.2805495866715485,놓침
panel_down_B,6,2019-06,제주,1.0,0.2709948308466058,0.2794505563774844,놓침
panel_down_B,6,2019-07,세종,0.0,0.3825908710246782,0.2840642721060253,오경보
panel_down_B,6,2019-07,제주,1.0,0.2884648646347841,0.2840642721060253,적중
panel_down_B,6,2019-08,부산,0.0,0.3407316574695797,0.2841127666688479,오경보
panel_down_B,6,2019-08,충남,0.0,0.2962675570396308,0.2841127666688479,오경보
panel_down_B,6,2019-09,부산,0.0,0.2971147444554566,0.2899093358962782,오경보
panel_down_B,6,2019-09,전북,0.0,0.2990964933892747,0.2899093358962782,오경보
panel_down_B,6,2019-09,충남,0.0,0.3549191276362394,0.2899093358962782,오경보
panel_down_B,6,2019-11,경북,0.0,0.3714925869342593,0.304979114155598,오경보
panel_down_B,6,2019-12,경북,0.0,0.3575861688242329,0.3146933286166649,오경보
panel_down_B,6,2020-01,경북,0.0,0.3447662653302699,0.3163421807379634,오경보
panel_down_B,6,2021-08,세종,1.0,0.0552709041993341,0.2735146010371692,놓침
panel_down_B,6,2021-09,세종,1.0,0.0886553533055476,0.2728024071071271,놓침
panel_down_B,6,2021-10,세종,1.0,0.1029534868305623,0.2734375358284259,놓침
panel_down_B,6,2021-11,세종,1.0,0.1192043465903422,0.2737456496156868,놓침
panel_down_B,6,2021-12,세종,1.0,0.2166123591025817,0.272662905115238,놓침
panel_down_B,6,2022-01,대구,0.0,0.314958219698932,0.2720821233607391,오경보
panel_down_B,6,2022-01,세종,1.0,0.4897881934911119,0.2720821233607391,적중
panel_down_B,6,2022-02,대구,0.0,0.361050386213788,0.2731770138497573,오경보
panel_down_B,6,2022-03,대구,1.0,0.3968027556637918,0.2722504337489983,적중
panel_down_B,6,2022-03,서울,0.0,0.3219989503391993,0.2722504337489983,오경보
panel_down_B,6,2022-04,대구,1.0,0.4072049886267155,0.2728544028547746,적중
panel_down_B,6,2022-05,대구,1.0,0.5436088587736528,0.2743259833946416,적중
panel_down_B,6,2022-06,대구,1.0,0.5824685014932425,0.2751119952702937,적중
panel_down_B,6,2022-06,대전,0.0,0.3019349008881686,0.2751119952702937,오경보
panel_down_B,6,2022-06,서울,0.0,0.3036259790702434,0.2751119952702937,오경보
panel_down_B,6,2022-06,전남,0.0,0.3082980657625802,0.2751119952702937,오경보
panel_down_B,6,2022-07,대구,1.0,0.4959826783878184,0.2734961174672945,적중
panel_down_B,6,2022-07,전남,0.0,0.3267537571386407,0.2734961174672945,오경보
panel_down_B,6,2022-08,경기,1.0,0.1643414115718101,0.2735838414542292,놓침
panel_down_B,6,2022-08,대구,1.0,0.58927865427316,0.2735838414542292,적중
panel_down_B,6,2022-08,대전,0.0,0.2850708524832939,0.2735838414542292,오경보
panel_down_B,6,2022-08,전남,1.0,0.2624989371634036,0.2735838414542292,놓침
panel_down_B,6,2022-09,경기,1.0,0.1686604815937248,0.2707034525296271,놓침
panel_down_B,6,2022-09,광주,1.0,0.1359213056474476,0.2707034525296271,놓침
panel_down_B,6,2022-09,서울,1.0,0.2214202380605334,0.2707034525296271,놓침
panel_down_B,6,2022-09,인천,1.0,0.1787805837313483,0.2707034525296271,놓침
panel_down_B,6,2022-09,전남,1.0,0.2598520520113661,0.2707034525296271,놓침
panel_down_B,6,2022-10,경기,1.0,0.2738389731153276,0.2757647393574722,놓침
panel_down_B,6,2022-10,광주,1.0,0.2663672520014826,0.2757647393574722,놓침
panel_down_B,6,2022-10,대전,0.0,0.3108870370685915,0.2757647393574722,오경보
panel_down_B,6,2022-10,부산,1.0,0.2680394622785332,0.2757647393574722,놓침
panel_down_B,6,2022-10,서울,1.0,0.2865867770151826,0.2757647393574722,적중
panel_down_B,6,2022-10,인천,1.0,0.2967379178601812,0.2757647393574722,적중
panel_down_B,6,2022-10,전남,1.0,0.3376642187377728,0.2757647393574722,적중
panel_down_B,6,2022-11,경기,1.0,0.3439981506530744,0.2772094497997647,적중
panel_down_B,6,2022-11,광주,1.0,0.2377620783061998,0.2772094497997647,놓침
panel_down_B,6,2022-11,대전,1.0,0.2973368403712227,0.2772094497997647,적중
panel_down_B,6,2022-11,부산,1.0,0.2780845352876742,0.2772094497997647,적중
panel_down_B,6,2022-11,서울,1.0,0.2559093964790524,0.2772094497997647,놓침
panel_down_B,6,2022-11,인천,1.0,0.3215423404280653,0.2772094497997647,적중
panel_down_B,6,2022-11,전남,1.0,0.3429694959450328,0.2772094497997647,적중
panel_down_B,6,2022-11,충남,0.0,0.2814666324394516,0.2772094497997647,오경보
panel_down_B,6,2022-12,경기,1.0,0.4876710845310168,0.2733736997007622,적중
panel_down_B,6,2022-12,광주,1.0,0.3467083389102849,0.2733736997007622,적중
panel_down_B,6,2022-12,대전,0.0,0.389771989767788,0.2733736997007622,오경보
panel_down_B,6,2022-12,부산,1.0,0.3774644250207236,0.2733736997007622,적중
panel_down_B,6,2022-12,서울,1.0,0.3326344758582156,0.2733736997007622,적중
panel_down_B,6,2022-12,울산,1.0,0.3675118783689581,0.2733736997007622,적중
panel_down_B,6,2022-12,인천,1.0,0.5532203635332258,0.2733736997007622,적중
panel_down_B,6,2022-12,전남,1.0,0.3672443638648878,0.2733736997007622,적중
panel_down_B,6,2022-12,충남,0.0,0.2997860380788033,0.2733736997007622,오경보
panel_down_B,6,2023-01,경기,1.0,0.6523328912554651,0.278364447483751,적중
panel_down_B,6,2023-01,광주,1.0,0.4323284302858126,0.278364447483751,적중
panel_down_B,6,2023-01,대전,0.0,0.5832381084023155,0.278364447483751,오경보
panel_down_B,6,2023-01,부산,1.0,0.4832556491655251,0.278364447483751,적중
panel_down_B,6,2023-01,서울,1.0,0.4177832418155772,0.278364447483751,적중
panel_down_B,6,2023-01,울산,1.0,0.5094239588149753,0.278364447483751,적중
panel_down_B,6,2023-01,인천,1.0,0.7269483460320154,0.278364447483751,적중
panel_down_B,6,2023-01,전남,1.0,0.3769438530283401,0.278364447483751,적중
panel_down_B,6,2023-01,충남,0.0,0.3479570874904682,0.278364447483751,오경보
panel_down_B,6,2023-02,경남,0.0,0.3832899703666011,0.2776326069023801,오경보
panel_down_B,6,2023-02,경북,0.0,0.3172842949927845,0.2776326069023801,오경보
panel_down_B,6,2023-02,광주,0.0,0.5041132620227011,0.2776326069023801,오경보
panel_down_B,6,2023-02,대전,0.0,0.6465106439385407,0.2776326069023801,오경보
panel_down_B,6,2023-02,부산,1.0,0.6079017726880777,0.2776326069023801,적중
panel_down_B,6,2023-02,서울,1.0,0.6056311143352883,0.2776326069023801,적중
panel_down_B,6,2023-02,울산,1.0,0.6231237461948662,0.2776326069023801,적중
panel_down_B,6,2023-02,인천,1.0,0.8008198476954974,0.2776326069023801,적중
panel_down_B,6,2023-02,전북,0.0,0.3644310403665819,0.2776326069023801,오경보
panel_down_B,6,2023-02,충남,0.0,0.4250064804396252,0.2776326069023801,오경보
panel_down_B,6,2023-02,충북,0.0,0.3353293674727664,0.2776326069023801,오경보
panel_down_B,6,2023-03,강원,0.0,0.3300536640752103,0.2769876743985958,오경보
panel_down_B,6,2023-03,경남,0.0,0.4232170559583745,0.2769876743985958,오경보
panel_down_B,6,2023-03,경북,0.0,0.3631495623780719,0.2769876743985958,오경보
panel_down_B,6,2023-03,대전,0.0,0.6451760690105306,0.2769876743985958,오경보
panel_down_B,6,2023-03,부산,1.0,0.6672537565149337,0.2769876743985958,적중
panel_down_B,6,2023-03,울산,1.0,0.6271009719688428,0.2769876743985958,적중
panel_down_B,6,2023-03,전북,0.0,0.4180007216558562,0.2769876743985958,오경보
panel_down_B,6,2023-03,충남,0.0,0.4763028409051615,0.2769876743985958,오경보
panel_down_B,6,2023-03,충북,0.0,0.3831544174383307,0.2769876743985958,오경보
panel_down_B,6,2023-04,강원,0.0,0.3707832683514722,0.2892456026306272,오경보
panel_down_B,6,2023-04,경남,0.0,0.502482471333598,0.2892456026306272,오경보
panel_down_B,6,2023-04,경북,0.0,0.4145531129219907,0.2892456026306272,오경보
panel_down_B,6,2023-04,대전,0.0,0.6576200081416027,0.2892456026306272,오경보
panel_down_B,6,2023-04,울산,0.0,0.6693883748143107,0.2892456026306272,오경보
panel_down_B,6,2023-04,전북,0.0,0.4898940278227534,0.2892456026306272,오경보
panel_down_B,6,2023-04,제주,0.0,0.3909288489509587,0.2892456026306272,오경보
panel_down_B,6,2023-04,충남,0.0,0.5865070604534097,0.2892456026306272,오경보
panel_down_B,6,2023-04,충북,0.0,0.4728200653789997,0.2892456026306272,오경보
panel_down_B,6,2023-05,강원,0.0,0.3540535789476421,0.3000726940117776,오경보
panel_down_B,6,2023-05,경남,0.0,0.4927355150124637,0.3000726940117776,오경보
panel_down_B,6,2023-05,경북,0.0,0.362211492400917,0.3000726940117776,오경보
panel_down_B,6,2023-05,울산,0.0,0.7094072775645919,0.3000726940117776,오경보
panel_down_B,6,2023-05,전북,0.0,0.4587852774384416,0.3000726940117776,오경보
panel_down_B,6,2023-05,제주,0.0,0.4097273940703603,0.3000726940117776,오경보
panel_down_B,6,2023-05,충남,0.0,0.5446939968720581,0.3000726940117776,오경보
panel_down_B,6,2023-05,충북,0.0,0.3761633662912471,0.3000726940117776,오경보
panel_down_B,6,2023-06,강원,0.0,0.3309398777139,0.3166770604011049,오경보
panel_down_B,6,2023-06,경남,0.0,0.3856720287552128,0.3166770604011049,오경보
panel_down_B,6,2023-06,대전,0.0,0.5582558643608783,0.3166770604011049,오경보
panel_down_B,6,2023-06,전북,0.0,0.4128945660754742,0.3166770604011049,오경보
panel_down_B,6,2023-06,제주,0.0,0.448564003681816,0.3166770604011049,오경보
panel_down_B,6,2023-06,충남,0.0,0.4396642821493708,0.3166770604011049,오경보
panel_down_B,6,2023-06,충북,0.0,0.3258528275277633,0.3166770604011049,오경보
panel_down_B,6,2023-07,대전,0.0,0.3539877434448736,0.3169124397246383,오경보
panel_down_B,6,2023-07,제주,0.0,0.3982117485913778,0.3169124397246383,오경보
panel_down_B,6,2023-07,충남,0.0,0.3215988764125699,0.3169124397246383,오경보
panel_down_B,6,2023-08,제주,0.0,0.3538404683452756,0.3115391269310095,오경보
panel_down_B,6,2023-12,세종,1.0,0.0386340931988798,0.2989469953556093,놓침
panel_down_B,6,2024-01,세종,1.0,0.058290071343217,0.2967443012156721,놓침
panel_down_B,6,2024-02,세종,1.0,0.1090617400594898,0.2954968054531131,놓침
panel_down_B,6,2024-03,세종,1.0,0.1119966219124807,0.2941333226289324,놓침
panel_down_B,6,2024-04,세종,1.0,0.14116727555269,0.2939422173528073,놓침
panel_down_B,6,2024-05,세종,1.0,0.2202089700428497,0.2929698562879605,놓침
panel_down_B+RT,6,2018-01,세종,1.0,0.0504973552694035,0.0893354949222888,놓침
panel_down_B+RT,6,2018-01,울산,1.0,0.0956586951078215,0.0893354949222888,적중
panel_down_B+RT,6,2018-01,제주,0.0,0.1121400650936609,0.0893354949222888,오경보
panel_down_B+RT,6,2018-01,충남,1.0,0.0874982212413634,0.0893354949222888,놓침
panel_down_B+RT,6,2018-02,세종,1.0,0.0312196950413216,0.0949829756702964,놓침
panel_down_B+RT,6,2018-02,울산,1.0,0.1090521079880722,0.0949829756702964,적중
panel_down_B+RT,6,2018-02,제주,1.0,0.1224928499127321,0.0949829756702964,적중
panel_down_B+RT,6,2018-02,충남,1.0,0.0924290138312841,0.0949829756702964,놓침
panel_down_B+RT,6,2018-03,강원,1.0,0.1061538089239339,0.1117170990909396,놓침
panel_down_B+RT,6,2018-03,세종,1.0,0.0369537713721874,0.1117170990909396,놓침
panel_down_B+RT,6,2018-03,제주,1.0,0.1339335203795095,0.1117170990909396,적중
panel_down_B+RT,6,2018-03,충남,1.0,0.106539221109346,0.1117170990909396,놓침
panel_down_B+RT,6,2018-04,강원,1.0,0.1093862508513356,0.1197838600435569,놓침
panel_down_B+RT,6,2018-04,경북,1.0,0.1458400536209777,0.1197838600435569,적중
panel_down_B+RT,6,2018-04,세종,1.0,0.035848536704103,0.1197838600435569,놓침
panel_down_B+RT,6,2018-04,제주,1.0,0.1540986115949272,0.1197838600435569,적중
panel_down_B+RT,6,2018-04,충남,1.0,0.1144698513655772,0.1197838600435569,놓침
panel_down_B+RT,6,2018-05,강원,1.0,0.1448509332613534,0.1304377393237767,적중
panel_down_B+RT,6,2018-05,경북,1.0,0.1914802572405209,0.1304377393237767,적중
panel_down_B+RT,6,2018-05,세종,1.0,0.0485241372812998,0.1304377393237767,놓침
panel_down_B+RT,6,2018-05,제주,1.0,0.1899552054559087,0.1304377393237767,적중
panel_down_B+RT,6,2018-05,충북,1.0,0.159715156656256,0.1304377393237767,적중
panel_down_B+RT,6,2018-06,강원,1.0,0.1731367896093722,0.141094165822686,적중
panel_down_B+RT,6,2018-06,경북,1.0,0.2230719585026011,0.141094165822686,적중
panel_down_B+RT,6,2018-06,부산,0.0,0.1446233951047406,0.141094165822686,오경보
panel_down_B+RT,6,2018-06,제주,1.0,0.2069719705593301,0.141094165822686,적중
panel_down_B+RT,6,2018-06,충북,1.0,0.1857846565143365,0.141094165822686,적중
panel_down_B+RT,6,2018-07,강원,1.0,0.218195369205419,0.1545958062537528,적중
panel_down_B+RT,6,2018-07,부산,0.0,0.1986296870931763,0.1545958062537528,오경보
panel_down_B+RT,6,2018-07,전북,0.0,0.1645000794715939,0.1545958062537528,오경보
panel_down_B+RT,6,2018-07,제주,1.0,0.2759618548057447,0.1545958062537528,적중
panel_down_B+RT,6,2018-07,충북,1.0,0.2212274949488762,0.1545958062537528,적중
panel_down_B+RT,6,2018-08,강원,1.0,0.2516189894381744,0.1767584284354613,적중
panel_down_B+RT,6,2018-08,부산,0.0,0.2440622975556497,0.1767584284354613,오경보
panel_down_B+RT,6,2018-08,전북,0.0,0.2038104921246412,0.1767584284354613,오경보
panel_down_B+RT,6,2018-08,충북,1.0,0.2312294617351266,0.1767584284354613,적중
panel_down_B+RT,6,2018-09,부산,0.0,0.2727485201000796,0.1957583454119642,오경보
panel_down_B+RT,6,2018-09,전북,0.0,0.2346631234446611,0.1957583454119642,오경보
panel_down_B+RT,6,2018-09,충북,1.0,0.2818237358192701,0.1957583454119642,적중
panel_down_B+RT,6,2018-10,부산,0.0,0.2799293984441712,0.2185169826594588,오경보
panel_down_B+RT,6,2018-10,전북,0.0,0.2513505661167806,0.2185169826594588,오경보
panel_down_B+RT,6,2018-10,충북,1.0,0.3423671679363559,0.2185169826594588,적중
panel_down_B+RT,6,2018-11,부산,0.0,0.3352264466857209,0.2312989618771377,오경보
panel_down_B+RT,6,2018-11,전북,0.0,0.2870582874431001,0.2312989618771377,오경보
panel_down_B+RT,6,2018-11,충남,0.0,0.3518642687387433,0.2312989618771377,오경보
panel_down_B+RT,6,2018-12,부산,0.0,0.3875669733382563,0.2469087402305668,오경보
panel_down_B+RT,6,2018-12,전북,0.0,0.2656179372594771,0.2469087402305668,오경보
panel_down_B+RT,6,2018-12,충남,0.0,0.3596223572892945,0.2469087402305668,오경보
panel_down_B+RT,6,2019-01,부산,0.0,0.3375471471514557,0.2486839716515508,오경보
panel_down_B+RT,6,2019-01,충남,0.0,0.3213561590105123,0.2486839716515508,오경보
panel_down_B+RT,6,2019-02,경기,1.0,0.1753922955609952,0.2574497851514098,놓침
panel_down_B+RT,6,2019-02,부산,0.0,0.3936478133478379,0.2574497851514098,오경보
panel_down_B+RT,6,2019-02,세종,1.0,0.0442750154814735,0.2574497851514098,놓침
panel_down_B+RT,6,2019-02,충남,0.0,0.3160644122224679,0.2574497851514098,오경보
panel_down_B+RT,6,2019-03,경기,1.0,0.1561736099810466,0.2689225351066664,놓침
panel_down_B+RT,6,2019-03,부산,0.0,0.365343620222873,0.2689225351066664,오경보
panel_down_B+RT,6,2019-03,세종,1.0,0.0775516496938441,0.2689225351066664,놓침
panel_down_B+RT,6,2019-03,제주,1.0,0.3004770618015907,0.2689225351066664,적중
panel_down_B+RT,6,2019-03,충남,0.0,0.2795416826534662,0.2689225351066664,오경보
panel_down_B+RT,6,2019-04,부산,0.0,0.3357536580880024,0.2727376465653542,오경보
panel_down_B+RT,6,2019-04,세종,1.0,0.0935499646443192,0.2727376465653542,놓침
panel_down_B+RT,6,2019-04,제주,1.0,0.2706067384844239,0.2727376465653542,놓침
panel_down_B+RT,6,2019-05,제주,1.0,0.2434135231220159,0.279896426891432,놓침
panel_down_B+RT,6,2019-06,제주,1.0,0.2681891429387152,0.2709563611348189,놓침
panel_down_B+RT,6,2019-07,세종,0.0,0.4116109757721161,0.273574422755834,오경보
panel_down_B+RT,6,2019-07,제주,1.0,0.2620378752872489,0.273574422755834,놓침
panel_down_B+RT,6,2019-08,부산,0.0,0.328099430346348,0.2814575296568035,오경보
panel_down_B+RT,6,2019-08,충남,0.0,0.2942208382414286,0.2814575296568035,오경보
panel_down_B+RT,6,2019-09,부산,0.0,0.2952379417743833,0.2903929667338356,오경보
panel_down_B+RT,6,2019-09,충남,0.0,0.3636362446315732,0.2903929667338356,오경보
panel_down_B+RT,6,2019-11,경북,0.0,0.3779457611595797,0.3027735535707851,오경보
panel_down_B+RT,6,2019-12,경북,0.0,0.3583674893781582,0.308341823834284,오경보
panel_down_B+RT,6,2020-01,경북,0.0,0.3382604376371697,0.3134552062872527,오경보
panel_down_B+RT,6,2021-08,세종,1.0,0.0550434733093897,0.2733311934806613,놓침
panel_down_B+RT,6,2021-09,세종,1.0,0.0883218751302057,0.2722060988623763,놓침
panel_down_B+RT,6,2021-10,세종,1.0,0.1026480527460219,0.2713829881052259,놓침
panel_down_B+RT,6,2021-11,세종,1.0,0.1188036963363316,0.2715501200859664,놓침
panel_down_B+RT,6,2021-12,세종,1.0,0.2159358016002509,0.2732841707852149,놓침
panel_down_B+RT,6,2022-01,세종,1.0,0.4224786705750217,0.2729445668103725,적중
panel_down_B+RT,6,2022-02,대구,0.0,0.3641662109157679,0.2724605490274874,오경보
panel_down_B+RT,6,2022-03,대구,1.0,0.4224438845025284,0.2748439381531943,적중
panel_down_B+RT,6,2022-03,서울,0.0,0.3461834691303893,0.2748439381531943,오경보
panel_down_B+RT,6,2022-04,대구,1.0,0.4411791763837023,0.2749003991007326,적중
panel_down_B+RT,6,2022-04,전남,0.0,0.2810559883656584,0.2749003991007326,오경보
panel_down_B+RT,6,2022-05,대구,1.0,0.5866888654855288,0.2719314043810893,적중
panel_down_B+RT,6,2022-05,대전,0.0,0.303484405242185,0.2719314043810893,오경보
panel_down_B+RT,6,2022-05,전남,0.0,0.2910739411171749,0.2719314043810893,오경보
panel_down_B+RT,6,2022-06,대구,1.0,0.6285842973876576,0.2724599101527866,적중
panel_down_B+RT,6,2022-06,대전,0.0,0.3445148232732162,0.2724599101527866,오경보
panel_down_B+RT,6,2022-06,서울,0.0,0.3459438501402146,0.2724599101527866,오경보
panel_down_B+RT,6,2022-06,전남,0.0,0.3503205070181106,0.2724599101527866,오경보
panel_down_B+RT,6,2022-07,대구,1.0,0.5217154007110645,0.2714230407347726,적중
panel_down_B+RT,6,2022-07,전남,0.0,0.3491889709272561,0.2714230407347726,오경보
panel_down_B+RT,6,2022-08,경기,1.0,0.1684435361133554,0.2719319890970713,놓침
panel_down_B+RT,6,2022-08,대구,1.0,0.595787775127055,0.2719319890970713,적중
panel_down_B+RT,6,2022-08,대전,0.0,0.2913266587946914,0.2719319890970713,오경보
panel_down_B+RT,6,2022-08,전남,1.0,0.2679449544659091,0.2719319890970713,놓침
panel_down_B+RT,6,2022-09,경기,1.0,0.1627941214300435,0.268642846872676,놓침
panel_down_B+RT,6,2022-09,광주,1.0,0.1238175866497193,0.268642846872676,놓침
panel_down_B+RT,6,2022-09,서울,1.0,0.2161907147168545,0.268642846872676,놓침
panel_down_B+RT,6,2022-09,인천,1.0,0.1842854724252473,0.268642846872676,놓침
panel_down_B+RT,6,2022-09,전남,1.0,0.2519499223016512,0.268642846872676,놓침
panel_down_B+RT,6,2022-10,경기,1.0,0.2652150249264555,0.2747759714737423,놓침
panel_down_B+RT,6,2022-10,광주,1.0,0.2425756118163236,0.2747759714737423,놓침
panel_down_B+RT,6,2022-10,대전,0.0,0.3067430810351894,0.2747759714737423,오경보
panel_down_B+RT,6,2022-10,부산,1.0,0.2614528876914829,0.2747759714737423,놓침
panel_down_B+RT,6,2022-10,서울,1.0,0.2796495791585576,0.2747759714737423,적중
panel_down_B+RT,6,2022-10,인천,1.0,0.2949496166221328,0.2747759714737423,적중
panel_down_B+RT,6,2022-10,전남,1.0,0.3288125648490823,0.2747759714737423,적중
panel_down_B+RT,6,2022-10,충남,0.0,0.2793092378387547,0.2747759714737423,오경보
panel_down_B+RT,6,2022-11,경기,1.0,0.3396830952488597,0.2768532442990191,적중
panel_down_B+RT,6,2022-11,광주,1.0,0.2202845218615479,0.2768532442990191,놓침
panel_down_B+RT,6,2022-11,대전,1.0,0.2894478510005438,0.2768532442990191,적중
panel_down_B+RT,6,2022-11,부산,1.0,0.2764525830338337,0.2768532442990191,놓침
panel_down_B+RT,6,2022-11,서울,1.0,0.2447238587014119,0.2768532442990191,놓침
panel_down_B+RT,6,2022-11,인천,1.0,0.3220837371147934,0.2768532442990191,적중
panel_down_B+RT,6,2022-11,전남,1.0,0.3410231983315531,0.2768532442990191,적중
panel_down_B+RT,6,2022-11,충남,0.0,0.3019313763598626,0.2768532442990191,오경보
panel_down_B+RT,6,2022-12,경기,1.0,0.4812484895958777,0.2788365948383847,적중
panel_down_B+RT,6,2022-12,광주,1.0,0.3266306413025349,0.2788365948383847,적중
panel_down_B+RT,6,2022-12,대전,0.0,0.3794629086293493,0.2788365948383847,오경보
panel_down_B+RT,6,2022-12,부산,1.0,0.3790581079790019,0.2788365948383847,적중
panel_down_B+RT,6,2022-12,서울,1.0,0.3252574265569412,0.2788365948383847,적중
panel_down_B+RT,6,2022-12,울산,1.0,0.3370921880670759,0.2788365948383847,적중
panel_down_B+RT,6,2022-12,인천,1.0,0.5557845054924138,0.2788365948383847,적중
panel_down_B+RT,6,2022-12,전남,1.0,0.3559996574159388,0.2788365948383847,적중
panel_down_B+RT,6,2022-12,충남,0.0,0.3220941563075876,0.2788365948383847,오경보
panel_down_B+RT,6,2023-01,경기,1.0,0.6469325226066253,0.2795745208406508,적중
panel_down_B+RT,6,2023-01,광주,1.0,0.4179131521089894,0.2795745208406508,적중
panel_down_B+RT,6,2023-01,대전,0.0,0.5673870575211021,0.2795745208406508,오경보
panel_down_B+RT,6,2023-01,부산,1.0,0.4800864360214671,0.2795745208406508,적중
panel_down_B+RT,6,2023-01,서울,1.0,0.4070531555666591,0.2795745208406508,적중
panel_down_B+RT,6,2023-01,울산,1.0,0.47113372317839,0.2795745208406508,적중
panel_down_B+RT,6,2023-01,인천,1.0,0.7335953725227724,0.2795745208406508,적중
panel_down_B+RT,6,2023-01,전남,1.0,0.3626276143127714,0.2795745208406508,적중
panel_down_B+RT,6,2023-01,충남,0.0,0.3682053247617561,0.2795745208406508,오경보
panel_down_B+RT,6,2023-02,경남,0.0,0.3712204857488828,0.2825084991652125,오경보
panel_down_B+RT,6,2023-02,경북,0.0,0.3072524480941366,0.2825084991652125,오경보
panel_down_B+RT,6,2023-02,광주,0.0,0.4937597806344096,0.2825084991652125,오경보
panel_down_B+RT,6,2023-02,대전,0.0,0.6401103326483571,0.2825084991652125,오경보
panel_down_B+RT,6,2023-02,부산,1.0,0.6023541589919679,0.2825084991652125,적중
panel_down_B+RT,6,2023-02,서울,1.0,0.6023470800322743,0.2825084991652125,적중
panel_down_B+RT,6,2023-02,울산,1.0,0.6046742730213743,0.2825084991652125,적중
panel_down_B+RT,6,2023-02,인천,1.0,0.7983721426428683,0.2825084991652125,적중
panel_down_B+RT,6,2023-02,전북,0.0,0.3465326656900475,0.2825084991652125,오경보
panel_down_B+RT,6,2023-02,충남,0.0,0.4470833039763416,0.2825084991652125,오경보
panel_down_B+RT,6,2023-02,충북,0.0,0.3324780723845394,0.2825084991652125,오경보
panel_down_B+RT,6,2023-03,강원,0.0,0.3135957464262522,0.2781149027685157,오경보
panel_down_B+RT,6,2023-03,경남,0.0,0.4134206898011228,0.2781149027685157,오경보
panel_down_B+RT,6,2023-03,경북,0.0,0.3521925608561511,0.2781149027685157,오경보
panel_down_B+RT,6,2023-03,대전,0.0,0.6390085396786721,0.2781149027685157,오경보
panel_down_B+RT,6,2023-03,부산,1.0,0.6636668010561906,0.2781149027685157,적중
panel_down_B+RT,6,2023-03,울산,1.0,0.6175134425878479,0.2781149027685157,적중
panel_down_B+RT,6,2023-03,전북,0.0,0.420632750650274,0.2781149027685157,오경보
panel_down_B+RT,6,2023-03,충남,0.0,0.485971403150696,0.2781149027685157,오경보
panel_down_B+RT,6,2023-03,충북,0.0,0.3819806840652034,0.2781149027685157,오경보
panel_down_B+RT,6,2023-04,강원,0.0,0.3599108808309115,0.2873613892245281,오경보
panel_down_B+RT,6,2023-04,경남,0.0,0.498124753106509,0.2873613892245281,오경보
panel_down_B+RT,6,2023-04,경북,0.0,0.4058506818737953,0.2873613892245281,오경보
panel_down_B+RT,6,2023-04,대전,0.0,0.6556156839016029,0.2873613892245281,오경보
panel_down_B+RT,6,2023-04,울산,0.0,0.6648918710618855,0.2873613892245281,오경보
panel_down_B+RT,6,2023-04,전북,0.0,0.5012495073162272,0.2873613892245281,오경보
panel_down_B+RT,6,2023-04,제주,0.0,0.3765299548338321,0.2873613892245281,오경보
panel_down_B+RT,6,2023-04,충남,0.0,0.5937030452071412,0.2873613892245281,오경보
panel_down_B+RT,6,2023-04,충북,0.0,0.4735896737124273,0.2873613892245281,오경보
panel_down_B+RT,6,2023-05,강원,0.0,0.3526080680595451,0.3021418195795756,오경보
panel_down_B+RT,6,2023-05,경남,0.0,0.4841271801728605,0.3021418195795756,오경보
panel_down_B+RT,6,2023-05,경북,0.0,0.3560907492360182,0.3021418195795756,오경보
panel_down_B+RT,6,2023-05,울산,0.0,0.7031211214631576,0.3021418195795756,오경보
panel_down_B+RT,6,2023-05,전북,0.0,0.4598678158500545,0.3021418195795756,오경보
panel_down_B+RT,6,2023-05,제주,0.0,0.3991681746388981,0.3021418195795756,오경보
panel_down_B+RT,6,2023-05,충남,0.0,0.5400168653067271,0.3021418195795756,오경보
panel_down_B+RT,6,2023-05,충북,0.0,0.3682218637266106,0.3021418195795756,오경보
panel_down_B+RT,6,2023-06,강원,0.0,0.3338000435213063,0.3113924675479413,오경보
panel_down_B+RT,6,2023-06,경남,0.0,0.3709862380023275,0.3113924675479413,오경보
panel_down_B+RT,6,2023-06,대전,0.0,0.5522749522039041,0.3113924675479413,오경보
panel_down_B+RT,6,2023-06,전북,0.0,0.4102851485113953,0.3113924675479413,오경보
panel_down_B+RT,6,2023-06,제주,0.0,0.4492534266453366,0.3113924675479413,오경보
panel_down_B+RT,6,2023-06,충남,0.0,0.4281719824731553,0.3113924675479413,오경보
panel_down_B+RT,6,2023-06,충북,0.0,0.3177026105355737,0.3113924675479413,오경보
panel_down_B+RT,6,2023-07,대전,0.0,0.3496129140416871,0.31347029905697,오경보
panel_down_B+RT,6,2023-07,제주,0.0,0.3997000540003144,0.31347029905697,오경보
panel_down_B+RT,6,2023-07,충남,0.0,0.3138594956419399,0.31347029905697,오경보
panel_down_B+RT,6,2023-08,제주,0.0,0.3487184757924688,0.3122037067273578,오경보
panel_down_B+RT,6,2023-12,세종,1.0,0.0370054554437779,0.2982512398570007,놓침
panel_down_B+RT,6,2024-01,세종,1.0,0.0567389264303098,0.296131089725406,놓침
panel_down_B+RT,6,2024-02,세종,1.0,0.1083122901437228,0.2949826572493839,놓침
panel_down_B+RT,6,2024-03,세종,1.0,0.1105841687991277,0.2919510747814167,놓침
panel_down_B+RT,6,2024-04,세종,1.0,0.1396645971959457,0.2905316250040864,놓침
panel_down_B+RT,6,2024-05,세종,1.0,0.2138951466732548,0.2902550789723225,놓침
