panel,model,task,metric,v11,v12,change,improved
provinces,Linear,Y1 Growth,MAE,0.8887598379534095,0.890060939988916,0.001301102035506485,False
provinces,Linear,Y2 Direction,Macro_F1,0.7057319328061686,0.7057319328061686,0.0,False
provinces,Linear,Y3 Surge,Event_F1,0.6378205128205128,0.6158833063209076,-0.021937206499605177,False
provinces,Linear,Y4 Drop,Event_F1,0.4449877750611247,0.4449760765550239,-1.1698506100776829e-05,False
provinces,Random Forest,Y1 Growth,MAE,0.7673846784632549,0.750276075262578,-0.017108603200676864,True
provinces,Random Forest,Y2 Direction,Macro_F1,0.7294611343878867,0.7292710944026733,-0.00019003998521338605,False
provinces,Random Forest,Y3 Surge,Event_F1,0.5986622073578596,0.5231316725978647,-0.07553053475999483,False
provinces,Random Forest,Y4 Drop,Event_F1,0.4701195219123506,0.464,-0.006119521912350601,False
provinces,Extra Trees,Y1 Growth,MAE,0.7728140059249442,0.7778335287074034,0.005019522782459207,False
provinces,Extra Trees,Y2 Direction,Macro_F1,0.747813608951114,0.7283421803565402,-0.019471428594573847,False
provinces,Extra Trees,Y3 Surge,Event_F1,0.6531302876480541,0.6433333333333333,-0.00979695431472083,False
provinces,Extra Trees,Y4 Drop,Event_F1,0.4899598393574297,0.4862745098039215,-0.0036853295535081987,False
provinces,XGBoost,Y1 Growth,MAE,0.7212579153052259,0.7581480569313641,0.03689014162613824,False
provinces,XGBoost,Y2 Direction,Macro_F1,0.7621384882579476,0.7644038359888243,0.002265347730876721,True
provinces,XGBoost,Y3 Surge,Event_F1,0.5666666666666667,0.5393258426966292,-0.027340823970037453,False
provinces,XGBoost,Y4 Drop,Event_F1,0.5202702702702703,0.5202702702702703,0.0,False
seoul,Linear,Y1 Growth,MAE,0.8449629804425661,0.8914925821308579,0.04652960168829179,False
seoul,Linear,Y2 Direction,Macro_F1,0.7641756629284142,0.7993839097943305,0.03520824686591628,True
seoul,Linear,Y3 Surge,Event_F1,0.7545565006075334,0.7541766109785203,-0.0003798896290131415,False
seoul,Linear,Y4 Drop,Event_F1,0.6156521739130435,0.6678966789667896,0.052244505053746115,True
seoul,Random Forest,Y1 Growth,MAE,1.024591018807201,1.0317443984336894,0.007153379626488432,False
seoul,Random Forest,Y2 Direction,Macro_F1,0.4981680001145,0.5366350844253458,0.03846708431084578,True
seoul,Random Forest,Y3 Surge,Event_F1,0.6629910406616126,0.6758430832759807,0.01285204261436812,True
seoul,Random Forest,Y4 Drop,Event_F1,0.37160751565762,0.3135593220338983,-0.05804819362372171,False
seoul,Extra Trees,Y1 Growth,MAE,0.978627114028008,0.9820680530501052,0.0034409390220973,False
seoul,Extra Trees,Y2 Direction,Macro_F1,0.4871153954988775,0.4862072536383696,-0.0009081418605079161,False
seoul,Extra Trees,Y3 Surge,Event_F1,0.7422434367541766,0.7370919881305638,-0.005151448623612831,False
seoul,Extra Trees,Y4 Drop,Event_F1,0.1215189873417721,0.0784313725490196,-0.0430876147927525,False
seoul,XGBoost,Y1 Growth,MAE,1.0384973431122204,1.0438735755771595,0.0053762324649391235,False
seoul,XGBoost,Y2 Direction,Macro_F1,0.6237577308248351,0.6165245267041675,-0.007233204120667636,False
seoul,XGBoost,Y3 Surge,Event_F1,0.7009771986970684,0.7195902688860435,0.018613070188975067,True
seoul,XGBoost,Y4 Drop,Event_F1,0.3733905579399141,0.3837953091684435,0.010404751228529407,True
