h,W,t,task,model,cv_score,max_features,min_samples_leaf,learning_rate,max_depth,n_estimators
6,4,2018-01,reg,RF,-0.6382761192452661,0.3,10.0,,,
6,4,2018-01,reg,ET,-0.6441030997287244,0.5,3.0,,,
6,4,2018-01,reg,XGB,-0.6819251342380889,,,0.1,4.0,400.0
6,4,2018-01,up,RF,0.0,0.3,3.0,,,
6,4,2018-01,up,ET,0.0,0.3,3.0,,,
6,4,2018-01,up,XGB,0.0,,,0.03,2.0,200.0
6,4,2018-01,dn,RF,0.4535329322094028,0.8,3.0,,,
6,4,2018-01,dn,ET,0.33648504273504276,0.3,10.0,,,
6,4,2018-01,dn,XGB,0.4014016781258995,,,0.03,2.0,200.0
6,4,2018-04,reg,RF,-0.5655890007153754,0.3,10.0,,,
6,4,2018-04,reg,ET,-0.5736949561690924,0.8,10.0,,,
6,4,2018-04,reg,XGB,-0.785275512056379,,,0.03,3.0,200.0
6,4,2018-04,up,RF,0.3333333333333333,0.8,10.0,,,
6,4,2018-04,up,ET,0.16666666666666666,0.8,3.0,,,
6,4,2018-04,up,XGB,0.05555555555555555,,,0.1,2.0,200.0
6,4,2018-04,dn,RF,0.5192484103198388,0.8,3.0,,,
6,4,2018-04,dn,ET,0.4660581151652581,0.3,10.0,,,
6,4,2018-04,dn,XGB,0.48350352769392896,,,0.03,2.0,400.0
6,4,2018-07,reg,RF,-0.4421670612224023,0.3,10.0,,,
6,4,2018-07,reg,ET,-0.46084292922514924,0.3,10.0,,,
6,4,2018-07,reg,XGB,-0.8435306245331152,,,0.03,2.0,200.0
6,4,2018-07,up,RF,0.3333333333333333,0.8,10.0,,,
6,4,2018-07,up,ET,0.16666666666666666,0.8,3.0,,,
6,4,2018-07,up,XGB,0.05555555555555555,,,0.1,2.0,200.0
6,4,2018-07,dn,RF,0.5884623853779697,0.3,5.0,,,
6,4,2018-07,dn,ET,0.5698488663244302,0.3,10.0,,,
6,4,2018-07,dn,XGB,0.4468060894781942,,,0.1,2.0,200.0
6,4,2018-10,reg,RF,-0.5326207141206921,0.3,10.0,,,
6,4,2018-10,reg,ET,-0.5625148862330808,0.8,10.0,,,
6,4,2018-10,reg,XGB,-0.9166356305656325,,,0.03,2.0,200.0
6,4,2018-10,up,RF,0.3333333333333333,0.8,10.0,,,
6,4,2018-10,up,ET,0.16666666666666666,0.8,3.0,,,
6,4,2018-10,up,XGB,0.05555555555555555,,,0.1,2.0,200.0
6,4,2018-10,dn,RF,0.6563095945150725,0.3,5.0,,,
6,4,2018-10,dn,ET,0.6684448494041072,0.5,5.0,,,
6,4,2018-10,dn,XGB,0.5658133971577538,,,0.03,2.0,400.0
6,4,2019-01,reg,RF,-0.6734162751780136,0.3,3.0,,,
6,4,2019-01,reg,ET,-0.7120190636075744,0.8,3.0,,,
6,4,2019-01,reg,XGB,-0.9561405881687258,,,0.03,2.0,200.0
6,4,2019-01,up,RF,0.047619047619047616,0.3,5.0,,,
6,4,2019-01,up,ET,0.16666666666666666,0.8,10.0,,,
6,4,2019-01,up,XGB,0.05555555555555555,,,0.03,2.0,400.0
6,4,2019-01,dn,RF,0.7588034777515066,0.3,5.0,,,
6,4,2019-01,dn,ET,0.763655005015988,0.5,5.0,,,
6,4,2019-01,dn,XGB,0.7001766132144981,,,0.03,2.0,200.0
6,4,2019-04,reg,RF,-0.7837286929220819,0.8,3.0,,,
6,4,2019-04,reg,ET,-0.7856099963435552,0.8,3.0,,,
6,4,2019-04,reg,XGB,-0.8848566734404262,,,0.03,2.0,200.0
6,4,2019-04,up,RF,0.2657952069716775,0.8,3.0,,,
6,4,2019-04,up,ET,0.27354497354497354,0.8,10.0,,,
6,4,2019-04,up,XGB,0.16610549943883277,,,0.03,2.0,400.0
6,4,2019-04,dn,RF,0.8360725325305663,0.3,10.0,,,
6,4,2019-04,dn,ET,0.8334265920006961,0.3,10.0,,,
6,4,2019-04,dn,XGB,0.8200454667395499,,,0.03,2.0,200.0
6,4,2019-07,reg,RF,-0.7392910657985157,0.8,3.0,,,
6,4,2019-07,reg,ET,-0.7661835181066405,0.3,3.0,,,
6,4,2019-07,reg,XGB,-0.8023055983326266,,,0.03,2.0,200.0
6,4,2019-07,up,RF,0.460239651416122,0.8,3.0,,,
6,4,2019-07,up,ET,0.4957671957671958,0.8,10.0,,,
6,4,2019-07,up,XGB,0.27721661054994384,,,0.03,2.0,400.0
6,4,2019-07,dn,RF,0.8875019333736439,0.8,10.0,,,
6,4,2019-07,dn,ET,0.861668526541442,0.3,10.0,,,
6,4,2019-07,dn,XGB,0.8826415925133162,,,0.03,2.0,200.0
6,4,2019-10,reg,RF,-0.5702639017956721,0.8,3.0,,,
6,4,2019-10,reg,ET,-0.6143150982845457,0.3,3.0,,,
6,4,2019-10,reg,XGB,-0.5625642957064184,,,0.03,3.0,400.0
6,4,2019-10,up,RF,0.45370370370370366,0.8,3.0,,,
6,4,2019-10,up,ET,0.32910052910052906,0.8,10.0,,,
6,4,2019-10,up,XGB,0.22166105499438835,,,0.03,2.0,400.0
6,4,2019-10,dn,RF,0.9225428727866105,0.5,3.0,,,
6,4,2019-10,dn,ET,0.9059696612035145,0.3,10.0,,,
6,4,2019-10,dn,XGB,0.923783380402516,,,0.03,2.0,200.0
6,4,2020-01,reg,RF,-0.5164214867453043,0.8,5.0,,,
6,4,2020-01,reg,ET,-0.5332918625501324,0.3,3.0,,,
6,4,2020-01,reg,XGB,-0.46934986514186616,,,0.03,4.0,400.0
6,4,2020-01,up,RF,0.19444444444444442,0.3,3.0,,,
6,4,2020-01,up,ET,0.3333333333333333,0.3,5.0,,,
6,4,2020-01,up,XGB,0.16666666666666666,,,0.03,2.0,200.0
6,4,2020-01,dn,RF,0.9165132689871895,0.8,5.0,,,
6,4,2020-01,dn,ET,0.9091848395767864,0.8,10.0,,,
6,4,2020-01,dn,XGB,0.9151087787128667,,,0.03,2.0,400.0
6,4,2020-04,reg,RF,-0.7924184994913936,0.3,10.0,,,
6,4,2020-04,reg,ET,-0.6920925093080029,0.3,3.0,,,
6,4,2020-04,reg,XGB,-0.7207480651083801,,,0.03,3.0,400.0
6,4,2020-04,up,RF,0.16209150326797386,0.8,3.0,,,
6,4,2020-04,up,ET,0.16296296296296295,0.3,3.0,,,
6,4,2020-04,up,XGB,0.1851851851851852,,,0.03,2.0,200.0
6,4,2020-04,dn,RF,0.7299450746077291,0.3,5.0,,,
6,4,2020-04,dn,ET,0.7356827399718348,0.8,5.0,,,
6,4,2020-04,dn,XGB,0.7499981723318442,,,0.1,3.0,200.0
6,4,2020-07,reg,RF,-1.0811873149912012,0.3,5.0,,,
6,4,2020-07,reg,ET,-0.9467951687511177,0.3,10.0,,,
6,4,2020-07,reg,XGB,-0.9550862400723285,,,0.03,3.0,400.0
6,4,2020-07,up,RF,0.43529985093452583,0.8,10.0,,,
6,4,2020-07,up,ET,0.46949891067538124,0.3,3.0,,,
6,4,2020-07,up,XGB,0.5296296296296297,,,0.03,2.0,400.0
6,4,2020-07,dn,RF,0.5838432315019002,0.8,10.0,,,
6,4,2020-07,dn,ET,0.4736852044625153,0.8,10.0,,,
6,4,2020-07,dn,XGB,0.5573533040458506,,,0.03,2.0,200.0
6,4,2020-10,reg,RF,-1.1936114252152497,0.3,5.0,,,
6,4,2020-10,reg,ET,-1.1217111837776648,0.3,5.0,,,
6,4,2020-10,reg,XGB,-1.0756571321439836,,,0.1,3.0,200.0
6,4,2020-10,up,RF,0.6747594997594998,0.3,3.0,,,
6,4,2020-10,up,ET,0.7465962887015518,0.3,5.0,,,
6,4,2020-10,up,XGB,0.7562067562067561,,,0.03,2.0,400.0
6,4,2020-10,dn,RF,0.3011965811965812,0.8,10.0,,,
6,4,2020-10,dn,ET,0.22194444444444447,0.8,5.0,,,
6,4,2020-10,dn,XGB,0.3246031746031746,,,0.03,2.0,200.0
6,4,2021-01,reg,RF,-1.270393042142434,0.3,3.0,,,
6,4,2021-01,reg,ET,-1.2675508860719094,0.5,5.0,,,
6,4,2021-01,reg,XGB,-1.116312204889213,,,0.1,3.0,200.0
6,4,2021-01,up,RF,0.7280003773276826,0.3,10.0,,,
6,4,2021-01,up,ET,0.8060753114205713,0.3,5.0,,,
6,4,2021-01,up,XGB,0.788897034011958,,,0.03,3.0,400.0
6,4,2021-01,dn,RF,0.16666666666666666,0.8,10.0,,,
6,4,2021-01,dn,ET,0.06666666666666667,0.8,5.0,,,
6,4,2021-01,dn,XGB,0.16666666666666666,,,0.03,2.0,200.0
6,4,2021-04,reg,RF,-1.4255467780518485,0.8,3.0,,,
6,4,2021-04,reg,ET,-1.5668403894738194,0.8,3.0,,,
6,4,2021-04,reg,XGB,-1.4366105874998898,,,0.03,3.0,200.0
6,4,2021-04,up,RF,0.7568638336228165,0.3,10.0,,,
6,4,2021-04,up,ET,0.8169378085624839,0.3,3.0,,,
6,4,2021-04,up,XGB,0.7329541364980668,,,0.1,4.0,200.0
6,4,2021-04,dn,RF,0.0,0.3,3.0,,,
6,4,2021-04,dn,ET,0.0,0.3,3.0,,,
6,4,2021-04,dn,XGB,0.0,,,0.03,2.0,200.0
6,4,2021-07,reg,RF,-1.654427537156803,0.8,3.0,,,
6,4,2021-07,reg,ET,-1.856800077040076,0.8,3.0,,,
6,4,2021-07,reg,XGB,-1.717430027629642,,,0.03,4.0,400.0
6,4,2021-07,up,RF,0.8410236563863879,0.3,5.0,,,
6,4,2021-07,up,ET,0.8682834423647163,0.3,10.0,,,
6,4,2021-07,up,XGB,0.8160130740565164,,,0.1,4.0,400.0
6,4,2021-07,dn,RF,0.0,0.3,3.0,,,
6,4,2021-07,dn,ET,0.0,0.3,3.0,,,
6,4,2021-07,dn,XGB,0.0,,,0.03,2.0,200.0
6,4,2021-10,reg,RF,-1.5256007481396043,0.3,3.0,,,
6,4,2021-10,reg,ET,-1.6382903241703595,0.8,5.0,,,
6,4,2021-10,reg,XGB,-1.6355742100597421,,,0.03,2.0,400.0
6,4,2021-10,up,RF,0.8888994329653457,0.3,3.0,,,
6,4,2021-10,up,ET,0.8961416971394863,0.3,10.0,,,
6,4,2021-10,up,XGB,0.8958744017329545,,,0.1,2.0,400.0
6,4,2021-10,dn,RF,0.0,0.3,3.0,,,
6,4,2021-10,dn,ET,0.0,0.3,3.0,,,
6,4,2021-10,dn,XGB,0.0,,,0.03,2.0,200.0
6,4,2022-01,reg,RF,-1.100485398955086,0.3,5.0,,,
6,4,2022-01,reg,ET,-1.1067437661771333,0.8,10.0,,,
6,4,2022-01,reg,XGB,-1.2902320070342206,,,0.03,2.0,400.0
6,4,2022-01,up,RF,0.9151878488035008,0.3,5.0,,,
6,4,2022-01,up,ET,0.9037539295518692,0.5,5.0,,,
6,4,2022-01,up,XGB,0.9164055130122652,,,0.03,4.0,400.0
6,4,2022-01,dn,RF,0.0,0.3,3.0,,,
6,4,2022-01,dn,ET,0.0,0.3,3.0,,,
6,4,2022-01,dn,XGB,0.0,,,0.03,2.0,200.0
6,4,2022-04,reg,RF,-0.7993531065551188,0.3,5.0,,,
6,4,2022-04,reg,ET,-0.8287408312118343,0.8,10.0,,,
6,4,2022-04,reg,XGB,-0.909904751040736,,,0.03,2.0,200.0
6,4,2022-04,up,RF,0.9145769117773795,0.3,5.0,,,
6,4,2022-04,up,ET,0.8969971497084743,0.8,10.0,,,
6,4,2022-04,up,XGB,0.9136337302792485,,,0.03,4.0,200.0
6,4,2022-04,dn,RF,0.3333333333333333,0.3,3.0,,,
6,4,2022-04,dn,ET,0.3333333333333333,0.3,10.0,,,
6,4,2022-04,dn,XGB,0.3333333333333333,,,0.03,2.0,200.0
6,4,2022-07,reg,RF,-0.7920298658785715,0.3,3.0,,,
6,4,2022-07,reg,ET,-0.9286772287428643,0.5,10.0,,,
6,4,2022-07,reg,XGB,-0.8339857420169924,,,0.1,4.0,400.0
6,4,2022-07,up,RF,0.9499905325350193,0.3,10.0,,,
6,4,2022-07,up,ET,0.9344823844278861,0.3,5.0,,,
6,4,2022-07,up,XGB,0.9535951143056557,,,0.03,2.0,200.0
6,4,2022-07,dn,RF,0.6666666666666666,0.3,10.0,,,
6,4,2022-07,dn,ET,0.6388888888888888,0.3,10.0,,,
6,4,2022-07,dn,XGB,0.6666666666666666,,,0.03,2.0,200.0
6,4,2022-10,reg,RF,-0.9456754774063999,0.3,10.0,,,
6,4,2022-10,reg,ET,-0.8995617133462726,0.3,5.0,,,
6,4,2022-10,reg,XGB,-1.082704093501226,,,0.03,2.0,200.0
6,4,2022-10,up,RF,0.9530791817350289,0.5,5.0,,,
6,4,2022-10,up,ET,0.9508307371237207,0.5,10.0,,,
6,4,2022-10,up,XGB,0.9500487348840029,,,0.03,2.0,200.0
6,4,2022-10,dn,RF,0.9444444444444443,0.5,10.0,,,
6,4,2022-10,dn,ET,0.7886039886039886,0.3,10.0,,,
6,4,2022-10,dn,XGB,0.8716049382716049,,,0.03,4.0,400.0
6,4,2023-01,reg,RF,-0.9134437812170835,0.3,10.0,,,
6,4,2023-01,reg,ET,-0.8197795449838736,0.3,10.0,,,
6,4,2023-01,reg,XGB,-1.2188477440605252,,,0.03,2.0,200.0
6,4,2023-01,up,RF,0.9053186500956687,0.3,10.0,,,
6,4,2023-01,up,ET,0.9145800058003036,0.3,3.0,,,
6,4,2023-01,up,XGB,0.9218441087144874,,,0.03,3.0,200.0
6,4,2023-01,dn,RF,0.8191919191919191,0.3,10.0,,,
6,4,2023-01,dn,ET,0.9148148148148149,0.5,10.0,,,
6,4,2023-01,dn,XGB,0.849074074074074,,,0.03,2.0,200.0
6,4,2023-04,reg,RF,-0.8995936864394447,0.3,10.0,,,
6,4,2023-04,reg,ET,-0.8101339379555346,0.3,3.0,,,
6,4,2023-04,reg,XGB,-1.3279268373102335,,,0.03,2.0,400.0
6,4,2023-04,up,RF,0.7471314329098225,0.3,3.0,,,
6,4,2023-04,up,ET,0.8054075932770389,0.3,10.0,,,
6,4,2023-04,up,XGB,0.8351540412943184,,,0.03,4.0,200.0
6,4,2023-04,dn,RF,0.9196281649719812,0.5,10.0,,,
6,4,2023-04,dn,ET,0.9254034842403568,0.5,10.0,,,
6,4,2023-04,dn,XGB,0.8532360506867315,,,0.03,3.0,200.0
6,4,2023-07,reg,RF,-0.9068920404850475,0.3,10.0,,,
6,4,2023-07,reg,ET,-0.8412589387377679,0.8,3.0,,,
6,4,2023-07,reg,XGB,-1.0873223573941293,,,0.1,2.0,200.0
6,4,2023-07,up,RF,0.42838117881297766,0.8,3.0,,,
6,4,2023-07,up,ET,0.4441776163006814,0.5,10.0,,,
6,4,2023-07,up,XGB,0.5384132091655437,,,0.03,3.0,200.0
6,4,2023-07,dn,RF,0.8820891238087109,0.3,10.0,,,
6,4,2023-07,dn,ET,0.8746229806236109,0.5,10.0,,,
6,4,2023-07,dn,XGB,0.8536474774822013,,,0.03,2.0,200.0
6,4,2023-10,reg,RF,-0.859574947348026,0.3,3.0,,,
6,4,2023-10,reg,ET,-0.7740635729641189,0.8,3.0,,,
6,4,2023-10,reg,XGB,-0.7776286505639977,,,0.1,2.0,400.0
6,4,2023-10,up,RF,0.14703703703703705,0.5,5.0,,,
6,4,2023-10,up,ET,0.1722222222222222,0.3,5.0,,,
6,4,2023-10,up,XGB,0.2683982683982684,,,0.03,4.0,200.0
6,4,2023-10,dn,RF,0.7940653284751936,0.8,10.0,,,
6,4,2023-10,dn,ET,0.8244929274986231,0.8,10.0,,,
6,4,2023-10,dn,XGB,0.7612107416162592,,,0.03,2.0,400.0
6,4,2024-01,reg,RF,-0.7066968285699655,0.8,10.0,,,
6,4,2024-01,reg,ET,-0.7028914068287087,0.8,5.0,,,
6,4,2024-01,reg,XGB,-0.6784024635597925,,,0.03,2.0,400.0
6,4,2024-01,up,RF,0.2765522875816993,0.8,3.0,,,
6,4,2024-01,up,ET,0.1776325344952796,0.8,10.0,,,
6,4,2024-01,up,XGB,0.3194444444444444,,,0.1,4.0,400.0
6,4,2024-01,dn,RF,0.8330750239936329,0.5,10.0,,,
6,4,2024-01,dn,ET,0.8479379566768275,0.8,3.0,,,
6,4,2024-01,dn,XGB,0.6387544153015111,,,0.1,3.0,200.0
6,4,2024-04,reg,RF,-0.5990789222702596,0.3,5.0,,,
6,4,2024-04,reg,ET,-0.6257043487018602,0.3,10.0,,,
6,4,2024-04,reg,XGB,-0.5210408628996523,,,0.03,3.0,200.0
6,4,2024-04,up,RF,0.5239184290654878,0.8,10.0,,,
6,4,2024-04,up,ET,0.4422464602940757,0.3,10.0,,,
6,4,2024-04,up,XGB,0.5617027314208478,,,0.1,4.0,400.0
6,4,2024-04,dn,RF,0.8461367064308241,0.3,5.0,,,
6,4,2024-04,dn,ET,0.8959667324992401,0.8,5.0,,,
6,4,2024-04,dn,XGB,0.3091003546082136,,,0.03,3.0,200.0
6,4,2024-07,reg,RF,-0.626364266476814,0.3,5.0,,,
6,4,2024-07,reg,ET,-0.6129816017102353,0.3,10.0,,,
6,4,2024-07,reg,XGB,-0.5495036692592549,,,0.03,3.0,200.0
6,4,2024-07,up,RF,0.768611834605657,0.8,10.0,,,
6,4,2024-07,up,ET,0.6680740352707896,0.5,10.0,,,
6,4,2024-07,up,XGB,0.7579742304347307,,,0.03,4.0,400.0
6,4,2024-07,dn,RF,0.8724292615596964,0.3,10.0,,,
6,4,2024-07,dn,ET,1.0,0.3,5.0,,,
6,4,2024-07,dn,XGB,0.6695868945868946,,,0.03,4.0,400.0
6,4,2024-10,reg,RF,-0.5054418797206098,0.3,3.0,,,
6,4,2024-10,reg,ET,-0.5612116953720572,0.3,5.0,,,
6,4,2024-10,reg,XGB,-0.5315547126355425,,,0.03,4.0,200.0
6,4,2024-10,up,RF,0.7152470273542816,0.8,3.0,,,
6,4,2024-10,up,ET,0.666516967748263,0.8,5.0,,,
6,4,2024-10,up,XGB,0.7030899266464187,,,0.03,3.0,200.0
6,4,2024-10,dn,RF,0.8652777777777777,0.3,10.0,,,
6,4,2024-10,dn,ET,0.9888888888888889,0.3,10.0,,,
6,4,2024-10,dn,XGB,0.673015873015873,,,0.1,4.0,200.0
6,4,2025-01,reg,RF,-0.49691160285349634,0.5,3.0,,,
6,4,2025-01,reg,ET,-0.5141929280037978,0.8,10.0,,,
6,4,2025-01,reg,XGB,-0.506492305247017,,,0.03,4.0,200.0
6,4,2025-01,up,RF,0.7718644742156909,0.5,3.0,,,
6,4,2025-01,up,ET,0.7302130380581735,0.3,3.0,,,
6,4,2025-01,up,XGB,0.7702689465590057,,,0.03,4.0,200.0
6,4,2025-01,dn,RF,0.9065562456866804,0.5,5.0,,,
6,4,2025-01,dn,ET,0.9777777777777777,0.3,10.0,,,
6,4,2025-01,dn,XGB,0.8792857142857141,,,0.03,2.0,200.0
6,4,2025-04,reg,RF,-0.43347897670581453,0.3,3.0,,,
6,4,2025-04,reg,ET,-0.4373476897677067,0.5,5.0,,,
6,4,2025-04,reg,XGB,-0.43797872144823674,,,0.03,2.0,200.0
6,4,2025-04,up,RF,0.8966157524470922,0.5,3.0,,,
6,4,2025-04,up,ET,0.8616805870649454,0.5,3.0,,,
6,4,2025-04,up,XGB,0.8842115396816824,,,0.03,3.0,200.0
6,4,2025-04,dn,RF,1.0,0.3,5.0,,,
6,4,2025-04,dn,ET,1.0,0.3,3.0,,,
6,4,2025-04,dn,XGB,0.7083333333333334,,,0.03,2.0,200.0
6,4,2025-07,reg,RF,-0.33268210681757826,0.3,3.0,,,
6,4,2025-07,reg,ET,-0.33612009114722685,0.8,10.0,,,
6,4,2025-07,reg,XGB,-0.33511886100506133,,,0.03,2.0,200.0
6,4,2025-07,up,RF,0.8299051117232935,0.3,5.0,,,
6,4,2025-07,up,ET,0.8452951229466382,0.8,10.0,,,
6,4,2025-07,up,XGB,0.8485008818342153,,,0.03,3.0,400.0
6,4,2025-07,dn,RF,0.6666666666666666,0.8,5.0,,,
6,4,2025-07,dn,ET,0.6666666666666666,0.8,3.0,,,
6,4,2025-07,dn,XGB,0.4055555555555555,,,0.1,2.0,200.0
6,4,2025-10,reg,RF,-0.30712410818418634,0.3,5.0,,,
6,4,2025-10,reg,ET,-0.314727764765328,0.5,10.0,,,
6,4,2025-10,reg,XGB,-0.32870054324649084,,,0.03,4.0,200.0
6,4,2025-10,up,RF,0.7624759178235113,0.5,10.0,,,
6,4,2025-10,up,ET,0.7608795385310536,0.8,10.0,,,
6,4,2025-10,up,XGB,0.7583021776203595,,,0.03,2.0,200.0
6,4,2025-10,dn,RF,0.3333333333333333,0.3,3.0,,,
6,4,2025-10,dn,ET,0.3333333333333333,0.3,10.0,,,
6,4,2025-10,dn,XGB,0.1111111111111111,,,0.03,2.0,200.0
6,4,2026-01,reg,RF,-0.39530458039284216,0.3,3.0,,,
6,4,2026-01,reg,ET,-0.40878648420472236,0.5,10.0,,,
6,4,2026-01,reg,XGB,-0.39359572981040897,,,0.03,3.0,200.0
6,4,2026-01,up,RF,0.7507530130757081,0.3,10.0,,,
6,4,2026-01,up,ET,0.739048338190495,0.8,10.0,,,
6,4,2026-01,up,XGB,0.792148431278866,,,0.03,2.0,200.0
6,4,2026-01,dn,RF,0.0,0.3,3.0,,,
6,4,2026-01,dn,ET,0.0,0.3,3.0,,,
6,4,2026-01,dn,XGB,0.0,,,0.03,2.0,200.0
6,5,2018-01,reg,RF,-0.6382761192452661,0.3,10.0,,,
6,5,2018-01,reg,ET,-0.6441030997287244,0.5,3.0,,,
6,5,2018-01,reg,XGB,-0.6819251342380889,,,0.1,4.0,400.0
6,5,2018-01,up,RF,0.0,0.3,3.0,,,
6,5,2018-01,up,ET,0.0,0.3,3.0,,,
6,5,2018-01,up,XGB,0.0,,,0.03,2.0,200.0
6,5,2018-01,dn,RF,0.4535329322094028,0.8,3.0,,,
6,5,2018-01,dn,ET,0.33648504273504276,0.3,10.0,,,
6,5,2018-01,dn,XGB,0.4014016781258995,,,0.03,2.0,200.0
6,5,2018-04,reg,RF,-0.5655890007153754,0.3,10.0,,,
6,5,2018-04,reg,ET,-0.5736949561690924,0.8,10.0,,,
6,5,2018-04,reg,XGB,-0.785275512056379,,,0.03,3.0,200.0
6,5,2018-04,up,RF,0.3333333333333333,0.8,10.0,,,
6,5,2018-04,up,ET,0.16666666666666666,0.8,3.0,,,
6,5,2018-04,up,XGB,0.05555555555555555,,,0.1,2.0,200.0
6,5,2018-04,dn,RF,0.5192484103198388,0.8,3.0,,,
6,5,2018-04,dn,ET,0.4660581151652581,0.3,10.0,,,
6,5,2018-04,dn,XGB,0.48350352769392896,,,0.03,2.0,400.0
6,5,2018-07,reg,RF,-0.4421670612224023,0.3,10.0,,,
6,5,2018-07,reg,ET,-0.46084292922514924,0.3,10.0,,,
6,5,2018-07,reg,XGB,-0.8435306245331152,,,0.03,2.0,200.0
6,5,2018-07,up,RF,0.3333333333333333,0.8,10.0,,,
6,5,2018-07,up,ET,0.16666666666666666,0.8,3.0,,,
6,5,2018-07,up,XGB,0.05555555555555555,,,0.1,2.0,200.0
6,5,2018-07,dn,RF,0.5884623853779697,0.3,5.0,,,
6,5,2018-07,dn,ET,0.5698488663244302,0.3,10.0,,,
6,5,2018-07,dn,XGB,0.4468060894781942,,,0.1,2.0,200.0
6,5,2018-10,reg,RF,-0.5326207141206921,0.3,10.0,,,
6,5,2018-10,reg,ET,-0.5625148862330808,0.8,10.0,,,
6,5,2018-10,reg,XGB,-0.9166356305656325,,,0.03,2.0,200.0
6,5,2018-10,up,RF,0.3333333333333333,0.8,10.0,,,
6,5,2018-10,up,ET,0.16666666666666666,0.8,3.0,,,
6,5,2018-10,up,XGB,0.05555555555555555,,,0.1,2.0,200.0
6,5,2018-10,dn,RF,0.6563095945150725,0.3,5.0,,,
6,5,2018-10,dn,ET,0.6684448494041072,0.5,5.0,,,
6,5,2018-10,dn,XGB,0.5658133971577538,,,0.03,2.0,400.0
6,5,2019-01,reg,RF,-0.6734162751780136,0.3,3.0,,,
6,5,2019-01,reg,ET,-0.7120190636075744,0.8,3.0,,,
6,5,2019-01,reg,XGB,-0.9561405881687258,,,0.03,2.0,200.0
6,5,2019-01,up,RF,0.047619047619047616,0.3,5.0,,,
6,5,2019-01,up,ET,0.16666666666666666,0.8,10.0,,,
6,5,2019-01,up,XGB,0.05555555555555555,,,0.03,2.0,400.0
6,5,2019-01,dn,RF,0.7588034777515066,0.3,5.0,,,
6,5,2019-01,dn,ET,0.763655005015988,0.5,5.0,,,
6,5,2019-01,dn,XGB,0.7001766132144981,,,0.03,2.0,200.0
6,5,2019-04,reg,RF,-0.783728692922082,0.8,3.0,,,
6,5,2019-04,reg,ET,-0.7856099963435552,0.8,3.0,,,
6,5,2019-04,reg,XGB,-0.8848566734404262,,,0.03,2.0,200.0
6,5,2019-04,up,RF,0.2657952069716775,0.8,3.0,,,
6,5,2019-04,up,ET,0.27354497354497354,0.8,10.0,,,
6,5,2019-04,up,XGB,0.16610549943883277,,,0.03,2.0,400.0
6,5,2019-04,dn,RF,0.8360725325305663,0.3,10.0,,,
6,5,2019-04,dn,ET,0.8334265920006961,0.3,10.0,,,
6,5,2019-04,dn,XGB,0.8200454667395499,,,0.03,2.0,200.0
6,5,2019-07,reg,RF,-0.7392910657985157,0.8,3.0,,,
6,5,2019-07,reg,ET,-0.7661835181066405,0.3,3.0,,,
6,5,2019-07,reg,XGB,-0.8023055983326266,,,0.03,2.0,200.0
6,5,2019-07,up,RF,0.460239651416122,0.8,3.0,,,
6,5,2019-07,up,ET,0.4957671957671958,0.8,10.0,,,
6,5,2019-07,up,XGB,0.27721661054994384,,,0.03,2.0,400.0
6,5,2019-07,dn,RF,0.8875019333736439,0.8,10.0,,,
6,5,2019-07,dn,ET,0.861668526541442,0.3,10.0,,,
6,5,2019-07,dn,XGB,0.8826415925133162,,,0.03,2.0,200.0
6,5,2019-10,reg,RF,-0.570263901795672,0.8,3.0,,,
6,5,2019-10,reg,ET,-0.6143150982845457,0.3,3.0,,,
6,5,2019-10,reg,XGB,-0.5625642957064184,,,0.03,3.0,400.0
6,5,2019-10,up,RF,0.45370370370370366,0.8,3.0,,,
6,5,2019-10,up,ET,0.32910052910052906,0.8,10.0,,,
6,5,2019-10,up,XGB,0.22166105499438835,,,0.03,2.0,400.0
6,5,2019-10,dn,RF,0.9225428727866105,0.5,3.0,,,
6,5,2019-10,dn,ET,0.9059696612035145,0.3,10.0,,,
6,5,2019-10,dn,XGB,0.923783380402516,,,0.03,2.0,200.0
6,5,2020-01,reg,RF,-0.5245769977846159,0.8,5.0,,,
6,5,2020-01,reg,ET,-0.5267743596999589,0.3,3.0,,,
6,5,2020-01,reg,XGB,-0.4730315833113661,,,0.03,4.0,400.0
6,5,2020-01,up,RF,0.19444444444444442,0.3,3.0,,,
6,5,2020-01,up,ET,0.2222222222222222,0.8,10.0,,,
6,5,2020-01,up,XGB,0.1111111111111111,,,0.03,2.0,400.0
6,5,2020-01,dn,RF,0.9196962661288285,0.8,5.0,,,
6,5,2020-01,dn,ET,0.9154750800603203,0.5,5.0,,,
6,5,2020-01,dn,XGB,0.9114738667409009,,,0.03,3.0,200.0
6,5,2020-04,reg,RF,-0.720202870605697,0.8,5.0,,,
6,5,2020-04,reg,ET,-0.6424939985416941,0.3,10.0,,,
6,5,2020-04,reg,XGB,-0.5885317584641734,,,0.1,3.0,200.0
6,5,2020-04,up,RF,0.19172113289760348,0.3,5.0,,,
6,5,2020-04,up,ET,0.14351851851851852,0.3,10.0,,,
6,5,2020-04,up,XGB,0.15046296296296294,,,0.03,2.0,200.0
6,5,2020-04,dn,RF,0.7419160449807721,0.3,3.0,,,
6,5,2020-04,dn,ET,0.7449181323411554,0.8,5.0,,,
6,5,2020-04,dn,XGB,0.747581098271167,,,0.1,2.0,200.0
6,5,2020-07,reg,RF,-0.9576807365940878,0.8,5.0,,,
6,5,2020-07,reg,ET,-0.8761190778469358,0.3,10.0,,,
6,5,2020-07,reg,XGB,-0.814197420166101,,,0.03,4.0,400.0
6,5,2020-07,up,RF,0.4091153127917833,0.3,5.0,,,
6,5,2020-07,up,ET,0.38768072885719945,0.8,10.0,,,
6,5,2020-07,up,XGB,0.4498677248677248,,,0.03,2.0,400.0
6,5,2020-07,dn,RF,0.6051117554943296,0.8,10.0,,,
6,5,2020-07,dn,ET,0.5208208069552607,0.8,5.0,,,
6,5,2020-07,dn,XGB,0.5614189059462168,,,0.1,2.0,200.0
6,5,2020-10,reg,RF,-1.0335571849313754,0.8,5.0,,,
6,5,2020-10,reg,ET,-1.0235295777293467,0.3,10.0,,,
6,5,2020-10,reg,XGB,-0.9383717172110777,,,0.1,3.0,200.0
6,5,2020-10,up,RF,0.6972222222222223,0.3,10.0,,,
6,5,2020-10,up,ET,0.6651861361828683,0.5,10.0,,,
6,5,2020-10,up,XGB,0.6829695767195766,,,0.03,4.0,200.0
6,5,2020-10,dn,RF,0.3409090909090909,0.5,10.0,,,
6,5,2020-10,dn,ET,0.2523809523809524,0.8,5.0,,,
6,5,2020-10,dn,XGB,0.28850373482726427,,,0.1,2.0,200.0
6,5,2021-01,reg,RF,-1.174976005178803,0.8,5.0,,,
6,5,2021-01,reg,ET,-1.2178313859146512,0.8,5.0,,,
6,5,2021-01,reg,XGB,-1.1450353125106687,,,0.03,3.0,200.0
6,5,2021-01,up,RF,0.7743229257756447,0.3,10.0,,,
6,5,2021-01,up,ET,0.8218114135173392,0.3,5.0,,,
6,5,2021-01,up,XGB,0.8011618806143557,,,0.1,3.0,200.0
6,5,2021-01,dn,RF,0.16666666666666666,0.5,10.0,,,
6,5,2021-01,dn,ET,0.08333333333333333,0.3,3.0,,,
6,5,2021-01,dn,XGB,0.16666666666666666,,,0.03,2.0,200.0
6,5,2021-04,reg,RF,-1.4733413516054288,0.8,3.0,,,
6,5,2021-04,reg,ET,-1.612529833796132,0.8,3.0,,,
6,5,2021-04,reg,XGB,-1.3926597849221525,,,0.03,2.0,400.0
6,5,2021-04,up,RF,0.8239599401115386,0.5,5.0,,,
6,5,2021-04,up,ET,0.8745683191594816,0.3,5.0,,,
6,5,2021-04,up,XGB,0.7850435633639986,,,0.1,2.0,200.0
6,5,2021-04,dn,RF,0.0,0.3,3.0,,,
6,5,2021-04,dn,ET,0.0,0.3,3.0,,,
6,5,2021-04,dn,XGB,0.0,,,0.03,2.0,200.0
6,5,2021-07,reg,RF,-1.7604462859102474,0.8,10.0,,,
6,5,2021-07,reg,ET,-1.8621412192840703,0.8,3.0,,,
6,5,2021-07,reg,XGB,-1.7172996376342284,,,0.03,2.0,400.0
6,5,2021-07,up,RF,0.8474711978467218,0.3,5.0,,,
6,5,2021-07,up,ET,0.8603411199404901,0.3,5.0,,,
6,5,2021-07,up,XGB,0.8150181923569196,,,0.1,2.0,200.0
6,5,2021-07,dn,RF,0.0,0.3,3.0,,,
6,5,2021-07,dn,ET,0.0,0.3,3.0,,,
6,5,2021-07,dn,XGB,0.0,,,0.03,2.0,200.0
6,5,2021-10,reg,RF,-1.5535639047852328,0.3,5.0,,,
6,5,2021-10,reg,ET,-1.6065690960022687,0.8,5.0,,,
6,5,2021-10,reg,XGB,-1.68882481806343,,,0.03,2.0,400.0
6,5,2021-10,up,RF,0.8930996425109452,0.3,3.0,,,
6,5,2021-10,up,ET,0.9004619959865597,0.3,3.0,,,
6,5,2021-10,up,XGB,0.9062695512698324,,,0.1,2.0,400.0
6,5,2021-10,dn,RF,0.0,0.3,3.0,,,
6,5,2021-10,dn,ET,0.0,0.3,3.0,,,
6,5,2021-10,dn,XGB,0.0,,,0.03,2.0,200.0
6,5,2022-01,reg,RF,-1.105310625943358,0.3,5.0,,,
6,5,2022-01,reg,ET,-1.075635676290471,0.8,10.0,,,
6,5,2022-01,reg,XGB,-1.2746569546764728,,,0.03,3.0,200.0
6,5,2022-01,up,RF,0.9130355296927645,0.3,10.0,,,
6,5,2022-01,up,ET,0.905978964234206,0.8,5.0,,,
6,5,2022-01,up,XGB,0.9098928700761416,,,0.03,2.0,200.0
6,5,2022-01,dn,RF,0.0,0.3,3.0,,,
6,5,2022-01,dn,ET,0.0,0.3,3.0,,,
6,5,2022-01,dn,XGB,0.0,,,0.03,2.0,200.0
6,5,2022-04,reg,RF,-0.7774308417885889,0.3,5.0,,,
6,5,2022-04,reg,ET,-0.7450923031101172,0.8,10.0,,,
6,5,2022-04,reg,XGB,-0.9717186483067449,,,0.03,2.0,200.0
6,5,2022-04,up,RF,0.9204514456973228,0.5,10.0,,,
6,5,2022-04,up,ET,0.8964915014194443,0.8,10.0,,,
6,5,2022-04,up,XGB,0.9109905151237824,,,0.03,3.0,200.0
6,5,2022-04,dn,RF,0.3333333333333333,0.3,3.0,,,
6,5,2022-04,dn,ET,0.3333333333333333,0.3,5.0,,,
6,5,2022-04,dn,XGB,0.3333333333333333,,,0.03,2.0,200.0
6,5,2022-07,reg,RF,-0.8278097868237548,0.3,3.0,,,
6,5,2022-07,reg,ET,-0.8458694711538474,0.5,10.0,,,
6,5,2022-07,reg,XGB,-0.8371670654628711,,,0.03,4.0,200.0
6,5,2022-07,up,RF,0.9619903159107333,0.3,10.0,,,
6,5,2022-07,up,ET,0.9430507620545124,0.8,10.0,,,
6,5,2022-07,up,XGB,0.946928631505064,,,0.03,3.0,200.0
6,5,2022-07,dn,RF,0.6388888888888888,0.3,10.0,,,
6,5,2022-07,dn,ET,0.6388888888888888,0.3,3.0,,,
6,5,2022-07,dn,XGB,0.6666666666666666,,,0.1,2.0,200.0
6,5,2022-10,reg,RF,-0.8737164513055778,0.3,3.0,,,
6,5,2022-10,reg,ET,-0.9093966297155909,0.3,5.0,,,
6,5,2022-10,reg,XGB,-0.9813070255320122,,,0.03,2.0,200.0
6,5,2022-10,up,RF,0.9565255141769518,0.8,10.0,,,
6,5,2022-10,up,ET,0.9521098942321474,0.8,5.0,,,
6,5,2022-10,up,XGB,0.9415396146570835,,,0.03,2.0,200.0
6,5,2022-10,dn,RF,1.0,0.3,10.0,,,
6,5,2022-10,dn,ET,0.980952380952381,0.3,10.0,,,
6,5,2022-10,dn,XGB,0.9888888888888889,,,0.03,2.0,200.0
6,5,2023-01,reg,RF,-0.8606207901497939,0.3,10.0,,,
6,5,2023-01,reg,ET,-0.777236167965861,0.3,5.0,,,
6,5,2023-01,reg,XGB,-0.9658158557736143,,,0.1,3.0,200.0
6,5,2023-01,up,RF,0.903145219532289,0.5,5.0,,,
6,5,2023-01,up,ET,0.9164192253042076,0.5,10.0,,,
6,5,2023-01,up,XGB,0.9190921123943799,,,0.03,2.0,200.0
6,5,2023-01,dn,RF,1.0,0.3,10.0,,,
6,5,2023-01,dn,ET,0.9703703703703703,0.3,10.0,,,
6,5,2023-01,dn,XGB,0.9888888888888889,,,0.03,2.0,200.0
6,5,2023-04,reg,RF,-0.8854274079180877,0.3,10.0,,,
6,5,2023-04,reg,ET,-0.789487873715601,0.3,5.0,,,
6,5,2023-04,reg,XGB,-1.1488154374393902,,,0.1,4.0,400.0
6,5,2023-04,up,RF,0.7629316561808624,0.3,3.0,,,
6,5,2023-04,up,ET,0.7965611996011628,0.3,10.0,,,
6,5,2023-04,up,XGB,0.8404094925070614,,,0.03,4.0,200.0
6,5,2023-04,dn,RF,0.948083407974169,0.3,10.0,,,
6,5,2023-04,dn,ET,0.9128823919065397,0.5,5.0,,,
6,5,2023-04,dn,XGB,0.939764708096351,,,0.03,4.0,200.0
6,5,2023-07,reg,RF,-0.9455733175363807,0.3,10.0,,,
6,5,2023-07,reg,ET,-0.7990912347102895,0.5,5.0,,,
6,5,2023-07,reg,XGB,-0.9205570203503518,,,0.1,3.0,200.0
6,5,2023-07,up,RF,0.43368101805601816,0.8,3.0,,,
6,5,2023-07,up,ET,0.4809976417774406,0.3,5.0,,,
6,5,2023-07,up,XGB,0.5239944574155562,,,0.03,4.0,200.0
6,5,2023-07,dn,RF,0.8931774244721958,0.5,10.0,,,
6,5,2023-07,dn,ET,0.8758162157412995,0.5,10.0,,,
6,5,2023-07,dn,XGB,0.8540929143682842,,,0.03,4.0,200.0
6,5,2023-10,reg,RF,-0.791207146568255,0.3,3.0,,,
6,5,2023-10,reg,ET,-0.7228380931471671,0.8,3.0,,,
6,5,2023-10,reg,XGB,-0.7916730719204458,,,0.03,4.0,200.0
6,5,2023-10,up,RF,0.1517989417989418,0.8,5.0,,,
6,5,2023-10,up,ET,0.18474747474747474,0.3,10.0,,,
6,5,2023-10,up,XGB,0.24786324786324787,,,0.03,4.0,400.0
6,5,2023-10,dn,RF,0.7675706229361392,0.8,10.0,,,
6,5,2023-10,dn,ET,0.7717641142060166,0.5,10.0,,,
6,5,2023-10,dn,XGB,0.7553093758373843,,,0.1,3.0,200.0
6,5,2024-01,reg,RF,-0.6701124689808265,0.5,10.0,,,
6,5,2024-01,reg,ET,-0.6218143216114477,0.8,10.0,,,
6,5,2024-01,reg,XGB,-0.60532076926493,,,0.03,2.0,200.0
6,5,2024-01,up,RF,0.26020892687559355,0.8,3.0,,,
6,5,2024-01,up,ET,0.24444444444444444,0.3,3.0,,,
6,5,2024-01,up,XGB,0.3333333333333333,,,0.1,2.0,200.0
6,5,2024-01,dn,RF,0.5539204794634093,0.3,5.0,,,
6,5,2024-01,dn,ET,0.8716181235758448,0.3,10.0,,,
6,5,2024-01,dn,XGB,0.7272406664257481,,,0.1,2.0,400.0
6,5,2024-04,reg,RF,-0.5805284458233898,0.8,10.0,,,
6,5,2024-04,reg,ET,-0.5832202818023775,0.8,10.0,,,
6,5,2024-04,reg,XGB,-0.5434270316135387,,,0.03,3.0,200.0
6,5,2024-04,up,RF,0.505204978297724,0.3,10.0,,,
6,5,2024-04,up,ET,0.4392866536897679,0.3,10.0,,,
6,5,2024-04,up,XGB,0.5769158502585929,,,0.1,4.0,400.0
6,5,2024-04,dn,RF,0.6741583886592027,0.5,5.0,,,
6,5,2024-04,dn,ET,0.9171704302139085,0.8,3.0,,,
6,5,2024-04,dn,XGB,0.8773646374762999,,,0.1,2.0,400.0
6,5,2024-07,reg,RF,-0.5648459166123617,0.3,10.0,,,
6,5,2024-07,reg,ET,-0.6072647294740355,0.8,10.0,,,
6,5,2024-07,reg,XGB,-0.541481732058926,,,0.03,3.0,200.0
6,5,2024-07,up,RF,0.7225006517442237,0.8,10.0,,,
6,5,2024-07,up,ET,0.6219952047842259,0.3,10.0,,,
6,5,2024-07,up,XGB,0.7297258316063481,,,0.03,3.0,200.0
6,5,2024-07,dn,RF,0.6884670033007628,0.3,3.0,,,
6,5,2024-07,dn,ET,0.9888888888888889,0.5,3.0,,,
6,5,2024-07,dn,XGB,0.6620370370370371,,,0.1,3.0,400.0
6,5,2024-10,reg,RF,-0.5428738318253926,0.3,10.0,,,
6,5,2024-10,reg,ET,-0.5738103470909748,0.8,10.0,,,
6,5,2024-10,reg,XGB,-0.5601970805545237,,,0.03,3.0,200.0
6,5,2024-10,up,RF,0.6927313125822409,0.8,10.0,,,
6,5,2024-10,up,ET,0.5831732740985761,0.3,5.0,,,
6,5,2024-10,up,XGB,0.6859879223051629,,,0.03,3.0,200.0
6,5,2024-10,dn,RF,0.813960113960114,0.3,10.0,,,
6,5,2024-10,dn,ET,1.0,0.5,3.0,,,
6,5,2024-10,dn,XGB,0.8830994152046783,,,0.1,4.0,200.0
6,5,2025-01,reg,RF,-0.5003181224128489,0.3,3.0,,,
6,5,2025-01,reg,ET,-0.49611302142337554,0.8,5.0,,,
6,5,2025-01,reg,XGB,-0.5390441733719685,,,0.03,3.0,200.0
6,5,2025-01,up,RF,0.76924526608904,0.8,10.0,,,
6,5,2025-01,up,ET,0.7009064488518798,0.5,3.0,,,
6,5,2025-01,up,XGB,0.7703432911532436,,,0.03,3.0,200.0
6,5,2025-01,dn,RF,0.8419465329991646,0.3,3.0,,,
6,5,2025-01,dn,ET,1.0,0.5,3.0,,,
6,5,2025-01,dn,XGB,0.9286549707602338,,,0.03,3.0,200.0
6,5,2025-04,reg,RF,-0.428573371939965,0.3,3.0,,,
6,5,2025-04,reg,ET,-0.4072186203106949,0.8,5.0,,,
6,5,2025-04,reg,XGB,-0.45062918055400053,,,0.03,3.0,200.0
6,5,2025-04,up,RF,0.8719311781747283,0.3,10.0,,,
6,5,2025-04,up,ET,0.844850973313617,0.8,10.0,,,
6,5,2025-04,up,XGB,0.8995834571353631,,,0.03,4.0,200.0
6,5,2025-04,dn,RF,0.7366666666666667,0.3,5.0,,,
6,5,2025-04,dn,ET,1.0,0.3,3.0,,,
6,5,2025-04,dn,XGB,0.8222222222222223,,,0.1,4.0,400.0
6,5,2025-07,reg,RF,-0.3374827849390026,0.3,3.0,,,
6,5,2025-07,reg,ET,-0.3222644904997123,0.5,10.0,,,
6,5,2025-07,reg,XGB,-0.3423630957621373,,,0.03,2.0,200.0
6,5,2025-07,up,RF,0.7987920889436042,0.3,3.0,,,
6,5,2025-07,up,ET,0.8291967291967293,0.5,10.0,,,
6,5,2025-07,up,XGB,0.8225538210386696,,,0.03,2.0,400.0
6,5,2025-07,dn,RF,0.41999999999999993,0.3,3.0,,,
6,5,2025-07,dn,ET,0.6666666666666666,0.3,3.0,,,
6,5,2025-07,dn,XGB,0.4888888888888889,,,0.03,4.0,200.0
6,5,2025-10,reg,RF,-0.31597826183292926,0.3,10.0,,,
6,5,2025-10,reg,ET,-0.3180739700894757,0.5,10.0,,,
6,5,2025-10,reg,XGB,-0.3352530894690641,,,0.03,2.0,200.0
6,5,2025-10,up,RF,0.7421393421393422,0.3,10.0,,,
6,5,2025-10,up,ET,0.7529550556065706,0.8,10.0,,,
6,5,2025-10,up,XGB,0.7646327297842449,,,0.03,2.0,200.0
6,5,2025-10,dn,RF,0.1111111111111111,0.3,3.0,,,
6,5,2025-10,dn,ET,0.3333333333333333,0.3,3.0,,,
6,5,2025-10,dn,XGB,0.08333333333333333,,,0.03,2.0,200.0
6,5,2026-01,reg,RF,-0.358328842977357,0.3,3.0,,,
6,5,2026-01,reg,ET,-0.34413563524652035,0.8,10.0,,,
6,5,2026-01,reg,XGB,-0.3782132458962717,,,0.03,2.0,200.0
6,5,2026-01,up,RF,0.7528370515689357,0.3,10.0,,,
6,5,2026-01,up,ET,0.769252162144319,0.8,10.0,,,
6,5,2026-01,up,XGB,0.7724045042027498,,,0.03,2.0,200.0
6,5,2026-01,dn,RF,0.0,0.3,3.0,,,
6,5,2026-01,dn,ET,0.0,0.3,3.0,,,
6,5,2026-01,dn,XGB,0.0,,,0.03,2.0,200.0
3,4,2018-01,reg,RF,-0.33162078152645574,0.8,10.0,,,
3,4,2018-01,reg,ET,-0.35714837336600785,0.8,10.0,,,
3,4,2018-01,reg,XGB,-0.4072831440121201,,,0.03,3.0,200.0
3,4,2018-01,dn,RF,,0.3,3.0,,,
3,4,2018-01,dn,ET,,0.3,3.0,,,
3,4,2018-01,dn,XGB,,,,0.03,2.0,200.0
3,4,2018-04,reg,RF,-0.23529163175671183,0.8,10.0,,,
3,4,2018-04,reg,ET,-0.2560009563227804,0.5,10.0,,,
3,4,2018-04,reg,XGB,-0.35841934232065037,,,0.03,3.0,200.0
3,4,2018-04,dn,RF,0.6446078431372549,0.5,3.0,,,
3,4,2018-04,dn,ET,0.6105339105339106,0.8,3.0,,,
3,4,2018-04,dn,XGB,0.29497495968084203,,,0.03,2.0,400.0
3,4,2018-07,reg,RF,-0.22372315839148293,0.3,10.0,,,
3,4,2018-07,reg,ET,-0.24525259469932373,0.5,10.0,,,
3,4,2018-07,reg,XGB,-0.3503718132187042,,,0.03,3.0,200.0
3,4,2018-07,dn,RF,0.7471210706504824,0.5,3.0,,,
3,4,2018-07,dn,ET,0.7390763997906854,0.5,3.0,,,
3,4,2018-07,dn,XGB,0.4678033467507152,,,0.03,2.0,400.0
3,4,2018-10,reg,RF,-0.2385913758409798,0.3,3.0,,,
3,4,2018-10,reg,ET,-0.24338267956768256,0.8,3.0,,,
3,4,2018-10,reg,XGB,-0.33759883765232673,,,0.03,3.0,200.0
3,4,2018-10,dn,RF,0.8987035382971342,0.3,5.0,,,
3,4,2018-10,dn,ET,0.9244465851608709,0.8,3.0,,,
3,4,2018-10,dn,XGB,0.708278752986991,,,0.03,3.0,400.0
3,4,2019-01,reg,RF,-0.3584377187764501,0.5,5.0,,,
3,4,2019-01,reg,ET,-0.35241664548134594,0.8,3.0,,,
3,4,2019-01,reg,XGB,-0.37316974111555123,,,0.03,3.0,400.0
3,4,2019-01,up,RF,0.03986928104575164,0.8,10.0,,,
3,4,2019-01,up,ET,0.05808080808080809,0.5,10.0,,,
3,4,2019-01,up,XGB,0.061111111111111116,,,0.03,2.0,200.0
3,4,2019-01,dn,RF,0.9237035382971343,0.3,5.0,,,
3,4,2019-01,dn,ET,0.9450091575091575,0.5,5.0,,,
3,4,2019-01,dn,XGB,0.7813125783234479,,,0.03,2.0,200.0
3,4,2019-04,reg,RF,-0.4032635637132353,0.8,5.0,,,
3,4,2019-04,reg,ET,-0.4071163077928037,0.8,3.0,,,
3,4,2019-04,reg,XGB,-0.40062662202216376,,,0.03,3.0,200.0
3,4,2019-04,up,RF,0.23431372549019605,0.8,10.0,,,
3,4,2019-04,up,ET,0.29084967320261434,0.5,3.0,,,
3,4,2019-04,up,XGB,0.33189033189033185,,,0.03,2.0,400.0
3,4,2019-04,dn,RF,0.9395699102478631,0.5,5.0,,,
3,4,2019-04,dn,ET,0.8445207570207569,0.3,3.0,,,
3,4,2019-04,dn,XGB,0.9109039812844161,,,0.03,2.0,400.0
3,4,2019-07,reg,RF,-0.3789970850271079,0.8,5.0,,,
3,4,2019-07,reg,ET,-0.3628233140281996,0.3,3.0,,,
3,4,2019-07,reg,XGB,-0.3306679756828817,,,0.1,3.0,400.0
3,4,2019-07,up,RF,0.23431372549019605,0.8,10.0,,,
3,4,2019-07,up,ET,0.29084967320261434,0.5,3.0,,,
3,4,2019-07,up,XGB,0.33189033189033185,,,0.03,2.0,400.0
3,4,2019-07,dn,RF,0.8488924717639889,0.5,5.0,,,
3,4,2019-07,dn,ET,0.7227998509345258,0.3,10.0,,,
3,4,2019-07,dn,XGB,0.8860445718998351,,,0.1,3.0,400.0
3,4,2019-10,reg,RF,-0.2774018234187472,0.8,10.0,,,
3,4,2019-10,reg,ET,-0.26438933945356347,0.3,3.0,,,
3,4,2019-10,reg,XGB,-0.2477419634401459,,,0.1,4.0,400.0
3,4,2019-10,up,RF,0.19444444444444442,0.3,3.0,,,
3,4,2019-10,up,ET,0.27777777777777773,0.5,3.0,,,
3,4,2019-10,up,XGB,0.27777777777777773,,,0.03,2.0,400.0
3,4,2019-10,dn,RF,0.7775759734093067,0.5,10.0,,,
3,4,2019-10,dn,ET,0.6889656626133235,0.3,3.0,,,
3,4,2019-10,dn,XGB,0.7659991436033103,,,0.1,2.0,200.0
3,4,2020-01,reg,RF,-0.2585519544039077,0.8,10.0,,,
3,4,2020-01,reg,ET,-0.2514422334656821,0.3,3.0,,,
3,4,2020-01,reg,XGB,-0.2387967474839167,,,0.03,3.0,400.0
3,4,2020-01,up,RF,0.0,0.3,3.0,,,
3,4,2020-01,up,ET,0.0,0.3,3.0,,,
3,4,2020-01,up,XGB,0.0,,,0.03,2.0,200.0
3,4,2020-01,dn,RF,0.5008013923863598,0.3,5.0,,,
3,4,2020-01,dn,ET,0.44434578412261594,0.3,3.0,,,
3,4,2020-01,dn,XGB,0.43691518413385416,,,0.1,2.0,400.0
3,4,2020-04,reg,RF,-0.30523394806820653,0.8,10.0,,,
3,4,2020-04,reg,ET,-0.3402019684768203,0.3,3.0,,,
3,4,2020-04,reg,XGB,-0.28176715834243393,,,0.03,4.0,200.0
3,4,2020-04,up,RF,0.22685185185185186,0.3,10.0,,,
3,4,2020-04,up,ET,0.3333333333333333,0.8,3.0,,,
3,4,2020-04,up,XGB,0.1962962962962963,,,0.03,2.0,200.0
3,4,2020-04,dn,RF,0.2661799952649626,0.5,5.0,,,
3,4,2020-04,dn,ET,0.24240039795595356,0.3,3.0,,,
3,4,2020-04,dn,XGB,0.1922592676978642,,,0.1,2.0,200.0
3,4,2020-07,reg,RF,-0.2906761651663538,0.8,10.0,,,
3,4,2020-07,reg,ET,-0.347036950348468,0.8,5.0,,,
3,4,2020-07,reg,XGB,-0.28894419416841766,,,0.03,3.0,200.0
3,4,2020-07,up,RF,0.5231481481481481,0.3,5.0,,,
3,4,2020-07,up,ET,0.65,0.8,3.0,,,
3,4,2020-07,up,XGB,0.4810185185185185,,,0.03,2.0,200.0
3,4,2020-07,dn,RF,0.0,0.3,3.0,,,
3,4,2020-07,dn,ET,0.0,0.3,3.0,,,
3,4,2020-07,dn,XGB,0.0,,,0.03,2.0,200.0
3,4,2020-10,reg,RF,-0.2986085232715255,0.8,5.0,,,
3,4,2020-10,reg,ET,-0.3467039330315047,0.8,5.0,,,
3,4,2020-10,reg,XGB,-0.29266002537899194,,,0.03,3.0,400.0
3,4,2020-10,up,RF,0.7985185185185185,0.3,5.0,,,
3,4,2020-10,up,ET,0.8379629629629629,0.8,5.0,,,
3,4,2020-10,up,XGB,0.7651515151515151,,,0.03,2.0,200.0
3,4,2020-10,dn,RF,0.0,0.3,3.0,,,
3,4,2020-10,dn,ET,0.0,0.3,3.0,,,
3,4,2020-10,dn,XGB,0.0,,,0.03,2.0,200.0
3,4,2021-01,reg,RF,-0.3903105971191961,0.5,5.0,,,
3,4,2021-01,reg,ET,-0.4337611716589629,0.8,3.0,,,
3,4,2021-01,reg,XGB,-0.3746076576625101,,,0.1,3.0,200.0
3,4,2021-01,up,RF,0.8968954248366013,0.3,5.0,,,
3,4,2021-01,up,ET,0.8823576264436479,0.3,3.0,,,
3,4,2021-01,up,XGB,0.8417847503373818,,,0.03,2.0,400.0
3,4,2021-01,dn,RF,0.0,0.3,3.0,,,
3,4,2021-01,dn,ET,0.0,0.3,3.0,,,
3,4,2021-01,dn,XGB,0.0,,,0.03,2.0,200.0
3,4,2021-04,reg,RF,-0.595196141994213,0.8,5.0,,,
3,4,2021-04,reg,ET,-0.6467760360069875,0.8,3.0,,,
3,4,2021-04,reg,XGB,-0.5669208314180957,,,0.1,2.0,400.0
3,4,2021-04,up,RF,0.8404217711060245,0.5,5.0,,,
3,4,2021-04,up,ET,0.8254127212783713,0.3,3.0,,,
3,4,2021-04,up,XGB,0.839055116681446,,,0.1,2.0,400.0
3,4,2021-04,dn,RF,0.0,0.3,3.0,,,
3,4,2021-04,dn,ET,0.0,0.3,3.0,,,
3,4,2021-04,dn,XGB,0.0,,,0.03,2.0,200.0
3,4,2021-07,reg,RF,-0.7002642768282028,0.8,5.0,,,
3,4,2021-07,reg,ET,-0.7695716812557941,0.3,5.0,,,
3,4,2021-07,reg,XGB,-0.7227084696359839,,,0.03,4.0,200.0
3,4,2021-07,up,RF,0.7720112123884517,0.3,10.0,,,
3,4,2021-07,up,ET,0.7732795584895644,0.3,3.0,,,
3,4,2021-07,up,XGB,0.7109553217831998,,,0.03,3.0,200.0
3,4,2021-07,dn,RF,0.0,0.3,3.0,,,
3,4,2021-07,dn,ET,0.0,0.3,3.0,,,
3,4,2021-07,dn,XGB,0.0,,,0.03,2.0,200.0
3,4,2021-10,reg,RF,-0.5915135717899764,0.8,3.0,,,
3,4,2021-10,reg,ET,-0.6065824352337653,0.5,10.0,,,
3,4,2021-10,reg,XGB,-0.5706697369833249,,,0.1,3.0,400.0
3,4,2021-10,up,RF,0.7568240380609592,0.5,3.0,,,
3,4,2021-10,up,ET,0.7655796143561031,0.5,5.0,,,
3,4,2021-10,up,XGB,0.710481582561771,,,0.1,3.0,400.0
3,4,2021-10,dn,RF,0.0,0.3,3.0,,,
3,4,2021-10,dn,ET,0.0,0.3,3.0,,,
3,4,2021-10,dn,XGB,0.0,,,0.03,2.0,200.0
3,4,2022-01,reg,RF,-0.46122671506118573,0.8,5.0,,,
3,4,2022-01,reg,ET,-0.4227423179829568,0.3,10.0,,,
3,4,2022-01,reg,XGB,-0.39942322437985295,,,0.1,3.0,400.0
3,4,2022-01,up,RF,0.8114827532384451,0.8,3.0,,,
3,4,2022-01,up,ET,0.8173842130973359,0.3,5.0,,,
3,4,2022-01,up,XGB,0.7620224457257542,,,0.03,3.0,400.0
3,4,2022-01,dn,RF,0.0,0.3,3.0,,,
3,4,2022-01,dn,ET,0.0,0.3,3.0,,,
3,4,2022-01,dn,XGB,0.0,,,0.03,2.0,200.0
3,4,2022-04,reg,RF,-0.3773984148647969,0.3,5.0,,,
3,4,2022-04,reg,ET,-0.40866643974802547,0.5,5.0,,,
3,4,2022-04,reg,XGB,-0.37783542962109484,,,0.03,4.0,200.0
3,4,2022-04,up,RF,0.8954361573507202,0.3,10.0,,,
3,4,2022-04,up,ET,0.8805960167277102,0.8,10.0,,,
3,4,2022-04,up,XGB,0.864149854715896,,,0.03,2.0,400.0
3,4,2022-04,dn,RF,0.1492374727668845,0.3,10.0,,,
3,4,2022-04,dn,ET,0.17592592592592593,0.3,10.0,,,
3,4,2022-04,dn,XGB,0.15695415695415696,,,0.03,3.0,200.0
3,4,2022-07,reg,RF,-0.40079943398202406,0.3,3.0,,,
3,4,2022-07,reg,ET,-0.4074402447214984,0.5,5.0,,,
3,4,2022-07,reg,XGB,-0.41049704775782603,,,0.1,2.0,200.0
3,4,2022-07,up,RF,0.9083610567079546,0.3,5.0,,,
3,4,2022-07,up,ET,0.9015969016681801,0.8,5.0,,,
3,4,2022-07,up,XGB,0.8737158687441827,,,0.03,2.0,400.0
3,4,2022-07,dn,RF,0.533011272141707,0.5,10.0,,,
3,4,2022-07,dn,ET,0.5148148148148147,0.3,10.0,,,
3,4,2022-07,dn,XGB,0.49444444444444446,,,0.03,3.0,200.0
3,4,2022-10,reg,RF,-0.3784555649711492,0.3,10.0,,,
3,4,2022-10,reg,ET,-0.33295100724319204,0.3,3.0,,,
3,4,2022-10,reg,XGB,-0.4407683346167737,,,0.03,3.0,200.0
3,4,2022-10,up,RF,0.8948675332603903,0.3,10.0,,,
3,4,2022-10,up,ET,0.8801718013027537,0.8,10.0,,,
3,4,2022-10,up,XGB,0.8396479636781479,,,0.03,2.0,200.0
3,4,2022-10,dn,RF,0.8121693121693122,0.3,10.0,,,
3,4,2022-10,dn,ET,0.8107890499194846,0.8,5.0,,,
3,4,2022-10,dn,XGB,0.7489417989417989,,,0.03,3.0,200.0
3,4,2023-01,reg,RF,-0.3131674336292593,0.3,10.0,,,
3,4,2023-01,reg,ET,-0.2751599396765742,0.5,3.0,,,
3,4,2023-01,reg,XGB,-0.41008506260038285,,,0.03,2.0,400.0
3,4,2023-01,up,RF,0.5763174634007967,0.8,5.0,,,
3,4,2023-01,up,ET,0.5662789189749974,0.8,5.0,,,
3,4,2023-01,up,XGB,0.5514653556320223,,,0.03,2.0,200.0
3,4,2023-01,dn,RF,0.9801587301587301,0.8,5.0,,,
3,4,2023-01,dn,ET,0.9758812615955472,0.5,3.0,,,
3,4,2023-01,dn,XGB,0.9384920634920634,,,0.03,2.0,400.0
3,4,2023-04,reg,RF,-0.35714188894345633,0.3,10.0,,,
3,4,2023-04,reg,ET,-0.3211061357685316,0.8,10.0,,,
3,4,2023-04,reg,XGB,-0.35933031084292155,,,0.1,2.0,400.0
3,4,2023-04,up,RF,0.3096330367163701,0.8,10.0,,,
3,4,2023-04,up,ET,0.2905985807946593,0.3,10.0,,,
3,4,2023-04,up,XGB,0.28496611413278083,,,0.03,3.0,200.0
3,4,2023-04,dn,RF,0.8957179247767483,0.8,5.0,,,
3,4,2023-04,dn,ET,0.8911250033610282,0.8,10.0,,,
3,4,2023-04,dn,XGB,0.8899444003383198,,,0.1,4.0,200.0
3,4,2023-07,reg,RF,-0.37643269079298064,0.3,3.0,,,
3,4,2023-07,reg,ET,-0.3657292722242709,0.5,10.0,,,
3,4,2023-07,reg,XGB,-0.372496674297055,,,0.03,3.0,400.0
3,4,2023-07,up,RF,0.0,0.3,3.0,,,
3,4,2023-07,up,ET,0.0,0.3,3.0,,,
3,4,2023-07,up,XGB,0.0,,,0.03,2.0,200.0
3,4,2023-07,dn,RF,0.8911974082562318,0.3,5.0,,,
3,4,2023-07,dn,ET,0.8347180147691656,0.3,3.0,,,
3,4,2023-07,dn,XGB,0.866041802035954,,,0.1,4.0,400.0
3,4,2023-10,reg,RF,-0.33912670283999863,0.3,5.0,,,
3,4,2023-10,reg,ET,-0.3600367982317567,0.5,5.0,,,
3,4,2023-10,reg,XGB,-0.3449750789329977,,,0.1,2.0,400.0
3,4,2023-10,up,RF,0.0,0.3,3.0,,,
3,4,2023-10,up,ET,0.0,0.3,3.0,,,
3,4,2023-10,up,XGB,0.0,,,0.03,2.0,200.0
3,4,2023-10,dn,RF,0.8854197717990822,0.5,3.0,,,
3,4,2023-10,dn,ET,0.7984866064156244,0.3,3.0,,,
3,4,2023-10,dn,XGB,0.7142120444550174,,,0.03,3.0,200.0
3,4,2024-01,reg,RF,-0.29070509171931386,0.3,10.0,,,
3,4,2024-01,reg,ET,-0.31160852047789206,0.8,10.0,,,
3,4,2024-01,reg,XGB,-0.29021110899079466,,,0.03,2.0,200.0
3,4,2024-01,up,RF,0.2756410256410256,0.3,3.0,,,
3,4,2024-01,up,ET,0.2833333333333333,0.8,3.0,,,
3,4,2024-01,up,XGB,0.3055555555555555,,,0.1,3.0,200.0
3,4,2024-01,dn,RF,0.5985997541553097,0.3,3.0,,,
3,4,2024-01,dn,ET,0.5223592089089165,0.8,3.0,,,
3,4,2024-01,dn,XGB,0.5504208754208754,,,0.03,2.0,200.0
3,4,2024-04,reg,RF,-0.2621586867189632,0.8,5.0,,,
3,4,2024-04,reg,ET,-0.2647685544321976,0.8,10.0,,,
3,4,2024-04,reg,XGB,-0.21966302927491585,,,0.03,2.0,200.0
3,4,2024-04,up,RF,0.35714285714285715,0.5,10.0,,,
3,4,2024-04,up,ET,0.31363636363636366,0.8,5.0,,,
3,4,2024-04,up,XGB,0.33749999999999997,,,0.1,2.0,400.0
3,4,2024-04,dn,RF,0.3333333333333333,0.3,3.0,,,
3,4,2024-04,dn,ET,0.3333333333333333,0.3,3.0,,,
3,4,2024-04,dn,XGB,0.25,,,0.1,3.0,200.0
3,4,2024-07,reg,RF,-0.2426300580909543,0.5,10.0,,,
3,4,2024-07,reg,ET,-0.2471688662350354,0.8,5.0,,,
3,4,2024-07,reg,XGB,-0.2239353185998749,,,0.03,3.0,200.0
3,4,2024-07,up,RF,0.41915954415954415,0.3,10.0,,,
3,4,2024-07,up,ET,0.3738095238095238,0.8,3.0,,,
3,4,2024-07,up,XGB,0.40316091954022987,,,0.1,4.0,200.0
3,4,2024-07,dn,RF,0.07777777777777778,0.3,10.0,,,
3,4,2024-07,dn,ET,0.2518518518518518,0.8,10.0,,,
3,4,2024-07,dn,XGB,0.15555555555555556,,,0.03,2.0,200.0
3,4,2024-10,reg,RF,-0.207410360776776,0.5,5.0,,,
3,4,2024-10,reg,ET,-0.21042114341114215,0.8,3.0,,,
3,4,2024-10,reg,XGB,-0.20660971962811292,,,0.03,4.0,200.0
3,4,2024-10,up,RF,0.4747474747474747,0.5,5.0,,,
3,4,2024-10,up,ET,0.4074074074074074,0.5,10.0,,,
3,4,2024-10,up,XGB,0.44292929292929295,,,0.03,4.0,400.0
3,4,2024-10,dn,RF,0.40684624017957355,0.3,5.0,,,
3,4,2024-10,dn,ET,0.5,0.8,10.0,,,
3,4,2024-10,dn,XGB,0.4531746031746032,,,0.03,4.0,200.0
3,4,2025-01,reg,RF,-0.19698630259522323,0.5,5.0,,,
3,4,2025-01,reg,ET,-0.2022170999638894,0.8,10.0,,,
3,4,2025-01,reg,XGB,-0.19680737407012475,,,0.03,4.0,200.0
3,4,2025-01,up,RF,0.7247474747474746,0.3,5.0,,,
3,4,2025-01,up,ET,0.617989417989418,0.5,5.0,,,
3,4,2025-01,up,XGB,0.7430555555555557,,,0.1,2.0,400.0
3,4,2025-01,dn,RF,0.3972222222222222,0.5,5.0,,,
3,4,2025-01,dn,ET,0.4703703703703704,0.5,3.0,,,
3,4,2025-01,dn,XGB,0.4253968253968254,,,0.03,2.0,200.0
3,4,2025-04,reg,RF,-0.16843833687553356,0.8,10.0,,,
3,4,2025-04,reg,ET,-0.17451999461983814,0.5,5.0,,,
3,4,2025-04,reg,XGB,-0.1688430722766747,,,0.03,2.0,200.0
3,4,2025-04,up,RF,1.0,0.3,5.0,,,
3,4,2025-04,up,ET,0.8698412698412699,0.8,10.0,,,
3,4,2025-04,up,XGB,1.0,,,0.03,3.0,200.0
3,4,2025-04,dn,RF,0.3333333333333333,0.3,3.0,,,
3,4,2025-04,dn,ET,0.3333333333333333,0.3,3.0,,,
3,4,2025-04,dn,XGB,0.3333333333333333,,,0.03,2.0,200.0
3,4,2025-07,reg,RF,-0.14991466361169614,0.3,10.0,,,
3,4,2025-07,reg,ET,-0.1514017181692687,0.5,10.0,,,
3,4,2025-07,reg,XGB,-0.16806284395041304,,,0.03,2.0,200.0
3,4,2025-07,up,RF,0.611111111111111,0.3,3.0,,,
3,4,2025-07,up,ET,0.6666666666666666,0.3,3.0,,,
3,4,2025-07,up,XGB,0.611111111111111,,,0.03,2.0,200.0
3,4,2025-07,dn,RF,0.0,0.3,3.0,,,
3,4,2025-07,dn,ET,0.0,0.3,3.0,,,
3,4,2025-07,dn,XGB,0.0,,,0.03,2.0,200.0
3,4,2025-10,reg,RF,-0.14994103135480544,0.5,10.0,,,
3,4,2025-10,reg,ET,-0.15645650864282593,0.5,10.0,,,
3,4,2025-10,reg,XGB,-0.16461865779260906,,,0.03,4.0,200.0
3,4,2025-10,up,RF,0.3333333333333333,0.3,10.0,,,
3,4,2025-10,up,ET,0.3333333333333333,0.3,3.0,,,
3,4,2025-10,up,XGB,0.27777777777777773,,,0.03,2.0,400.0
3,4,2025-10,dn,RF,0.0,0.3,3.0,,,
3,4,2025-10,dn,ET,0.0,0.3,3.0,,,
3,4,2025-10,dn,XGB,0.0,,,0.03,2.0,200.0
3,4,2026-01,reg,RF,-0.2081282301170615,0.8,10.0,,,
3,4,2026-01,reg,ET,-0.20893963907393406,0.8,10.0,,,
3,4,2026-01,reg,XGB,-0.2058356893355678,,,0.1,4.0,200.0
3,4,2026-01,up,RF,0.29399420024420025,0.5,10.0,,,
3,4,2026-01,up,ET,0.17305526377217553,0.5,10.0,,,
3,4,2026-01,up,XGB,0.31979166666666664,,,0.03,2.0,200.0
3,4,2026-01,dn,RF,0.0,0.3,3.0,,,
3,4,2026-01,dn,ET,0.0,0.3,3.0,,,
3,4,2026-01,dn,XGB,0.0,,,0.03,2.0,200.0
3,4,2026-04,reg,RF,-0.23488959347673835,0.8,10.0,,,
3,4,2026-04,reg,ET,-0.24326297618682532,0.8,3.0,,,
3,4,2026-04,reg,XGB,-0.21951003249506917,,,0.1,3.0,400.0
3,4,2026-04,up,RF,0.6282242063492064,0.5,10.0,,,
3,4,2026-04,up,ET,0.5241302678802678,0.8,10.0,,,
3,4,2026-04,up,XGB,0.6390084176945632,,,0.03,4.0,200.0
3,4,2026-04,dn,RF,0.0,0.3,3.0,,,
3,4,2026-04,dn,ET,0.0,0.3,3.0,,,
3,4,2026-04,dn,XGB,0.0,,,0.03,2.0,200.0
3,5,2018-01,reg,RF,-0.33162078152645574,0.8,10.0,,,
3,5,2018-01,reg,ET,-0.35714837336600785,0.8,10.0,,,
3,5,2018-01,reg,XGB,-0.4072831440121201,,,0.03,3.0,200.0
3,5,2018-01,dn,RF,,0.3,3.0,,,
3,5,2018-01,dn,ET,,0.3,3.0,,,
3,5,2018-01,dn,XGB,,,,0.03,2.0,200.0
3,5,2018-04,reg,RF,-0.23529163175671183,0.8,10.0,,,
3,5,2018-04,reg,ET,-0.2560009563227804,0.5,10.0,,,
3,5,2018-04,reg,XGB,-0.35841934232065037,,,0.03,3.0,200.0
3,5,2018-04,dn,RF,0.6446078431372549,0.5,3.0,,,
3,5,2018-04,dn,ET,0.6105339105339106,0.8,3.0,,,
3,5,2018-04,dn,XGB,0.29497495968084203,,,0.03,2.0,400.0
3,5,2018-07,reg,RF,-0.22372315839148293,0.3,10.0,,,
3,5,2018-07,reg,ET,-0.24525259469932373,0.5,10.0,,,
3,5,2018-07,reg,XGB,-0.3503718132187042,,,0.03,3.0,200.0
3,5,2018-07,dn,RF,0.7471210706504824,0.5,3.0,,,
3,5,2018-07,dn,ET,0.7390763997906854,0.5,3.0,,,
3,5,2018-07,dn,XGB,0.4678033467507152,,,0.03,2.0,400.0
3,5,2018-10,reg,RF,-0.2385913758409798,0.3,3.0,,,
3,5,2018-10,reg,ET,-0.24338267956768256,0.8,3.0,,,
3,5,2018-10,reg,XGB,-0.33759883765232673,,,0.03,3.0,200.0
3,5,2018-10,dn,RF,0.8987035382971342,0.3,5.0,,,
3,5,2018-10,dn,ET,0.9244465851608709,0.8,3.0,,,
3,5,2018-10,dn,XGB,0.708278752986991,,,0.03,3.0,400.0
3,5,2019-01,reg,RF,-0.35843771877645003,0.5,5.0,,,
3,5,2019-01,reg,ET,-0.35241664548134594,0.8,3.0,,,
3,5,2019-01,reg,XGB,-0.37316974111555123,,,0.03,3.0,400.0
3,5,2019-01,up,RF,0.03986928104575164,0.8,10.0,,,
3,5,2019-01,up,ET,0.05808080808080809,0.5,10.0,,,
3,5,2019-01,up,XGB,0.061111111111111116,,,0.03,2.0,200.0
3,5,2019-01,dn,RF,0.9237035382971343,0.3,5.0,,,
3,5,2019-01,dn,ET,0.9450091575091575,0.5,5.0,,,
3,5,2019-01,dn,XGB,0.7813125783234479,,,0.03,2.0,200.0
3,5,2019-04,reg,RF,-0.4032635637132353,0.8,5.0,,,
3,5,2019-04,reg,ET,-0.4071163077928038,0.8,3.0,,,
3,5,2019-04,reg,XGB,-0.40062662202216376,,,0.03,3.0,200.0
3,5,2019-04,up,RF,0.23431372549019605,0.8,10.0,,,
3,5,2019-04,up,ET,0.29084967320261434,0.5,3.0,,,
3,5,2019-04,up,XGB,0.33189033189033185,,,0.03,2.0,400.0
3,5,2019-04,dn,RF,0.9395699102478631,0.5,5.0,,,
3,5,2019-04,dn,ET,0.8445207570207569,0.3,3.0,,,
3,5,2019-04,dn,XGB,0.9109039812844161,,,0.03,2.0,400.0
3,5,2019-07,reg,RF,-0.37899708502710805,0.8,5.0,,,
3,5,2019-07,reg,ET,-0.3628233140281996,0.3,3.0,,,
3,5,2019-07,reg,XGB,-0.3306679756828817,,,0.1,3.0,400.0
3,5,2019-07,up,RF,0.23431372549019605,0.8,10.0,,,
3,5,2019-07,up,ET,0.29084967320261434,0.5,3.0,,,
3,5,2019-07,up,XGB,0.33189033189033185,,,0.03,2.0,400.0
3,5,2019-07,dn,RF,0.8488924717639889,0.5,5.0,,,
3,5,2019-07,dn,ET,0.7227998509345258,0.3,10.0,,,
3,5,2019-07,dn,XGB,0.8860445718998351,,,0.1,3.0,400.0
3,5,2019-10,reg,RF,-0.2790944546746295,0.3,5.0,,,
3,5,2019-10,reg,ET,-0.26239439125704916,0.3,3.0,,,
3,5,2019-10,reg,XGB,-0.25343441060128324,,,0.03,4.0,400.0
3,5,2019-10,up,RF,0.19444444444444442,0.3,3.0,,,
3,5,2019-10,up,ET,0.27777777777777773,0.5,3.0,,,
3,5,2019-10,up,XGB,0.27777777777777773,,,0.03,2.0,400.0
3,5,2019-10,dn,RF,0.8101294011381731,0.5,5.0,,,
3,5,2019-10,dn,ET,0.6765754596185453,0.3,5.0,,,
3,5,2019-10,dn,XGB,0.7743251604362715,,,0.1,3.0,200.0
3,5,2020-01,reg,RF,-0.26187506799775234,0.8,10.0,,,
3,5,2020-01,reg,ET,-0.24370793421076462,0.3,5.0,,,
3,5,2020-01,reg,XGB,-0.22777407664862134,,,0.03,3.0,400.0
3,5,2020-01,up,RF,0.0,0.3,3.0,,,
3,5,2020-01,up,ET,0.0,0.3,3.0,,,
3,5,2020-01,up,XGB,0.0,,,0.03,2.0,200.0
3,5,2020-01,dn,RF,0.5060022293580301,0.3,3.0,,,
3,5,2020-01,dn,ET,0.4635544784027972,0.8,5.0,,,
3,5,2020-01,dn,XGB,0.4409918271029382,,,0.1,3.0,200.0
3,5,2020-04,reg,RF,-0.29531624389039335,0.8,10.0,,,
3,5,2020-04,reg,ET,-0.316906106129681,0.3,5.0,,,
3,5,2020-04,reg,XGB,-0.26506015471893524,,,0.03,3.0,400.0
3,5,2020-04,up,RF,0.3055555555555555,0.3,10.0,,,
3,5,2020-04,up,ET,0.3333333333333333,0.3,3.0,,,
3,5,2020-04,up,XGB,0.3055555555555555,,,0.03,2.0,200.0
3,5,2020-04,dn,RF,0.2596137220320227,0.3,3.0,,,
3,5,2020-04,dn,ET,0.2513798111837328,0.3,5.0,,,
3,5,2020-04,dn,XGB,0.17901362369961404,,,0.1,2.0,400.0
3,5,2020-07,reg,RF,-0.26709817457765445,0.8,10.0,,,
3,5,2020-07,reg,ET,-0.3258782021594691,0.8,5.0,,,
3,5,2020-07,reg,XGB,-0.2597735368369133,,,0.03,3.0,200.0
3,5,2020-07,up,RF,0.6388888888888888,0.3,10.0,,,
3,5,2020-07,up,ET,0.65,0.8,5.0,,,
3,5,2020-07,up,XGB,0.6222222222222221,,,0.03,2.0,200.0
3,5,2020-07,dn,RF,0.0,0.3,3.0,,,
3,5,2020-07,dn,ET,0.0,0.3,3.0,,,
3,5,2020-07,dn,XGB,0.0,,,0.03,2.0,200.0
3,5,2020-10,reg,RF,-0.2723910928052115,0.8,10.0,,,
3,5,2020-10,reg,ET,-0.3391897292062657,0.8,5.0,,,
3,5,2020-10,reg,XGB,-0.2810349847722067,,,0.1,3.0,200.0
3,5,2020-10,up,RF,0.918888888888889,0.5,10.0,,,
3,5,2020-10,up,ET,0.9179012345679012,0.8,5.0,,,
3,5,2020-10,up,XGB,0.8684126984126984,,,0.03,2.0,400.0
3,5,2020-10,dn,RF,0.0,0.3,3.0,,,
3,5,2020-10,dn,ET,0.0,0.3,3.0,,,
3,5,2020-10,dn,XGB,0.0,,,0.03,2.0,200.0
3,5,2021-01,reg,RF,-0.37898772812979614,0.8,5.0,,,
3,5,2021-01,reg,ET,-0.4304047934389053,0.8,5.0,,,
3,5,2021-01,reg,XGB,-0.38876410889916446,,,0.03,2.0,400.0
3,5,2021-01,up,RF,0.904004329004329,0.3,10.0,,,
3,5,2021-01,up,ET,0.8606547619047619,0.8,3.0,,,
3,5,2021-01,up,XGB,0.8678628389154704,,,0.03,2.0,200.0
3,5,2021-01,dn,RF,0.0,0.3,3.0,,,
3,5,2021-01,dn,ET,0.0,0.3,3.0,,,
3,5,2021-01,dn,XGB,0.0,,,0.03,2.0,200.0
3,5,2021-04,reg,RF,-0.6168775137730664,0.8,5.0,,,
3,5,2021-04,reg,ET,-0.668034633562632,0.8,3.0,,,
3,5,2021-04,reg,XGB,-0.5960358827294784,,,0.03,2.0,400.0
3,5,2021-04,up,RF,0.8364716200433405,0.5,10.0,,,
3,5,2021-04,up,ET,0.8139415576295942,0.3,10.0,,,
3,5,2021-04,up,XGB,0.800948649603427,,,0.03,2.0,400.0
3,5,2021-04,dn,RF,0.0,0.3,3.0,,,
3,5,2021-04,dn,ET,0.0,0.3,3.0,,,
3,5,2021-04,dn,XGB,0.0,,,0.03,2.0,200.0
3,5,2021-07,reg,RF,-0.7138928625937923,0.8,5.0,,,
3,5,2021-07,reg,ET,-0.7667955218161274,0.3,5.0,,,
3,5,2021-07,reg,XGB,-0.688255466357758,,,0.03,4.0,400.0
3,5,2021-07,up,RF,0.7721441062864519,0.3,10.0,,,
3,5,2021-07,up,ET,0.7803849965409005,0.3,3.0,,,
3,5,2021-07,up,XGB,0.694913071045344,,,0.03,4.0,400.0
3,5,2021-07,dn,RF,0.0,0.3,3.0,,,
3,5,2021-07,dn,ET,0.0,0.3,3.0,,,
3,5,2021-07,dn,XGB,0.0,,,0.03,2.0,200.0
3,5,2021-10,reg,RF,-0.5944211740530961,0.8,5.0,,,
3,5,2021-10,reg,ET,-0.6086356670699499,0.5,10.0,,,
3,5,2021-10,reg,XGB,-0.596269151748398,,,0.03,4.0,200.0
3,5,2021-10,up,RF,0.7652534804965089,0.3,3.0,,,
3,5,2021-10,up,ET,0.7721092464460533,0.3,5.0,,,
3,5,2021-10,up,XGB,0.7341201219675085,,,0.1,3.0,200.0
3,5,2021-10,dn,RF,0.0,0.3,3.0,,,
3,5,2021-10,dn,ET,0.0,0.3,3.0,,,
3,5,2021-10,dn,XGB,0.0,,,0.03,2.0,200.0
3,5,2022-01,reg,RF,-0.4511503327111532,0.8,3.0,,,
3,5,2022-01,reg,ET,-0.38600011298525555,0.3,10.0,,,
3,5,2022-01,reg,XGB,-0.4010030122557268,,,0.03,4.0,200.0
3,5,2022-01,up,RF,0.8151253980474867,0.3,3.0,,,
3,5,2022-01,up,ET,0.8003684486067314,0.8,10.0,,,
3,5,2022-01,up,XGB,0.7559789563109717,,,0.03,4.0,200.0
3,5,2022-01,dn,RF,0.0,0.3,3.0,,,
3,5,2022-01,dn,ET,0.0,0.3,3.0,,,
3,5,2022-01,dn,XGB,0.0,,,0.03,2.0,200.0
3,5,2022-04,reg,RF,-0.3784129467147064,0.3,5.0,,,
3,5,2022-04,reg,ET,-0.39156380954936565,0.3,10.0,,,
3,5,2022-04,reg,XGB,-0.3746462896835403,,,0.03,4.0,400.0
3,5,2022-04,up,RF,0.9165103690828862,0.3,10.0,,,
3,5,2022-04,up,ET,0.8760098438626874,0.8,5.0,,,
3,5,2022-04,up,XGB,0.8868759747466518,,,0.03,3.0,400.0
3,5,2022-04,dn,RF,0.13333333333333333,0.8,5.0,,,
3,5,2022-04,dn,ET,0.19576719576719573,0.3,5.0,,,
3,5,2022-04,dn,XGB,0.19498910675381262,,,0.1,4.0,400.0
3,5,2022-07,reg,RF,-0.39229001162425897,0.3,10.0,,,
3,5,2022-07,reg,ET,-0.3990342395747432,0.5,3.0,,,
3,5,2022-07,reg,XGB,-0.3814037786445403,,,0.03,4.0,400.0
3,5,2022-07,up,RF,0.8947114073109407,0.3,10.0,,,
3,5,2022-07,up,ET,0.8799678546140307,0.8,10.0,,,
3,5,2022-07,up,XGB,0.8496889157421311,,,0.03,2.0,200.0
3,5,2022-07,dn,RF,0.47222222222222215,0.3,10.0,,,
3,5,2022-07,dn,ET,0.5185185185185185,0.3,5.0,,,
3,5,2022-07,dn,XGB,0.4698412698412698,,,0.03,4.0,400.0
3,5,2022-10,reg,RF,-0.350290247373047,0.3,3.0,,,
3,5,2022-10,reg,ET,-0.32154022349084505,0.5,3.0,,,
3,5,2022-10,reg,XGB,-0.37828674622998254,,,0.03,2.0,200.0
3,5,2022-10,up,RF,0.8733656902284354,0.5,10.0,,,
3,5,2022-10,up,ET,0.856977492887857,0.5,10.0,,,
3,5,2022-10,up,XGB,0.8163333821304836,,,0.03,2.0,200.0
3,5,2022-10,dn,RF,0.8013784461152883,0.8,10.0,,,
3,5,2022-10,dn,ET,0.8398268398268399,0.3,3.0,,,
3,5,2022-10,dn,XGB,0.7552334943639291,,,0.1,4.0,200.0
3,5,2023-01,reg,RF,-0.2992498367550719,0.3,10.0,,,
3,5,2023-01,reg,ET,-0.2734822890217755,0.5,5.0,,,
3,5,2023-01,reg,XGB,-0.3335193525698445,,,0.1,2.0,400.0
3,5,2023-01,up,RF,0.5632486748908317,0.8,10.0,,,
3,5,2023-01,up,ET,0.590323855519934,0.8,10.0,,,
3,5,2023-01,up,XGB,0.5397193238859906,,,0.03,2.0,200.0
3,5,2023-01,dn,RF,0.9826839826839827,0.8,3.0,,,
3,5,2023-01,dn,ET,0.9626984126984127,0.5,3.0,,,
3,5,2023-01,dn,XGB,0.931689342403628,,,0.03,3.0,400.0
3,5,2023-04,reg,RF,-0.35594626401420454,0.3,10.0,,,
3,5,2023-04,reg,ET,-0.3069206441290251,0.3,3.0,,,
3,5,2023-04,reg,XGB,-0.3480514257227196,,,0.1,3.0,400.0
3,5,2023-04,up,RF,0.3070186576314028,0.5,5.0,,,
3,5,2023-04,up,ET,0.29208353375020046,0.8,10.0,,,
3,5,2023-04,up,XGB,0.2967386009052676,,,0.03,3.0,200.0
3,5,2023-04,dn,RF,0.9489898989898989,0.8,5.0,,,
3,5,2023-04,dn,ET,0.9116620463036234,0.5,5.0,,,
3,5,2023-04,dn,XGB,0.8892794661648598,,,0.1,4.0,400.0
3,5,2023-07,reg,RF,-0.3487637004029826,0.3,3.0,,,
3,5,2023-07,reg,ET,-0.32657061015864736,0.5,10.0,,,
3,5,2023-07,reg,XGB,-0.34066675703538934,,,0.03,4.0,400.0
3,5,2023-07,up,RF,0.0,0.3,3.0,,,
3,5,2023-07,up,ET,0.0,0.3,3.0,,,
3,5,2023-07,up,XGB,0.0,,,0.03,2.0,200.0
3,5,2023-07,dn,RF,0.8931963270990186,0.3,10.0,,,
3,5,2023-07,dn,ET,0.8786571770273778,0.8,10.0,,,
3,5,2023-07,dn,XGB,0.9059151239706796,,,0.1,2.0,400.0
3,5,2023-10,reg,RF,-0.3119831030355394,0.3,5.0,,,
3,5,2023-10,reg,ET,-0.2944127128317235,0.8,3.0,,,
3,5,2023-10,reg,XGB,-0.3340584018168596,,,0.03,4.0,200.0
3,5,2023-10,up,RF,0.0,0.3,3.0,,,
3,5,2023-10,up,ET,0.0,0.3,3.0,,,
3,5,2023-10,up,XGB,0.0,,,0.03,2.0,200.0
3,5,2023-10,dn,RF,0.9065703599548441,0.3,5.0,,,
3,5,2023-10,dn,ET,0.9109550531772754,0.8,10.0,,,
3,5,2023-10,dn,XGB,0.9179779233112567,,,0.1,4.0,400.0
3,5,2024-01,reg,RF,-0.26854432639889275,0.5,5.0,,,
3,5,2024-01,reg,ET,-0.276234332370728,0.8,10.0,,,
3,5,2024-01,reg,XGB,-0.3005092927692272,,,0.03,3.0,200.0
3,5,2024-01,up,RF,0.3055555555555555,0.5,10.0,,,
3,5,2024-01,up,ET,0.28703703703703703,0.5,3.0,,,
3,5,2024-01,up,XGB,0.3055555555555555,,,0.03,3.0,200.0
3,5,2024-01,dn,RF,0.6102940269606937,0.3,10.0,,,
3,5,2024-01,dn,ET,0.6040647643072824,0.8,5.0,,,
3,5,2024-01,dn,XGB,0.6040965207631874,,,0.1,3.0,400.0
3,5,2024-04,reg,RF,-0.2440952904605712,0.5,10.0,,,
3,5,2024-04,reg,ET,-0.24286815272231385,0.8,10.0,,,
3,5,2024-04,reg,XGB,-0.2327822047475455,,,0.03,2.0,200.0
3,5,2024-04,up,RF,0.34230769230769226,0.5,3.0,,,
3,5,2024-04,up,ET,0.38095238095238093,0.8,10.0,,,
3,5,2024-04,up,XGB,0.3452380952380952,,,0.03,4.0,200.0
3,5,2024-04,dn,RF,0.19444444444444442,0.3,3.0,,,
3,5,2024-04,dn,ET,0.3333333333333333,0.3,3.0,,,
3,5,2024-04,dn,XGB,0.3333333333333333,,,0.1,3.0,200.0
3,5,2024-07,reg,RF,-0.24798045268399974,0.5,10.0,,,
3,5,2024-07,reg,ET,-0.2558151703820691,0.8,10.0,,,
3,5,2024-07,reg,XGB,-0.24355341370995418,,,0.03,2.0,200.0
3,5,2024-07,up,RF,0.45016339869281047,0.8,5.0,,,
3,5,2024-07,up,ET,0.4217171717171717,0.8,5.0,,,
3,5,2024-07,up,XGB,0.42817460317460315,,,0.03,4.0,200.0
3,5,2024-07,dn,RF,0.2333333333333333,0.3,3.0,,,
3,5,2024-07,dn,ET,0.3333333333333333,0.5,3.0,,,
3,5,2024-07,dn,XGB,0.2031746031746032,,,0.03,2.0,200.0
3,5,2024-10,reg,RF,-0.21931479886112779,0.3,3.0,,,
3,5,2024-10,reg,ET,-0.21076500974915943,0.8,5.0,,,
3,5,2024-10,reg,XGB,-0.22152217394590548,,,0.03,3.0,400.0
3,5,2024-10,up,RF,0.4814814814814814,0.5,10.0,,,
3,5,2024-10,up,ET,0.44945054945054946,0.3,3.0,,,
3,5,2024-10,up,XGB,0.46127450980392154,,,0.1,2.0,200.0
3,5,2024-10,dn,RF,0.412962962962963,0.3,5.0,,,
3,5,2024-10,dn,ET,0.6666666666666666,0.5,10.0,,,
3,5,2024-10,dn,XGB,0.5291005291005291,,,0.03,4.0,200.0
3,5,2025-01,reg,RF,-0.19829637323494845,0.5,3.0,,,
3,5,2025-01,reg,ET,-0.1922035495170913,0.8,3.0,,,
3,5,2025-01,reg,XGB,-0.20159844272283722,,,0.03,4.0,200.0
3,5,2025-01,up,RF,0.7592592592592592,0.8,3.0,,,
3,5,2025-01,up,ET,0.6875,0.3,10.0,,,
3,5,2025-01,up,XGB,0.7277777777777779,,,0.03,3.0,400.0
3,5,2025-01,dn,RF,0.41363636363636364,0.3,3.0,,,
3,5,2025-01,dn,ET,0.6666666666666666,0.5,5.0,,,
3,5,2025-01,dn,XGB,0.48095238095238096,,,0.03,2.0,200.0
3,5,2025-04,reg,RF,-0.1731538028828411,0.3,5.0,,,
3,5,2025-04,reg,ET,-0.173038083458917,0.8,10.0,,,
3,5,2025-04,reg,XGB,-0.17858682725434552,,,0.03,2.0,200.0
3,5,2025-04,up,RF,0.9722222222222222,0.5,3.0,,,
3,5,2025-04,up,ET,0.9722222222222222,0.5,5.0,,,
3,5,2025-04,up,XGB,1.0,,,0.03,4.0,200.0
3,5,2025-04,dn,RF,0.3333333333333333,0.3,3.0,,,
3,5,2025-04,dn,ET,0.3333333333333333,0.3,3.0,,,
3,5,2025-04,dn,XGB,0.3333333333333333,,,0.03,2.0,200.0
3,5,2025-07,reg,RF,-0.15425950882631934,0.3,3.0,,,
3,5,2025-07,reg,ET,-0.14962720954466327,0.3,10.0,,,
3,5,2025-07,reg,XGB,-0.1715846272090029,,,0.03,2.0,200.0
3,5,2025-07,up,RF,0.6666666666666666,0.3,3.0,,,
3,5,2025-07,up,ET,0.6666666666666666,0.3,3.0,,,
3,5,2025-07,up,XGB,0.6666666666666666,,,0.03,2.0,200.0
3,5,2025-07,dn,RF,0.0,0.3,3.0,,,
3,5,2025-07,dn,ET,0.0,0.3,3.0,,,
3,5,2025-07,dn,XGB,0.0,,,0.03,2.0,200.0
3,5,2025-10,reg,RF,-0.14711707577596397,0.3,10.0,,,
3,5,2025-10,reg,ET,-0.1522846624752742,0.5,10.0,,,
3,5,2025-10,reg,XGB,-0.1574185912587814,,,0.03,2.0,200.0
3,5,2025-10,up,RF,0.3333333333333333,0.3,3.0,,,
3,5,2025-10,up,ET,0.3333333333333333,0.3,3.0,,,
3,5,2025-10,up,XGB,0.3333333333333333,,,0.03,2.0,200.0
3,5,2025-10,dn,RF,0.0,0.3,3.0,,,
3,5,2025-10,dn,ET,0.0,0.3,3.0,,,
3,5,2025-10,dn,XGB,0.0,,,0.03,2.0,200.0
3,5,2026-01,reg,RF,-0.20497256378572506,0.5,10.0,,,
3,5,2026-01,reg,ET,-0.19731233147496585,0.8,10.0,,,
3,5,2026-01,reg,XGB,-0.20202332312833696,,,0.03,3.0,200.0
3,5,2026-01,up,RF,0.31059854497354494,0.5,10.0,,,
3,5,2026-01,up,ET,0.2542087542087542,0.8,10.0,,,
3,5,2026-01,up,XGB,0.31059854497354494,,,0.03,4.0,200.0
3,5,2026-01,dn,RF,0.0,0.3,3.0,,,
3,5,2026-01,dn,ET,0.0,0.3,3.0,,,
3,5,2026-01,dn,XGB,0.0,,,0.03,2.0,200.0
3,5,2026-04,reg,RF,-0.2427720337799377,0.8,10.0,,,
3,5,2026-04,reg,ET,-0.2571724191742084,0.8,10.0,,,
3,5,2026-04,reg,XGB,-0.2196094663335273,,,0.1,2.0,400.0
3,5,2026-04,up,RF,0.613240231990232,0.5,10.0,,,
3,5,2026-04,up,ET,0.5268505634577063,0.8,10.0,,,
3,5,2026-04,up,XGB,0.6131893293754749,,,0.03,2.0,200.0
3,5,2026-04,dn,RF,0.0,0.3,3.0,,,
3,5,2026-04,dn,ET,0.0,0.3,3.0,,,
3,5,2026-04,dn,XGB,0.0,,,0.03,2.0,200.0
